1.0	-15.0	-0.0	0.2645522886563278	0.46056733695923496	0.6399823094708408	0.7736648301802466	0.860367991494019	0.9103377846671531	0.9340195844249826	0.9414398473165239	0.9423582939135681	0.0010073508351788455	0.0004130071102579687	0.00015291053319262959	5.407168381380982e-5	1.948814599326507e-5	7.920322036982576e-6	4.135457415305035e-6	3.290619042630957e-6	3.191641509041102e-6
2.0	-15.0	-0.0	0.2645802685945401	0.46074735197741074	0.6401558520422543	0.773863924214421	0.8606510733673824	0.9103107547873661	0.9339448397790571	0.9414532195329167	0.9423527142491301	0.0010643174682194803	0.0004422899122649682	0.0001643026826074171	5.8242716434202697e-5	2.098355722714811e-5	8.160652961307534e-6	4.406216118218847e-6	3.5004816860985303e-6	3.3924624458466634e-6
3.0	-15.0	-0.0	0.26458026859454	0.4607473519774107	0.6401558520422542	0.7738639242144207	0.8606510733673821	0.9103107547873659	0.9339448397790567	0.9414532195329164	0.9423527142491298	0.0010643174682194799	0.00044228991226496816	0.0001643026826074171	5.8242716434202697e-5	2.09835572271481e-5	8.160652961307531e-6	4.4062161182188476e-6	3.5004816860985303e-6	3.3924624458466634e-6
4.0	-15.0	-0.0	0.2645802685945399	0.4607473519774106	0.6401558520422541	0.7738639242144206	0.8606510733673821	0.9103107547873657	0.9339448397790565	0.9414532195329163	0.9423527142491297	0.0010643174682194794	0.00044228991226496773	0.00016430268260741697	5.8242716434202615e-5	2.0983557227148062e-5	8.160652961307504e-6	4.406216118218829e-6	3.5004816860985125e-6	3.392462445846647e-6
5.0	-15.0	-0.0	0.2645522886563278	0.460567336959235	0.639982309470841	0.7736648301802468	0.8603679914940193	0.9103377846671534	0.9340195844249829	0.9414398473165242	0.9423582939135684	0.001007350835178846	0.000413007110257969	0.00015291053319262972	5.4071683813809916e-5	1.948814599326513e-5	7.920322036982613e-6	4.135457415305065e-6	3.2906190426309817e-6	3.1916415090411258e-6
6.0	-15.0	-0.0	0.2645802685945399	0.4607473519774106	0.640155852042254	0.7738639242144206	0.8606510733673821	0.9103107547873657	0.9339448397790565	0.9414532195329163	0.9423527142491297	0.0010643174682194799	0.0004422899122649677	0.0001643026826074169	5.824271643420262e-5	2.098355722714807e-5	8.160652961307504e-6	4.406216118218831e-6	3.5004816860985138e-6	3.3924624458466464e-6
7.0	-15.0	-0.0	0.2645802685945399	0.4607473519774107	0.6401558520422542	0.7738639242144207	0.8606510733673822	0.910310754787366	0.9339448397790568	0.9414532195329165	0.94235271424913	0.0010643174682194796	0.000442289912264968	0.00016430268260741695	5.8242716434202615e-5	2.0983557227148086e-5	8.160652961307504e-6	4.406216118218829e-6	3.5004816860985146e-6	3.392462445846649e-6
8.0	-15.0	-0.0	0.26455228865632757	0.4605673369592348	0.6399823094708407	0.7736648301802466	0.860367991494019	0.9103377846671531	0.9340195844249826	0.9414398473165239	0.9423582939135681	0.0010073508351788447	0.0004130071102579681	0.00015291053319262923	5.407168381380963e-5	1.9488145993264963e-5	7.920322036982505e-6	4.135457415304986e-6	3.2906190426309147e-6	3.191641509041057e-6
9.0	-15.0	-0.0	0.26458026859454004	0.46074735197741085	0.6401558520422543	0.773863924214421	0.8606510733673824	0.9103107547873661	0.9339448397790571	0.9414532195329167	0.9423527142491301	0.001064317468219479	0.00044228991226496784	0.00016430268260741687	5.8242716434202575e-5	2.0983557227148035e-5	8.160652961307489e-6	4.40621611821882e-6	3.5004816860985036e-6	3.3924624458466367e-6
10.0	-15.0	-0.0	0.2645802685945399	0.4607473519774106	0.640155852042254	0.7738639242144206	0.8606510733673821	0.9103107547873657	0.9339448397790565	0.9414532195329163	0.9423527142491297	0.0010643174682194794	0.0004422899122649679	0.00016430268260741692	5.824271643420258e-5	2.098355722714805e-5	8.16065296130749e-6	4.406216118218815e-6	3.500481686098502e-6	3.392462445846635e-6
11.0	-15.0	-0.0	0.2645802685945399	0.4607473519774106	0.6401558520422541	0.7738639242144206	0.8606510733673821	0.9103107547873659	0.9339448397790567	0.9414532195329164	0.9423527142491298	0.0010643174682194794	0.00044228991226496806	0.000164302682607417	5.8242716434202656e-5	2.0983557227148103e-5	8.160652961307516e-6	4.406216118218842e-6	3.5004816860985214e-6	3.3924624458466545e-6
12.0	-15.0	-0.0	0.2645522886563276	0.4605673369592349	0.6399823094708407	0.7736648301802466	0.860367991494019	0.9103377846671531	0.9340195844249826	0.9414398473165239	0.9423582939135681	0.0010073508351788453	0.00041300711025796884	0.00015291053319262967	5.407168381380988e-5	1.9488145993265122e-5	7.920322036982608e-6	4.13545741530506e-6	3.290619042630981e-6	3.191641509041124e-6
13.0	-15.0	-0.0	0.26435092823834194	0.46041766933806416	0.6400351717511199	0.7737610172590044	0.8603332435941756	0.9100677300782911	0.933982210530603	0.9415021629526378	0.9423635663244565	0.0013634047457137147	0.0005775711086384156	0.00021777912928282444	7.74643643012832e-5	2.786815589567437e-5	1.1406619525193279e-5	6.205789498769172e-6	4.82894761794724e-6	4.702218331993279e-6
14.0	-15.0	-0.0	0.264350928238342	0.46041766933806416	0.6400351717511201	0.7737610172590044	0.8603332435941757	0.9100677300782912	0.9339822105306032	0.941502162952638	0.9423635663244566	0.0013634047457137147	0.0005775711086384159	0.00021777912928282436	7.746436430128311e-5	2.7868155895674365e-5	1.1406619525193277e-5	6.205789498769167e-6	4.828947617947237e-6	4.702218331993273e-6
15.0	-15.0	-0.0	0.26450314953164494	0.46065983864304494	0.640089454287235	0.7738363215984657	0.860646371505993	0.9103018637630796	0.9339397892296278	0.9414533857352271	0.9423515118823165	0.0012480469529623749	0.0005319536412119627	0.0002010833740575791	7.205387669222122e-5	2.6104621162388455e-5	1.018278290077157e-5	5.509021100599971e-6	4.376982494210775e-6	4.242087453553087e-6
16.0	-15.0	-0.0	0.26448906632788605	0.46053935140378965	0.6399630341909782	0.7736879567841163	0.8604517267251515	0.910339134325095	0.933983031734211	0.9414388209337391	0.9423536931376428	0.001254661817748973	0.0005343704643243788	0.00020219876016953656	7.246818210364873e-5	2.6303336001374305e-5	1.0477975551631007e-5	5.577041147615827e-6	4.441138020173094e-6	4.305329212397458e-6
17.0	-15.0	-0.0	0.2645667713734987	0.4607452894123815	0.6401542174867012	0.7738647595792618	0.8606488937077892	0.9103149056955663	0.9339466858636633	0.9414527345760879	0.9423527474772568	0.0011664403034119908	0.0004884321438104905	0.0001823149915107704	6.481871171239367e-5	2.3393156724346884e-5	9.110751570554827e-6	4.918948212396146e-6	3.908560410241239e-6	3.7879953837007015e-6
18.0	-15.0	-0.0	0.26450314953164494	0.46065983864304477	0.6400894542872348	0.7738363215984657	0.8606463715059929	0.9103018637630795	0.9339397892296277	0.9414533857352269	0.9423515118823164	0.0012480469529623746	0.0005319536412119627	0.00020108337405757925	7.205387669222123e-5	2.61046211623885e-5	1.0182782900771588e-5	5.5090211005999865e-6	4.376982494210786e-6	4.242087453553097e-6
19.0	-15.0	-0.0	0.26435092823834205	0.4604176693380642	0.6400351717511202	0.7737610172590047	0.8603332435941758	0.9100677300782914	0.9339822105306033	0.9415021629526381	0.9423635663244567	0.001363404745713715	0.0005775711086384157	0.00021777912928282457	7.746436430128317e-5	2.7868155895674386e-5	1.1406619525193305e-5	6.205789498769186e-6	4.8289476179472495e-6	4.702218331993289e-6
20.0	-15.0	-0.0	0.2645031495316449	0.46065983864304477	0.6400894542872348	0.7738363215984657	0.8606463715059929	0.9103018637630795	0.9339397892296277	0.9414533857352269	0.9423515118823164	0.001248046952962375	0.0005319536412119631	0.00020108337405757938	7.205387669222132e-5	2.6104621162388564e-5	1.0182782900771629e-5	5.509021100600016e-6	4.376982494210812e-6	4.242087453553122e-6
21.0	-15.0	-0.0	0.2643509282383418	0.46041766933806383	0.6400351717511197	0.7737610172590039	0.8603332435941753	0.9100677300782908	0.9339822105306027	0.9415021629526376	0.9423635663244562	0.001363404745713713	0.0005775711086384149	0.0002177791292828239	7.746436430128281e-5	2.7868155895674172e-5	1.1406619525193162e-5	6.2057894987690845e-6	4.828947617947161e-6	4.7022183319932e-6
22.0	-15.0	-0.0	0.2645667713734987	0.4607452894123815	0.6401542174867012	0.773864759579262	0.8606488937077893	0.9103149056955664	0.9339466858636635	0.9414527345760881	0.942352747477257	0.001166440303411991	0.0004884321438104905	0.0001823149915107704	6.481871171239373e-5	2.3393156724346897e-5	9.110751570554837e-6	4.918948212396154e-6	3.908560410241245e-6	3.7879953837007087e-6
23.0	-15.0	-0.0	0.26448906632788616	0.46053935140378977	0.6399630341909782	0.7736879567841164	0.8604517267251517	0.9103391343250951	0.9339830317342113	0.9414388209337392	0.9423536931376431	0.0012546618177489725	0.0005343704643243791	0.00020219876016953667	7.246818210364881e-5	2.6303336001374336e-5	1.0477975551631029e-5	5.5770411476158425e-6	4.441138020173107e-6	4.305329212397469e-6
24.0	-15.0	-0.0	0.26435092823834205	0.4604176693380642	0.6400351717511201	0.7737610172590045	0.8603332435941758	0.9100677300782916	0.9339822105306035	0.9415021629526383	0.942363566324457	0.001363404745713715	0.0005775711086384156	0.00021777912928282447	7.746436430128314e-5	2.7868155895674355e-5	1.1406619525193269e-5	6.205789498769168e-6	4.828947617947234e-6	4.702218331993272e-6
25.0	-15.0	-0.0	0.26448906632788605	0.46053935140378977	0.6399630341909783	0.7736879567841166	0.8604517267251518	0.9103391343250952	0.9339830317342114	0.9414388209337395	0.9423536931376434	0.0012546618177489725	0.0005343704643243792	0.00020219876016953702	7.246818210364896e-5	2.6303336001374438e-5	1.0477975551631086e-5	5.577041147615884e-6	4.441138020173143e-6	4.305329212397506e-6
26.0	-15.0	-0.0	0.2645667713734989	0.4607452894123819	0.6401542174867018	0.7738647595792625	0.8606488937077897	0.9103149056955671	0.9339466858636641	0.9414527345760887	0.9423527474772576	0.0011664403034119916	0.0004884321438104908	0.0001823149915107705	6.48187117123937e-5	2.3393156724346918e-5	9.110751570554843e-6	4.9189482123961645e-6	3.9085604102412506e-6	3.7879953837007163e-6
27.0	-15.0	-0.0	0.26456677137349877	0.4607452894123816	0.6401542174867012	0.773864759579262	0.8606488937077892	0.9103149056955663	0.9339466858636633	0.9414527345760879	0.9423527474772568	0.0011664403034119903	0.0004884321438104904	0.00018231499151077023	6.48187117123936e-5	2.3393156724346843e-5	9.110751570554793e-6	4.918948212396129e-6	3.908560410241218e-6	3.7879953837006825e-6
28.0	-15.0	-0.0	0.26448906632788605	0.46053935140378965	0.6399630341909782	0.7736879567841163	0.8604517267251515	0.910339134325095	0.933983031734211	0.9414388209337392	0.9423536931376431	0.0012546618177489723	0.000534370464324379	0.0002021987601695368	7.24681821036488e-5	2.6303336001374336e-5	1.0477975551631032e-5	5.577041147615843e-6	4.441138020173106e-6	4.30532921239747e-6
29.0	-15.0	-0.0	0.2645031495316449	0.4606598386430448	0.6400894542872351	0.7738363215984657	0.8606463715059929	0.9103018637630795	0.9339397892296277	0.9414533857352269	0.9423515118823164	0.0012480469529623749	0.0005319536412119629	0.00020108337405757928	7.20538766922213e-5	2.610462116238851e-5	1.0182782900771595e-5	5.509021100599992e-6	4.376982494210791e-6	4.242087453553103e-6
30.0	-15.0	-0.0	0.2643509282383419	0.460417669338064	0.6400351717511198	0.773761017259004	0.8603332435941754	0.9100677300782909	0.9339822105306028	0.9415021629526377	0.9423635663244563	0.0013634047457137138	0.0005775711086384151	0.00021777912928282395	7.746436430128294e-5	2.7868155895674223e-5	1.1406619525193191e-5	6.205789498769109e-6	4.828947617947182e-6	4.702218331993222e-6
31.0	-15.0	-0.0	0.26448906632788605	0.4605393514037896	0.6399630341909781	0.7736879567841163	0.8604517267251515	0.910339134325095	0.933983031734211	0.9414388209337391	0.9423536931376428	0.0012546618177489725	0.0005343704643243788	0.00020219876016953664	7.246818210364878e-5	2.6303336001374305e-5	1.0477975551631003e-5	5.577041147615828e-6	4.441138020173091e-6	4.305329212397455e-6
32.0	-15.0	-0.0	0.2645031495316449	0.4606598386430448	0.640089454287235	0.7738363215984657	0.8606463715059929	0.9103018637630795	0.9339397892296277	0.9414533857352269	0.9423515118823164	0.001248046952962375	0.0005319536412119628	0.00020108337405757933	7.205387669222132e-5	2.610462116238853e-5	1.0182782900771615e-5	5.509021100600005e-6	4.376982494210801e-6	4.2420874535531105e-6
33.0	-15.0	-0.0	0.2645667713734987	0.4607452894123816	0.6401542174867012	0.773864759579262	0.8606488937077893	0.9103149056955664	0.9339466858636635	0.9414527345760881	0.942352747477257	0.0011664403034119908	0.0004884321438104904	0.00018231499151077034	6.481871171239367e-5	2.339315672434687e-5	9.110751570554817e-6	4.918948212396142e-6	3.908560410241233e-6	3.7879953837006964e-6
34.0	-15.0	-0.0	0.2645667713734987	0.4607452894123815	0.6401542174867012	0.773864759579262	0.8606488937077893	0.9103149056955664	0.9339466858636635	0.9414527345760881	0.942352747477257	0.001166440303411991	0.0004884321438104902	0.0001823149915107704	6.481871171239365e-5	2.339315672434687e-5	9.11075157055481e-6	4.918948212396141e-6	3.908560410241232e-6	3.7879953837006956e-6
35.0	-15.0	-0.0	0.26448906632788616	0.46053935140378977	0.6399630341909783	0.7736879567841164	0.8604517267251517	0.9103391343250951	0.9339830317342113	0.9414388209337393	0.9423536931376432	0.001254661817748973	0.0005343704643243793	0.00020219876016953686	7.246818210364889e-5	2.6303336001374393e-5	1.0477975551631056e-5	5.577041147615865e-6	4.441138020173128e-6	4.3053292123974895e-6
36.0	-15.0	-0.0	0.264350928238342	0.4604176693380642	0.6400351717511201	0.7737610172590045	0.8603332435941758	0.9100677300782916	0.9339822105306035	0.9415021629526383	0.942363566324457	0.0013634047457137147	0.0005775711086384157	0.00021777912928282455	7.746436430128322e-5	2.7868155895674413e-5	1.1406619525193296e-5	6.205789498769189e-6	4.828947617947254e-6	4.702218331993292e-6
37.0	-15.0	-0.0	0.26450314953164494	0.4606598386430448	0.6400894542872351	0.7738363215984657	0.8606463715059929	0.9103018637630795	0.9339397892296277	0.9414533857352269	0.9423515118823164	0.0012480469529623755	0.0005319536412119627	0.00020108337405757925	7.205387669222128e-5	2.6104621162388506e-5	1.0182782900771598e-5	5.50902110059999e-6	4.376982494210787e-6	4.2420874535530995e-6
38.0	-15.0	-0.0	0.2644890663278861	0.46053935140378977	0.6399630341909782	0.7736879567841164	0.8604517267251517	0.9103391343250951	0.9339830317342113	0.9414388209337393	0.9423536931376432	0.0012546618177489734	0.0005343704643243795	0.00020219876016953702	7.246818210364901e-5	2.6303336001374454e-5	1.04779755516311e-5	5.577041147615899e-6	4.441138020173152e-6	4.305329212397517e-6
39.0	-15.0	-0.0	0.26456677137349877	0.4607452894123816	0.6401542174867013	0.773864759579262	0.8606488937077892	0.9103149056955663	0.9339466858636633	0.9414527345760879	0.9423527474772568	0.0011664403034119906	0.0004884321438104902	0.0001823149915107702	6.481871171239362e-5	2.3393156724346863e-5	9.1107515705548e-6	4.918948212396131e-6	3.908560410241224e-6	3.787995383700688e-6
40.0	-15.0	-0.0	0.26450314953164483	0.4606598386430447	0.6400894542872348	0.7738363215984655	0.8606463715059927	0.9103018637630793	0.9339397892296276	0.9414533857352267	0.9423515118823163	0.0012480469529623746	0.0005319536412119627	0.0002010833740575792	7.205387669222123e-5	2.6104621162388496e-5	1.0182782900771586e-5	5.509021100599984e-6	4.376982494210784e-6	4.242087453553094e-6
41.0	-15.0	-0.0	0.26456677137349865	0.4607452894123815	0.6401542174867012	0.7738647595792618	0.8606488937077892	0.9103149056955663	0.9339466858636633	0.9414527345760879	0.9423527474772568	0.0011664403034119908	0.0004884321438104903	0.00018231499151077023	6.481871171239362e-5	2.3393156724346846e-5	9.110751570554804e-6	4.918948212396132e-6	3.908560410241223e-6	3.7879953837006867e-6
42.0	-15.0	-0.0	0.2645031495316449	0.4606598386430448	0.640089454287235	0.7738363215984657	0.8606463715059929	0.9103018637630795	0.9339397892296277	0.9414533857352269	0.9423515118823164	0.001248046952962375	0.0005319536412119628	0.00020108337405757938	7.205387669222134e-5	2.6104621162388547e-5	1.018278290077162e-5	5.509021100600013e-6	4.376982494210807e-6	4.242087453553116e-6
43.0	-15.0	-0.0	0.26448906632788605	0.46053935140378965	0.6399630341909782	0.7736879567841163	0.8604517267251515	0.910339134325095	0.933983031734211	0.9414388209337391	0.9423536931376428	0.001254661817748972	0.0005343704643243792	0.00020219876016953686	7.246818210364886e-5	2.6303336001374377e-5	1.0477975551631049e-5	5.577041147615857e-6	4.44113802017312e-6	4.305329212397484e-6
44.0	-15.0	-0.0	0.264350928238342	0.4604176693380642	0.6400351717511201	0.7737610172590044	0.8603332435941756	0.9100677300782914	0.9339822105306033	0.9415021629526381	0.9423635663244567	0.0013634047457137149	0.0005775711086384158	0.00021777912928282428	7.74643643012831e-5	2.7868155895674355e-5	1.1406619525193272e-5	6.205789498769164e-6	4.828947617947233e-6	4.702218331993269e-6
45.0	-15.0	-0.0	0.26433683231615596	0.46042366196593637	0.6400520637634375	0.7737777914097727	0.8603440024144997	0.910068741010476	0.9339736820799183	0.9415050698238375	0.9423628755782978	0.0014024583152031404	0.0005942387788825861	0.00022403823837937307	7.966144221280992e-5	2.864077593492907e-5	1.171890469562893e-5	6.379980375425465e-6	4.965041430706262e-6	4.835244324757402e-6
46.0	-15.0	-0.0	0.26433683231615596	0.46042366196593654	0.6400520637634375	0.7737777914097728	0.8603440024144999	0.9100687410104761	0.9339736820799184	0.9415050698238376	0.9423628755782979	0.0014024583152031415	0.0005942387788825863	0.0002240382383793733	7.966144221280998e-5	2.8640775934929096e-5	1.1718904695628957e-5	6.379980375425485e-6	4.965041430706283e-6	4.8352443247574196e-6
47.0	-15.0	-0.0	0.2644898027280864	0.4606278664770187	0.640057233852959	0.7738021561982917	0.8606063254238598	0.9103125594426544	0.9339477593973727	0.9414493529430069	0.9423517418368824	0.0012427640870299312	0.0005300048370000959	0.00020049433839365414	7.187786306973561e-5	2.6069187951303247e-5	1.0198732735150529e-5	5.504080756826507e-6	4.3759118407933705e-6	4.2410641975239165e-6
48.0	-15.0	-0.0	0.2644832849617078	0.4605365324321986	0.6399613185798813	0.773685358258145	0.8604453661686998	0.9103408388135308	0.933985611265357	0.9414385452693843	0.942353872716823	0.0012870767551683622	0.0005491363911838156	0.000208005831865451	7.45960462154703e-5	2.708683778943649e-5	1.0807767818863318e-5	5.746826754241284e-6	4.5766272414538525e-6	4.436812838649694e-6
49.0	-15.0	-0.0	0.2644898027280865	0.46062786647701875	0.6400572338529592	0.773802156198292	0.8606063254238601	0.9103125594426548	0.9339477593973731	0.9414493529430072	0.9423517418368826	0.001242764087029932	0.0005300048370000961	0.00020049433839365425	7.187786306973565e-5	2.6069187951303288e-5	1.0198732735150548e-5	5.504080756826522e-6	4.375911840793386e-6	4.241064197523931e-6
50.0	-15.0	-0.0	0.26433683231615596	0.46042366196593637	0.6400520637634374	0.7737777914097727	0.8603440024144997	0.9100687410104761	0.9339736820799183	0.9415050698238375	0.9423628755782978	0.0014024583152031412	0.000594238778882586	0.00022403823837937312	7.96614422128099e-5	2.864077593492908e-5	1.1718904695628928e-5	6.379980375425467e-6	4.965041430706262e-6	4.8352443247574e-6
51.0	-15.0	-0.0	0.2644898027280863	0.46062786647701853	0.6400572338529589	0.7738021561982914	0.8606063254238595	0.9103125594426542	0.9339477593973724	0.9414493529430066	0.9423517418368821	0.0012427640870299307	0.0005300048370000954	0.00020049433839365387	7.187786306973546e-5	2.6069187951303166e-5	1.0198732735150473e-5	5.5040807568264615e-6	4.3759118407933316e-6	4.2410641975238776e-6
52.0	-15.0	-0.0	0.2643368323161559	0.4604236619659364	0.6400520637634375	0.7737777914097727	0.8603440024144997	0.910068741010476	0.9339736820799183	0.9415050698238375	0.9423628755782978	0.0014024583152031417	0.000594238778882586	0.00022403823837937312	7.966144221280994e-5	2.86407759349291e-5	1.1718904695628942e-5	6.379980375425474e-6	4.96504143070627e-6	4.835244324757409e-6
53.0	-15.0	-0.0	0.2644832849617079	0.4605365324321987	0.6399613185798815	0.7736853582581451	0.8604453661687002	0.9103408388135311	0.9339856112653573	0.9414385452693846	0.9423538727168234	0.0012870767551683624	0.0005491363911838158	0.00020800583186545107	7.45960462154704e-5	2.708683778943654e-5	1.0807767818863352e-5	5.746826754241308e-6	4.576627241453872e-6	4.436812838649714e-6
54.0	-15.0	-0.0	0.26448980272808653	0.4606278664770189	0.6400572338529594	0.773802156198292	0.8606063254238601	0.9103125594426548	0.9339477593973731	0.9414493529430072	0.9423517418368826	0.0012427640870299322	0.0005300048370000961	0.0002004943383936544	7.187786306973573e-5	2.6069187951303332e-5	1.0198732735150573e-5	5.5040807568265394e-6	4.375911840793402e-6	4.241064197523946e-6
55.0	-15.0	-0.0	0.264336832316156	0.4604236619659366	0.6400520637634376	0.7737777914097728	0.8603440024144999	0.9100687410104761	0.9339736820799184	0.9415050698238376	0.9423628755782979	0.0014024583152031423	0.0005942387788825865	0.00022403823837937337	7.966144221281003e-5	2.8640775934929136e-5	1.1718904695628966e-5	6.379980375425493e-6	4.965041430706288e-6	4.8352443247574255e-6
56.0	-15.0	-0.0	0.2644832849617079	0.46053653243219883	0.6399613185798816	0.7736853582581453	0.8604453661687003	0.9103408388135312	0.9339856112653574	0.9414385452693848	0.9423538727168235	0.0012870767551683624	0.000549136391183816	0.00020800583186545115	7.45960462154704e-5	2.708683778943656e-5	1.0807767818863359e-5	5.746826754241312e-6	4.576627241453877e-6	4.4368128386497215e-6
57.0	-15.0	-0.0	0.2644832849617078	0.46053653243219866	0.6399613185798813	0.773685358258145	0.8604453661686998	0.9103408388135308	0.933985611265357	0.9414385452693843	0.942353872716823	0.0012870767551683622	0.0005491363911838157	0.0002080058318654509	7.459604621547028e-5	2.708683778943647e-5	1.0807767818863315e-5	5.7468267542412714e-6	4.576627241453844e-6	4.43681283864969e-6
58.0	-15.0	-0.0	0.264336832316156	0.46042366196593676	0.6400520637634379	0.7737777914097731	0.8603440024145003	0.9100687410104765	0.9339736820799189	0.9415050698238381	0.9423628755782983	0.001402458315203143	0.0005942387788825871	0.00022403823837937353	7.966144221281017e-5	2.8640775934929207e-5	1.1718904695629015e-5	6.3799803754255286e-6	4.965041430706322e-6	4.835244324757458e-6
59.0	-15.0	-0.0	0.2644832849617078	0.46053653243219866	0.6399613185798815	0.773685358258145	0.8604453661686998	0.9103408388135308	0.933985611265357	0.9414385452693843	0.942353872716823	0.001287076755168362	0.0005491363911838155	0.000208005831865451	7.459604621547028e-5	2.7086837789436497e-5	1.0807767818863316e-5	5.746826754241283e-6	4.576627241453851e-6	4.436812838649695e-6
60.0	-15.0	-0.0	0.2644898027280864	0.46062786647701875	0.6400572338529592	0.7738021561982918	0.86060632542386	0.9103125594426547	0.9339477593973728	0.941449352943007	0.9423517418368825	0.0012427640870299312	0.0005300048370000959	0.00020049433839365417	7.187786306973564e-5	2.6069187951303278e-5	1.0198732735150536e-5	5.504080756826511e-6	4.375911840793379e-6	4.241064197523925e-6
61.0	-15.0	-0.0	0.2644898027280863	0.46062786647701853	0.6400572338529589	0.7738021561982915	0.8606063254238596	0.9103125594426543	0.9339477593973726	0.9414493529430067	0.9423517418368822	0.0012427640870299312	0.0005300048370000956	0.00020049433839365404	7.187786306973557e-5	2.6069187951303217e-5	1.0198732735150502e-5	5.504080756826487e-6	4.375911840793357e-6	4.241064197523902e-6
62.0	-15.0	-0.0	0.2644832849617079	0.4605365324321987	0.6399613185798814	0.773685358258145	0.8604453661686999	0.9103408388135309	0.9339856112653571	0.9414385452693844	0.9423538727168231	0.0012870767551683617	0.000549136391183816	0.00020800583186545115	7.459604621547038e-5	2.7086837789436547e-5	1.080776781886335e-5	5.746826754241306e-6	4.57662724145387e-6	4.436812838649713e-6
63.0	-15.0	-0.0	0.2643368323161559	0.4604236619659366	0.6400520637634376	0.7737777914097728	0.8603440024144999	0.9100687410104761	0.9339736820799184	0.9415050698238376	0.9423628755782979	0.0014024583152031417	0.0005942387788825867	0.00022403823837937337	7.966144221281013e-5	2.864077593492915e-5	1.1718904695628988e-5	6.379980375425507e-6	4.9650414307063e-6	4.83524432475744e-6
64.0	-15.0	-0.0	0.2644832849617078	0.4605365324321987	0.6399613185798816	0.7736853582581451	0.8604453661687002	0.9103408388135311	0.9339856112653573	0.9414385452693846	0.9423538727168234	0.0012870767551683624	0.000549136391183816	0.00020800583186545124	7.459604621547044e-5	2.7086837789436578e-5	1.0807767818863374e-5	5.746826754241321e-6	4.576627241453887e-6	4.43681283864973e-6
65.0	-15.0	-0.0	0.26448328496170787	0.46053653243219866	0.6399613185798813	0.773685358258145	0.8604453661686999	0.9103408388135309	0.9339856112653571	0.9414385452693844	0.9423538727168231	0.0012870767551683622	0.0005491363911838157	0.000208005831865451	7.459604621547032e-5	2.7086837789436497e-5	1.0807767818863327e-5	5.7468267542412875e-6	4.576627241453855e-6	4.436812838649698e-6
66.0	-15.0	-0.0	0.26433683231615607	0.46042366196593665	0.6400520637634379	0.7737777914097731	0.8603440024145003	0.9100687410104765	0.9339736820799189	0.9415050698238381	0.9423628755782983	0.0014024583152031428	0.0005942387788825868	0.00022403823837937359	7.966144221281016e-5	2.86407759349292e-5	1.1718904695629023e-5	6.379980375425533e-6	4.9650414307063235e-6	4.835244324757462e-6
67.0	-15.0	-0.0	0.26448980272808625	0.4606278664770184	0.6400572338529587	0.7738021561982912	0.8606063254238592	0.9103125594426539	0.933947759397372	0.9414493529430062	0.9423517418368818	0.0012427640870299303	0.0005300048370000951	0.00020049433839365376	7.187786306973545e-5	2.606918795130316e-5	1.0198732735150458e-5	5.50408075682646e-6	4.375911840793331e-6	4.241064197523875e-6
68.0	-15.0	-0.0	0.2644898027280864	0.4606278664770187	0.640057233852959	0.7738021561982917	0.8606063254238598	0.9103125594426544	0.9339477593973726	0.9414493529430069	0.9423517418368824	0.0012427640870299314	0.0005300048370000958	0.00020049433839365412	7.187786306973565e-5	2.606918795130327e-5	1.0198732735150539e-5	5.504080756826516e-6	4.375911840793381e-6	4.241064197523928e-6
69.0	-15.0	-0.0	0.2645945610702154	0.4607320683044152	0.640343323571879	0.7740226220385811	0.8605287079768011	0.9101384283559087	0.9339021444018569	0.9415336393341431	0.9423566719246115	0.001049090417841832	0.0004292445551491203	0.00015904151990634932	5.588259442352439e-5	1.977787313570974e-5	7.98530529955925e-6	4.369335431769249e-6	3.4196866805584476e-6	3.327197772431379e-6
70.0	-15.0	-0.0	0.26459456107021556	0.4607320683044152	0.6403433235718792	0.7740226220385813	0.8605287079768011	0.9101384283559086	0.9339021444018568	0.941533639334143	0.9423566719246114	0.0010490904178418314	0.0004292445551491203	0.00015904151990634924	5.588259442352433e-5	1.977787313570973e-5	7.985305299559228e-6	4.369335431769236e-6	3.419686680558436e-6	3.327197772431367e-6
71.0	-15.0	-0.0	0.2645945610702157	0.4607320683044156	0.6403433235718796	0.7740226220385819	0.860528707976802	0.9101384283559096	0.9339021444018578	0.941533639334144	0.9423566719246125	0.001049090417841833	0.0004292445551491209	0.0001590415199063496	5.5882594423524594e-5	1.9777873135709845e-5	7.9853052995593e-6	4.369335431769295e-6	3.419686680558488e-6	3.327197772431419e-6
72.0	-15.0	-0.0	0.2645945610702157	0.46073206830441554	0.6403433235718795	0.7740226220385817	0.8605287079768019	0.9101384283559095	0.9339021444018577	0.9415336393341439	0.9423566719246124	0.0010490904178418333	0.000429244555149121	0.00015904151990634967	5.588259442352459e-5	1.9777873135709862e-5	7.985305299559312e-6	4.369335431769296e-6	3.419686680558488e-6	3.3271977724314198e-6
73.0	-15.0	-0.0	0.2646625489264239	0.46065871926633617	0.6400542830008735	0.7736918107589525	0.8603344117701842	0.9102426595182882	0.9340480797871555	0.9414473175598058	0.9423637981159165	0.0008948262633102633	0.00036377507386014553	0.0001339810342045962	4.720552670631728e-5	1.6978647181611896e-5	6.91287344125881e-6	3.6273185580206415e-6	2.8785441482276656e-6	2.7938530612615273e-6
74.0	-15.0	-0.0	0.26466608759966037	0.46065765912125056	0.6400695613741888	0.7737022548129127	0.860317668152912	0.9101886029456767	0.9340614040770852	0.941455097093302	0.9423678880962889	0.0009125488725790144	0.00037123597522788844	0.00013673620841386395	4.815125055884271e-5	1.730821432251028e-5	7.056563543475307e-6	3.7230347960017523e-6	2.944804188234807e-6	2.8596793302714267e-6
75.0	-15.0	-0.0	0.2646660875996605	0.46065765912125073	0.640069561374189	0.7737022548129128	0.8603176681529121	0.9101886029456768	0.9340614040770853	0.9414550970933021	0.942367888096289	0.0009125488725790144	0.00037123597522788817	0.00013673620841386384	4.815125055884264e-5	1.7308214322510244e-5	7.056563543475286e-6	3.7230347960017366e-6	2.944804188234793e-6	2.859679330271414e-6
76.0	-15.0	-0.0	0.26466254892642394	0.4606587192663363	0.6400542830008736	0.7736918107589528	0.8603344117701843	0.9102426595182884	0.9340480797871559	0.9414473175598062	0.9423637981159169	0.0008948262633102637	0.0003637750738601454	0.0001339810342045963	4.720552670631732e-5	1.6978647181611927e-5	6.9128734412588304e-6	3.6273185580206555e-6	2.8785441482276766e-6	2.7938530612615383e-6
77.0	-15.0	-0.0	0.264662548926424	0.46065871926633634	0.6400542830008736	0.7736918107589528	0.8603344117701843	0.9102426595182884	0.9340480797871559	0.9414473175598062	0.9423637981159169	0.0008948262633102637	0.0003637750738601457	0.0001339810342045963	4.720552670631733e-5	1.6978647181611933e-5	6.912873441258833e-6	3.627318558020659e-6	2.8785441482276796e-6	2.7938530612615417e-6
78.0	-15.0	-0.0	0.26466608759966037	0.4606576591212506	0.6400695613741888	0.7737022548129127	0.860317668152912	0.9101886029456767	0.9340614040770852	0.941455097093302	0.9423678880962889	0.0009125488725790146	0.0003712359752278885	0.00013673620841386393	4.815125055884269e-5	1.7308214322510285e-5	7.0565635434753065e-6	3.723034796001752e-6	2.944804188234806e-6	2.8596793302714263e-6
79.0	-15.0	-0.0	0.2646660875996606	0.46065765912125095	0.6400695613741894	0.7737022548129131	0.8603176681529124	0.9101886029456772	0.9340614040770856	0.9414550970933024	0.9423678880962894	0.0009125488725790145	0.0003712359752278885	0.00013673620841386393	4.815125055884272e-5	1.7308214322510264e-5	7.0565635434753014e-6	3.7230347960017455e-6	2.9448041882348006e-6	2.8596793302714212e-6
80.0	-15.0	-0.0	0.26466254892642394	0.46065871926633634	0.6400542830008737	0.7736918107589528	0.8603344117701843	0.9102426595182883	0.9340480797871558	0.941447317559806	0.9423637981159168	0.000894826263310264	0.00036377507386014564	0.0001339810342045963	4.7205526706317334e-5	1.697864718161194e-5	6.91287344125884e-6	3.627318558020663e-6	2.8785441482276834e-6	2.7938530612615446e-6
81.0	-15.0	-0.0	0.264662548926424	0.4606587192663363	0.6400542830008737	0.7736918107589528	0.8603344117701843	0.9102426595182884	0.9340480797871559	0.9414473175598062	0.9423637981159169	0.0008948262633102636	0.00036377507386014575	0.00013398103420459627	4.720552670631732e-5	1.697864718161193e-5	6.91287344125883e-6	3.627318558020658e-6	2.8785441482276796e-6	2.7938530612615413e-6
82.0	-15.0	-0.0	0.2646660875996604	0.46065765912125073	0.6400695613741889	0.7737022548129128	0.8603176681529121	0.9101886029456768	0.9340614040770853	0.941455097093302	0.9423678880962889	0.000912548872579014	0.0003712359752278883	0.00013673620841386382	4.815125055884264e-5	1.730821432251024e-5	7.056563543475282e-6	3.7230347960017307e-6	2.9448041882347883e-6	2.8596793302714123e-6
83.0	-15.0	-0.0	0.2646625489264238	0.4606587192663361	0.6400542830008734	0.7736918107589524	0.860334411770184	0.910242659518288	0.9340480797871554	0.9414473175598057	0.9423637981159164	0.000894826263310263	0.00036377507386014526	0.00013398103420459608	4.72055267063172e-5	1.6978647181611855e-5	6.912873441258783e-6	3.6273185580206237e-6	2.878544148227649e-6	2.7938530612615103e-6
84.0	-15.0	-0.0	0.26466608759966054	0.4606576591212508	0.640069561374189	0.773702254812913	0.8603176681529123	0.910188602945677	0.9340614040770854	0.9414550970933023	0.9423678880962892	0.0009125488725790145	0.0003712359752278882	0.00013673620841386382	4.815125055884266e-5	1.7308214322510244e-5	7.05656354347529e-6	3.723034796001739e-6	2.9448041882347955e-6	2.8596793302714187e-6
85.0	-15.0	-0.0	0.2646660875996604	0.46065765912125056	0.6400695613741889	0.7737022548129128	0.8603176681529121	0.9101886029456768	0.9340614040770853	0.9414550970933021	0.942367888096289	0.0009125488725790145	0.0003712359752278885	0.00013673620841386387	4.815125055884268e-5	1.7308214322510268e-5	7.056563543475302e-6	3.7230347960017468e-6	2.9448041882348036e-6	2.859679330271424e-6
86.0	-15.0	-0.0	0.2646660875996605	0.46065765912125056	0.6400695613741889	0.7737022548129128	0.8603176681529121	0.9101886029456768	0.9340614040770853	0.9414550970933021	0.942367888096289	0.0009125488725790144	0.0003712359752278884	0.00013673620841386387	4.815125055884267e-5	1.730821432251026e-5	7.056563543475294e-6	3.723034796001742e-6	2.944804188234797e-6	2.8596793302714183e-6
87.0	-15.0	-0.0	0.26466254892642394	0.4606587192663363	0.6400542830008737	0.7736918107589528	0.8603344117701843	0.9102426595182883	0.9340480797871558	0.941447317559806	0.9423637981159168	0.0008948262633102638	0.00036377507386014575	0.00013398103420459638	4.720552670631734e-5	1.6978647181611954e-5	6.912873441258845e-6	3.6273185580206674e-6	2.878544148227689e-6	2.7938530612615493e-6
88.0	-15.0	-0.0	0.2646625489264238	0.4606587192663361	0.6400542830008735	0.7736918107589525	0.8603344117701842	0.9102426595182882	0.9340480797871555	0.9414473175598058	0.9423637981159165	0.0008948262633102636	0.0003637750738601455	0.0001339810342045962	4.720552670631727e-5	1.6978647181611896e-5	6.912873441258809e-6	3.627318558020642e-6	2.8785441482276656e-6	2.7938530612615273e-6
89.0	-15.0	-0.0	0.26433249093056155	0.4603523151588274	0.6398760660842667	0.7736042758617008	0.8602680488907004	0.9101555159797661	0.9340573587244116	0.9414540908445505	0.9423660810036254	0.0014951541231773254	0.0006325568535316789	0.0002380366099851235	8.482257575205464e-5	3.068704696610393e-5	1.25577515052027e-5	6.647956473393801e-6	5.253437882629324e-6	5.102524872468499e-6
90.0	-15.0	-0.0	0.26433249093056155	0.46035231515882724	0.6398760660842666	0.7736042758617007	0.8602680488907003	0.9101555159797661	0.9340573587244113	0.9414540908445503	0.9423660810036253	0.0014951541231773247	0.000632556853531679	0.0002380366099851234	8.482257575205458e-5	3.0687046966103904e-5	1.2557751505202682e-5	6.647956473393787e-6	5.25343788262931e-6	5.102524872468485e-6
91.0	-15.0	-0.0	0.26448123738327395	0.4605411804613587	0.6400701668589425	0.7737401789975331	0.8603131296859713	0.9100963797136338	0.934061568053173	0.9414809628084471	0.9423704814771547	0.0013505535747292455	0.0005702269532291828	0.0002147094483730571	7.646506682008994e-5	2.760800904594549e-5	1.1315486911429102e-5	6.113805835785731e-6	4.76429860373621e-6	4.634045651233652e-6
92.0	-15.0	-0.0	0.26433249093056144	0.4603523151588272	0.6398760660842665	0.7736042758617007	0.8602680488907003	0.9101555159797659	0.9340573587244113	0.9414540908445503	0.9423660810036253	0.0014951541231773252	0.0006325568535316788	0.00023803660998512354	8.482257575205462e-5	3.0687046966103884e-5	1.255775150520267e-5	6.647956473393778e-6	5.253437882629303e-6	5.10252487246848e-6
93.0	-15.0	-0.0	0.26433249093056155	0.4603523151588274	0.6398760660842667	0.7736042758617008	0.8602680488907004	0.9101555159797661	0.9340573587244116	0.9414540908445505	0.9423660810036254	0.0014951541231773254	0.0006325568535316792	0.00023803660998512373	8.482257575205471e-5	3.0687046966103965e-5	1.2557751505202713e-5	6.647956473393812e-6	5.253437882629336e-6	5.102524872468508e-6
94.0	-15.0	-0.0	0.264481237383274	0.46054118046135883	0.6400701668589426	0.7737401789975331	0.8603131296859713	0.9100963797136338	0.934061568053173	0.9414809628084471	0.9423704814771547	0.0013505535747292462	0.0005702269532291829	0.00021470944837305715	7.646506682008998e-5	2.7608009045945515e-5	1.1315486911429114e-5	6.113805835785744e-6	4.764298603736218e-6	4.634045651233661e-6
95.0	-15.0	-0.0	0.26433249093056144	0.46035231515882713	0.6398760660842664	0.7736042758617003	0.8602680488906999	0.9101555159797654	0.9340573587244109	0.9414540908445499	0.9423660810036248	0.001495154123177324	0.0006325568535316788	0.0002380366099851233	8.482257575205452e-5	3.068704696610382e-5	1.2557751505202633e-5	6.647956473393751e-6	5.2534378826292815e-6	5.102524872468454e-6
96.0	-15.0	-0.0	0.2644812373832738	0.4605411804613585	0.6400701668589422	0.7737401789975329	0.860313129685971	0.9100963797136334	0.9340615680531726	0.9414809628084467	0.9423704814771544	0.001350553574729245	0.0005702269532291825	0.00021470944837305686	7.646506682008977e-5	2.7608009045945397e-5	1.1315486911429039e-5	6.113805835785689e-6	4.764298603736173e-6	4.634045651233615e-6
97.0	-15.0	-0.0	0.2644812373832739	0.4605411804613586	0.6400701668589424	0.7737401789975329	0.860313129685971	0.9100963797136334	0.9340615680531726	0.9414809628084467	0.9423704814771544	0.0013505535747292453	0.0005702269532291828	0.00021470944837305694	7.646506682008986e-5	2.7608009045945447e-5	1.1315486911429068e-5	6.113805835785711e-6	4.76429860373619e-6	4.634045651233634e-6
98.0	-15.0	-0.0	0.26433249093056144	0.46035231515882713	0.6398760660842663	0.7736042758617003	0.8602680488906999	0.9101555159797654	0.9340573587244109	0.9414540908445499	0.9423660810036248	0.0014951541231773243	0.0006325568535316781	0.00023803660998512319	8.482257575205439e-5	3.068704696610377e-5	1.2557751505202601e-5	6.647956473393731e-6	5.253437882629262e-6	5.102524872468437e-6
99.0	-15.0	-0.0	0.2643324909305614	0.46035231515882713	0.6398760660842664	0.7736042758617004	0.8602680488907	0.9101555159797655	0.934057358724411	0.94145409084455	0.942366081003625	0.0014951541231773239	0.0006325568535316788	0.00023803660998512324	8.482257575205443e-5	3.068704696610378e-5	1.255775150520262e-5	6.64795647339374e-6	5.253437882629274e-6	5.1025248724684485e-6
100.0	-15.0	-0.0	0.26448123738327395	0.4605411804613587	0.6400701668589425	0.773740178997533	0.8603131296859711	0.9100963797136337	0.9340615680531729	0.9414809628084468	0.9423704814771546	0.001350553574729246	0.0005702269532291832	0.00021470944837305713	7.646506682008998e-5	2.760800904594549e-5	1.1315486911429102e-5	6.1138058357857365e-6	4.764298603736211e-6	4.634045651233655e-6
101.0	-15.0	-0.0	0.26448123738327384	0.4605411804613586	0.6400701668589421	0.7737401789975329	0.860313129685971	0.9100963797136334	0.9340615680531726	0.9414809628084467	0.9423704814771544	0.001350553574729245	0.0005702269532291827	0.00021470944837305697	7.64650668200899e-5	2.7608009045945437e-5	1.1315486911429063e-5	6.113805835785706e-6	4.7642986037361855e-6	4.6340456512336275e-6
102.0	-15.0	-0.0	0.26448123738327395	0.46054118046135867	0.6400701668589425	0.7737401789975331	0.8603131296859713	0.9100963797136338	0.934061568053173	0.9414809628084471	0.9423704814771547	0.001350553574729246	0.000570226953229183	0.0002147094483730571	7.646506682008997e-5	2.7608009045945522e-5	1.1315486911429117e-5	6.113805835785746e-6	4.764298603736221e-6	4.634045651233664e-6
103.0	-15.0	-0.0	0.264481237383274	0.46054118046135883	0.6400701668589426	0.7737401789975331	0.8603131296859713	0.9100963797136338	0.934061568053173	0.9414809628084471	0.9423704814771547	0.0013505535747292462	0.000570226953229183	0.0002147094483730572	7.646506682009005e-5	2.7608009045945525e-5	1.1315486911429124e-5	6.113805835785751e-6	4.764298603736227e-6	4.634045651233667e-6
104.0	-15.0	-0.0	0.2643324909305614	0.46035231515882713	0.6398760660842663	0.7736042758617003	0.8602680488906999	0.9101555159797654	0.9340573587244109	0.9414540908445499	0.9423660810036248	0.0014951541231773243	0.0006325568535316784	0.00023803660998512324	8.48225757520545e-5	3.0687046966103816e-5	1.2557751505202635e-5	6.647956473393751e-6	5.2534378826292815e-6	5.102524872468458e-6
105.0	-15.0	-0.0	0.2646749975374478	0.46064967593498884	0.6400464936792584	0.7736852058088917	0.860322958550333	0.9102216995793593	0.9340524450776155	0.9414495580069416	0.9423650699018942	0.0008823860003882593	0.0003572880638636635	0.00013123114793504978	4.614579921497283e-5	1.6576499675276553e-5	6.748417126724005e-6	3.5457882575714182e-6	2.8110006911677925e-6	2.728743060105059e-6
106.0	-15.0	-0.0	0.2646749975374477	0.46064967593498884	0.6400464936792584	0.7736852058088917	0.8603229585503329	0.9102216995793592	0.9340524450776153	0.9414495580069416	0.9423650699018942	0.0008823860003882596	0.00035728806386366353	0.00013123114793504973	4.6145799214972786e-5	1.6576499675276533e-5	6.74841712672399e-6	3.5457882575714055e-6	2.8110006911677823e-6	2.72874306010505e-6
107.0	-15.0	-0.0	0.2646749975374478	0.46064967593498884	0.6400464936792583	0.7736852058088917	0.8603229585503329	0.9102216995793592	0.9340524450776153	0.9414495580069416	0.9423650699018942	0.0008823860003882592	0.0003572880638636635	0.0001312311479350497	4.614579921497281e-5	1.6576499675276526e-5	6.748417126723991e-6	3.545788257571408e-6	2.8110006911677823e-6	2.728743060105051e-6
108.0	-15.0	-0.0	0.2646749975374478	0.46064967593498884	0.6400464936792583	0.7736852058088917	0.860322958550333	0.9102216995793593	0.9340524450776155	0.9414495580069416	0.9423650699018942	0.0008823860003882595	0.00035728806386366375	0.00013123114793504978	4.614579921497285e-5	1.6576499675276546e-5	6.748417126724004e-6	3.545788257571417e-6	2.811000691167791e-6	2.7287430601050598e-6
109.0	-15.0	-0.0	0.2646749975374477	0.46064967593498884	0.6400464936792584	0.7736852058088917	0.860322958550333	0.9102216995793593	0.9340524450776155	0.9414495580069416	0.9423650699018942	0.0008823860003882592	0.0003572880638636635	0.00013123114793504967	4.614579921497282e-5	1.6576499675276533e-5	6.748417126723998e-6	3.5457882575714127e-6	2.8110006911677866e-6	2.7287430601050543e-6
110.0	-15.0	-0.0	0.2646749975374478	0.4606496759349889	0.6400464936792583	0.7736852058088917	0.860322958550333	0.9102216995793593	0.9340524450776155	0.9414495580069416	0.9423650699018942	0.0008823860003882594	0.00035728806386366353	0.00013123114793504973	4.614579921497284e-5	1.6576499675276533e-5	6.748417126723996e-6	3.5457882575714085e-6	2.8110006911677853e-6	2.7287430601050534e-6
111.0	-15.0	-0.0	0.2646749975374476	0.46064967593498857	0.6400464936792579	0.7736852058088911	0.8603229585503325	0.9102216995793587	0.9340524450776149	0.941449558006941	0.9423650699018935	0.0008823860003882586	0.00035728806386366315	0.00013123114793504948	4.614579921497269e-5	1.657649967527647e-5	6.7484171267239516e-6	3.545788257571379e-6	2.8110006911677565e-6	2.7287430601050255e-6
112.0	-15.0	-0.0	0.26467499753744783	0.46064967593498896	0.6400464936792586	0.7736852058088918	0.8603229585503332	0.9102216995793595	0.9340524450776156	0.9414495580069417	0.9423650699018943	0.0008823860003882597	0.0003572880638636637	0.00013123114793504978	4.6145799214972854e-5	1.6576499675276563e-5	6.748417126724016e-6	3.545788257571424e-6	2.811000691167798e-6	2.7287430601050653e-6
113.0	-15.0	-0.0	0.26470472184569827	0.4608659266881072	0.6404255128850224	0.7740996832061259	0.860657860028883	0.9102547733646381	0.9339146640550253	0.9414824541771434	0.9423534463140534	0.0008498329887254495	0.0003476668371255935	0.00013007858159148702	4.60056018838183e-5	1.6121776057158908e-5	6.3708600037909705e-6	3.471062463356758e-6	2.746512431148133e-6	2.6625842959554803e-6
114.0	-15.0	-0.0	0.2647047218456981	0.46086592668810705	0.6404255128850221	0.7740996832061255	0.8606578600288827	0.9102547733646379	0.9339146640550252	0.9414824541771433	0.9423534463140532	0.0008498329887254489	0.0003476668371255932	0.00013007858159148672	4.600560188381813e-5	1.612177605715881e-5	6.370860003790907e-6	3.471062463356713e-6	2.7465124311480954e-6	2.6625842959554392e-6
115.0	-15.0	-0.0	0.2647047218456982	0.4608659266881071	0.6404255128850224	0.7740996832061259	0.860657860028883	0.9102547733646382	0.9339146640550254	0.9414824541771435	0.9423534463140535	0.0008498329887254501	0.0003476668371255936	0.0001300785815914871	4.600560188381834e-5	1.6121776057158928e-5	6.3708600037909925e-6	3.471062463356773e-6	2.7465124311481462e-6	2.662584295955492e-6
116.0	-15.0	-0.0	0.26470472184569827	0.4608659266881073	0.6404255128850226	0.7740996832061261	0.8606578600288832	0.9102547733646384	0.9339146640550257	0.9414824541771437	0.9423534463140537	0.0008498329887254497	0.00034766683712559346	0.000130078581591487	4.6005601883818295e-5	1.612177605715889e-5	6.370860003790966e-6	3.4710624633567554e-6	2.7465124311481314e-6	2.662584295955476e-6
117.0	-15.0	-0.0	0.2647047218456981	0.46086592668810705	0.6404255128850223	0.7740996832061258	0.8606578600288829	0.9102547733646379	0.933914664055025	0.941482454177143	0.942353446314053	0.0008498329887254491	0.0003476668371255934	0.00013007858159148683	4.60056018838182e-5	1.612177605715884e-5	6.370860003790935e-6	3.47106246335673e-6	2.7465124311481094e-6	2.6625842959554553e-6
118.0	-15.0	-0.0	0.2647047218456982	0.4608659266881072	0.6404255128850224	0.7740996832061259	0.860657860028883	0.9102547733646381	0.9339146640550253	0.9414824541771434	0.9423534463140534	0.0008498329887254491	0.0003476668371255934	0.00013007858159148685	4.6005601883818214e-5	1.6121776057158857e-5	6.370860003790942e-6	3.4710624633567377e-6	2.746512431148117e-6	2.6625842959554612e-6
119.0	-15.0	-0.0	0.26470472184569827	0.4608659266881072	0.6404255128850225	0.7740996832061259	0.860657860028883	0.9102547733646382	0.9339146640550253	0.9414824541771434	0.9423534463140534	0.0008498329887254492	0.00034766683712559346	0.00013007858159148696	4.600560188381827e-5	1.6121776057158888e-5	6.370860003790954e-6	3.471062463356748e-6	2.746512431148124e-6	2.6625842959554706e-6
120.0	-15.0	-0.0	0.2647047218456981	0.460865926688107	0.6404255128850221	0.7740996832061258	0.8606578600288829	0.9102547733646379	0.933914664055025	0.941482454177143	0.942353446314053	0.0008498329887254491	0.00034766683712559324	0.00013007858159148675	4.6005601883818126e-5	1.6121776057158816e-5	6.370860003790914e-6	3.4710624633567178e-6	2.746512431148099e-6	2.6625842959554447e-6
121.0	-15.0	-0.0	0.26458791745656607	0.4607356563690863	0.640349940225072	0.7740282481908828	0.8605323691986538	0.9101401317445638	0.93390213042699	0.9415336696737436	0.942356617605295	0.0010836156734900966	0.0004447304539010431	0.00016507894733620634	5.805664200050724e-5	2.0555117634051672e-5	8.30012715035821e-6	4.54221763673196e-6	3.5554613860740235e-6	3.4591906928253374e-6
122.0	-15.0	-0.0	0.2645879174565662	0.4607356563690866	0.6403499402250723	0.7740282481908831	0.8605323691986544	0.910140131744564	0.9339021304269903	0.941533669673744	0.9423566176052953	0.0010836156734900977	0.00044473045390104355	0.00016507894733620675	5.80566420005075e-5	2.055511763405182e-5	8.300127150358293e-6	4.542217636732025e-6	3.5554613860740802e-6	3.4591906928253916e-6
123.0	-15.0	-0.0	0.2645879174565661	0.46073565636908653	0.6403499402250722	0.774028248190883	0.8605323691986541	0.9101401317445639	0.9339021304269902	0.9415336696737439	0.9423566176052951	0.0010836156734900973	0.0004447304539010432	0.0001650789473362065	5.8056642000507336e-5	2.0555117634051723e-5	8.300127150358234e-6	4.542217636731978e-6	3.5554613860740413e-6	3.459190692825355e-6
124.0	-15.0	-0.0	0.2645879174565662	0.4607356563690867	0.6403499402250724	0.7740282481908832	0.8605323691986544	0.9101401317445642	0.9339021304269906	0.9415336696737441	0.9423566176052954	0.0010836156734900977	0.0004447304539010435	0.0001650789473362068	5.805664200050749e-5	2.055511763405179e-5	8.300127150358281e-6	4.5422176367320155e-6	3.555461386074073e-6	3.459190692825383e-6
125.0	-15.0	-0.0	0.26449747690327163	0.46073917173374174	0.640242040016466	0.7740116415502162	0.8606623308717247	0.9102653723228159	0.9339170887870369	0.9414738241085739	0.942351362613987	0.0014088956110851676	0.0006048133039598122	0.00023124551016641425	8.325457430985804e-5	2.957959479879498e-5	1.1699915488679425e-5	6.378215209557288e-6	5.05388947009308e-6	4.899243893101518e-6
126.0	-15.0	-0.0	0.26436110478715785	0.4605750085695761	0.6402657363069716	0.7740031323684402	0.8605324783422098	0.9101420751947847	0.9338946366492815	0.9415303664317533	0.9423537145796281	0.0015717084801723882	0.0006720131918534273	0.00025601868426248993	9.122968756383795e-5	3.2486568180270154e-5	1.3144867409060557e-5	7.206984125780892e-6	5.651405007109828e-6	5.495781604937004e-6
127.0	-15.0	-0.0	0.26449747690327163	0.4607391717337419	0.6402420400164662	0.7740116415502163	0.860662330871725	0.9102653723228161	0.933917088787037	0.941473824108574	0.9423513626139871	0.0014088956110851673	0.0006048133039598121	0.00023124551016641428	8.325457430985804e-5	2.9579594798794984e-5	1.1699915488679434e-5	6.378215209557294e-6	5.053889470093083e-6	4.899243893101521e-6
128.0	-15.0	-0.0	0.2643611047871579	0.46057500856957617	0.6402657363069717	0.7740031323684402	0.8605324783422098	0.9101420751947847	0.9338946366492815	0.9415303664317533	0.9423537145796281	0.0015717084801723882	0.0006720131918534274	0.0002560186842624901	9.122968756383806e-5	3.248656818027021e-5	1.314486740906058e-5	7.206984125780913e-6	5.651405007109844e-6	5.4957816049370215e-6
129.0	-15.0	-0.0	0.2643611047871578	0.460575008569576	0.6402657363069714	0.7740031323684399	0.8605324783422095	0.9101420751947845	0.9338946366492812	0.9415303664317529	0.9423537145796278	0.0015717084801723869	0.0006720131918534274	0.00025601868426248993	9.122968756383794e-5	3.2486568180270127e-5	1.3144867409060537e-5	7.2069841257808785e-6	5.651405007109816e-6	5.495781604936991e-6
130.0	-15.0	-0.0	0.26436110478715785	0.46057500856957617	0.6402657363069716	0.7740031323684401	0.8605324783422096	0.9101420751947846	0.9338946366492814	0.9415303664317531	0.9423537145796279	0.0015717084801723882	0.0006720131918534269	0.0002560186842624899	9.122968756383793e-5	3.2486568180270127e-5	1.3144867409060542e-5	7.206984125780884e-6	5.651405007109819e-6	5.495781604936996e-6
131.0	-15.0	-0.0	0.2645593578650625	0.46078801190025814	0.6401963919247327	0.7739200693448243	0.860682158179754	0.9103076614158224	0.933939143537569	0.9414590313526933	0.9423525151768423	0.0013029510633006407	0.0005528106369731167	0.0002083050612979788	7.452889664124251e-5	2.685567555162475e-5	1.0495689702814898e-5	5.687569039713213e-6	4.51651805147166e-6	4.377462307960958e-6
132.0	-15.0	-0.0	0.26449747690327174	0.46073917173374196	0.6402420400164663	0.7740116415502164	0.8606623308717251	0.9102653723228162	0.9339170887870372	0.9414738241085743	0.9423513626139872	0.0014088956110851678	0.0006048133039598122	0.00023124551016641415	8.325457430985802e-5	2.9579594798794977e-5	1.1699915488679432e-5	6.378215209557291e-6	5.053889470093081e-6	4.899243893101517e-6
133.0	-15.0	-0.0	0.2643611047871578	0.46057500856957617	0.6402657363069716	0.7740031323684402	0.8605324783422098	0.9101420751947847	0.9338946366492815	0.9415303664317533	0.9423537145796281	0.001571708480172389	0.0006720131918534273	0.00025601868426249	9.1229687563838e-5	3.2486568180270154e-5	1.3144867409060547e-5	7.206984125780891e-6	5.651405007109828e-6	5.495781604937004e-6
134.0	-15.0	-0.0	0.26449747690327174	0.46073917173374207	0.6402420400164663	0.7740116415502164	0.8606623308717251	0.9102653723228162	0.9339170887870372	0.9414738241085743	0.9423513626139872	0.0014088956110851671	0.0006048133039598125	0.00023124551016641452	8.325457430985819e-5	2.9579594798795065e-5	1.1699915488679481e-5	6.378215209557326e-6	5.053889470093112e-6	4.899243893101548e-6
135.0	-15.0	-0.0	0.26455935786506257	0.46078801190025803	0.6401963919247325	0.773920069344824	0.8606821581797539	0.9103076614158224	0.9339391435375691	0.9414590313526933	0.9423525151768423	0.0013029510633006407	0.0005528106369731168	0.00020830506129797884	7.452889664124258e-5	2.685567555162479e-5	1.0495689702814905e-5	5.687569039713217e-6	4.516518051471668e-6	4.3774623079609646e-6
136.0	-15.0	-0.0	0.2643611047871578	0.4605750085695761	0.6402657363069715	0.7740031323684401	0.8605324783422096	0.9101420751947846	0.9338946366492814	0.9415303664317531	0.9423537145796279	0.001571708480172388	0.000672013191853427	0.0002560186842624898	9.122968756383798e-5	3.248656818027017e-5	1.3144867409060542e-5	7.206984125780893e-6	5.651405007109824e-6	5.495781604937001e-6
137.0	-15.0	-0.0	0.2645593578650626	0.46078801190025803	0.6401963919247327	0.7739200693448244	0.8606821581797542	0.9103076614158225	0.9339391435375691	0.9414590313526934	0.9423525151768424	0.0013029510633006409	0.0005528106369731164	0.00020830506129797878	7.452889664124248e-5	2.685567555162473e-5	1.0495689702814873e-5	5.687569039713195e-6	4.5165180514716485e-6	4.377462307960945e-6
138.0	-15.0	-0.0	0.26449747690327174	0.4607391717337419	0.6402420400164663	0.7740116415502164	0.8606623308717251	0.9102653723228162	0.9339170887870372	0.9414738241085743	0.9423513626139872	0.0014088956110851671	0.0006048133039598123	0.00023124551016641423	8.32545743098581e-5	2.9579594798794998e-5	1.1699915488679442e-5	6.378215209557299e-6	5.0538894700930865e-6	4.899243893101523e-6
139.0	-15.0	-0.0	0.2643611047871579	0.46057500856957617	0.6402657363069716	0.7740031323684402	0.8605324783422098	0.9101420751947847	0.9338946366492815	0.9415303664317533	0.9423537145796281	0.0015717084801723884	0.0006720131918534278	0.00025601868426249004	9.122968756383801e-5	3.248656818027018e-5	1.314486740906056e-5	7.206984125780905e-6	5.651405007109838e-6	5.495781604937013e-6
140.0	-15.0	-0.0	0.2644974769032718	0.46073917173374207	0.6402420400164665	0.7740116415502166	0.8606623308717252	0.9102653723228163	0.9339170887870374	0.9414738241085744	0.9423513626139874	0.0014088956110851671	0.0006048133039598121	0.00023124551016641415	8.325457430985808e-5	2.9579594798794964e-5	1.1699915488679434e-5	6.378215209557288e-6	5.053889470093077e-6	4.899243893101516e-6
141.0	-15.0	-0.0	0.26449747690327174	0.4607391717337419	0.6402420400164662	0.7740116415502163	0.860662330871725	0.9102653723228161	0.933917088787037	0.941473824108574	0.9423513626139871	0.0014088956110851676	0.0006048133039598125	0.00023124551016641442	8.325457430985815e-5	2.957959479879505e-5	1.1699915488679483e-5	6.37821520955732e-6	5.0538894700931085e-6	4.899243893101545e-6
142.0	-15.0	-0.0	0.26455935786506257	0.46078801190025803	0.6401963919247327	0.7739200693448246	0.8606821581797544	0.9103076614158229	0.9339391435375696	0.9414590313526937	0.9423525151768427	0.001302951063300641	0.0005528106369731169	0.00020830506129797908	7.452889664124273e-5	2.6855675551624853e-5	1.0495689702814961e-5	5.68756903971326e-6	4.516518051471703e-6	4.377462307960999e-6
143.0	-15.0	-0.0	0.2643611047871579	0.46057500856957617	0.6402657363069717	0.7740031323684402	0.8605324783422098	0.9101420751947847	0.9338946366492815	0.9415303664317533	0.9423537145796281	0.0015717084801723884	0.0006720131918534277	0.00025601868426249015	9.122968756383809e-5	3.248656818027022e-5	1.3144867409060598e-5	7.206984125780928e-6	5.6514050071098575e-6	5.495781604937035e-6
144.0	-15.0	-0.0	0.26449747690327186	0.4607391717337421	0.6402420400164666	0.7740116415502166	0.8606623308717252	0.9102653723228163	0.9339170887870374	0.9414738241085744	0.9423513626139874	0.0014088956110851678	0.0006048133039598126	0.00023124551016641433	8.32545743098581e-5	2.9579594798795015e-5	1.1699915488679461e-5	6.378215209557304e-6	5.053889470093096e-6	4.8992438931015325e-6
145.0	-15.0	-0.0	0.2647041577418938	0.4607845355566052	0.6403009026033474	0.7739157728679644	0.8604101334946839	0.9100918042001267	0.9339714293121781	0.9415122157078653	0.9423652577892017	0.0010061140875159682	0.00040994568747356873	0.00015122896525896114	5.314812332444735e-5	1.898080895017826e-5	7.739331692503301e-6	4.211220261048988e-6	3.276646797570781e-6	3.191274691004851e-6
146.0	-15.0	-0.0	0.2647041577418937	0.4607845355566052	0.6403009026033472	0.7739157728679643	0.8604101334946838	0.9100918042001265	0.9339714293121779	0.9415122157078651	0.9423652577892013	0.001006114087515968	0.0004099456874735686	0.00015122896525896097	5.314812332444727e-5	1.898080895017822e-5	7.739331692503265e-6	4.211220261048963e-6	3.2766467975707583e-6	3.191274691004827e-6
147.0	-15.0	-0.0	0.26470415774189376	0.46078453555660526	0.6403009026033474	0.7739157728679644	0.860410133494684	0.9100918042001268	0.9339714293121782	0.9415122157078655	0.9423652577892017	0.0010061140875159684	0.00040994568747356884	0.00015122896525896114	5.314812332444737e-5	1.8980808950178255e-5	7.7393316925033e-6	4.211220261048983e-6	3.276646797570776e-6	3.1912746910048446e-6
148.0	-15.0	-0.0	0.2647041577418938	0.4607845355566052	0.6403009026033472	0.7739157728679643	0.8604101334946838	0.9100918042001265	0.9339714293121779	0.9415122157078651	0.9423652577892013	0.0010061140875159678	0.0004099456874735688	0.00015122896525896095	5.314812332444727e-5	1.8980808950178207e-5	7.73933169250327e-6	4.2112202610489646e-6	3.27664679757076e-6	3.191274691004829e-6
149.0	-15.0	-0.0	0.26470415774189376	0.46078453555660526	0.6403009026033473	0.7739157728679644	0.8604101334946839	0.9100918042001267	0.9339714293121781	0.9415122157078653	0.9423652577892017	0.0010061140875159678	0.0004099456874735683	0.00015122896525896092	5.314812332444728e-5	1.8980808950178187e-5	7.739331692503259e-6	4.211220261048952e-6	3.2766467975707485e-6	3.1912746910048192e-6
150.0	-15.0	-0.0	0.2647041577418937	0.46078453555660503	0.640300902603347	0.7739157728679642	0.8604101334946835	0.9100918042001264	0.9339714293121778	0.941512215707865	0.9423652577892011	0.001006114087515968	0.00040994568747356825	0.00015122896525896095	5.31481233244472e-5	1.8980808950178184e-5	7.739331692503254e-6	4.211220261048954e-6	3.2766467975707498e-6	3.191274691004819e-6
151.0	-15.0	-0.0	0.26470415774189376	0.4607845355566052	0.6403009026033472	0.7739157728679643	0.8604101334946838	0.9100918042001265	0.9339714293121779	0.9415122157078651	0.9423652577892014	0.0010061140875159682	0.00040994568747356873	0.00015122896525896108	5.3148123324447334e-5	1.8980808950178245e-5	7.7393316925033e-6	4.211220261048982e-6	3.276646797570777e-6	3.1912746910048446e-6
152.0	-15.0	-0.0	0.26470415774189365	0.46078453555660503	0.640300902603347	0.7739157728679642	0.8604101334946835	0.9100918042001264	0.9339714293121778	0.941512215707865	0.9423652577892011	0.0010061140875159678	0.0004099456874735687	0.000151228965258961	5.314812332444728e-5	1.8980808950178214e-5	7.739331692503276e-6	4.211220261048965e-6	3.2766467975707612e-6	3.191274691004828e-6
153.0	-15.0	-0.0	0.2646867809447099	0.4607468191071257	0.6402531200716095	0.7738736798815721	0.8603836148370447	0.9100900450608156	0.9339946125570838	0.9415045365343907	0.9423670894036515	0.0009433532564362363	0.0003843250212947916	0.00014174275103744752	4.9831059421893124e-5	1.7820133373614845e-5	7.272141704500982e-6	3.949849424651218e-6	3.0722674799751497e-6	2.9914247333507e-6
154.0	-15.0	-0.0	0.26468678094470993	0.4607468191071259	0.6402531200716096	0.7738736798815721	0.8603836148370447	0.9100900450608156	0.9339946125570838	0.9415045365343907	0.9423670894036515	0.0009433532564362365	0.0003843250212947918	0.00014174275103744766	4.983105942189319e-5	1.7820133373614902e-5	7.272141704501015e-6	3.9498494246512425e-6	3.072267479975171e-6	2.9914247333507213e-6
155.0	-15.0	-0.0	0.2646867809447099	0.46074681910712567	0.6402531200716094	0.773873679881572	0.8603836148370445	0.9100900450608154	0.9339946125570836	0.9415045365343905	0.9423670894036514	0.0009433532564362363	0.00038432502129479175	0.0001417427510374474	4.9831059421893077e-5	1.782013337361482e-5	7.272141704500967e-6	3.9498494246512095e-6	3.0722674799751425e-6	2.991424733350694e-6
156.0	-15.0	-0.0	0.2646867809447097	0.4607468191071256	0.6402531200716094	0.773873679881572	0.8603836148370445	0.9100900450608153	0.9339946125570835	0.9415045365343904	0.9423670894036512	0.0009433532564362357	0.0003843250212947913	0.0001417427510374473	4.983105942189298e-5	1.7820133373614763e-5	7.272141704500929e-6	3.949849424651182e-6	3.0722674799751175e-6	2.9914247333506696e-6
157.0	-15.0	-0.0	0.2646867809447099	0.4607468191071257	0.6402531200716095	0.7738736798815721	0.8603836148370447	0.9100900450608156	0.9339946125570838	0.9415045365343907	0.9423670894036515	0.000943353256436236	0.00038432502129479143	0.00014174275103744752	4.983105942189314e-5	1.7820133373614838e-5	7.272141704500976e-6	3.949849424651215e-6	3.0722674799751463e-6	2.9914247333506967e-6
158.0	-15.0	-0.0	0.26468678094471	0.4607468191071259	0.6402531200716096	0.7738736798815722	0.8603836148370448	0.9100900450608157	0.9339946125570839	0.9415045365343908	0.9423670894036518	0.0009433532564362367	0.0003843250212947921	0.00014174275103744755	4.983105942189321e-5	1.7820133373614885e-5	7.2721417045010106e-6	3.949849424651239e-6	3.0722674799751692e-6	2.9914247333507196e-6
159.0	-15.0	-0.0	0.2646867809447098	0.46074681910712567	0.6402531200716094	0.773873679881572	0.8603836148370445	0.9100900450608154	0.9339946125570836	0.9415045365343905	0.9423670894036514	0.000943353256436236	0.0003843250212947916	0.00014174275103744752	4.983105942189313e-5	1.7820133373614855e-5	7.27214170450099e-6	3.949849424651225e-6	3.0722674799751557e-6	2.991424733350705e-6
160.0	-15.0	-0.0	0.26468678094470977	0.4607468191071256	0.6402531200716093	0.773873679881572	0.8603836148370445	0.9100900450608154	0.9339946125570836	0.9415045365343905	0.9423670894036514	0.0009433532564362358	0.00038432502129479175	0.00014174275103744741	4.983105942189307e-5	1.7820133373614818e-5	7.272141704500964e-6	3.949849424651206e-6	3.072267479975138e-6	2.9914247333506904e-6
161.0	-15.0	-0.0	0.264673156732388	0.4606572354726556	0.6400523712190516	0.7736892855402657	0.8603282316212962	0.9102306072819136	0.9340507146861176	0.9414485835095958	0.9423645210301462	0.0009033610333705176	0.0003659113655646299	0.00013442744027173612	4.7281766353441166e-5	1.698819477490614e-5	6.91518137004981e-6	3.630944134047213e-6	2.879736027597437e-6	2.795266072194874e-6
162.0	-15.0	-0.0	0.26467333683106264	0.46065692362265726	0.6400534264295037	0.7736898548040169	0.8603262536047505	0.9102251436552119	0.934052095614305	0.9414492621989055	0.9423648906502645	0.0009219340273056112	0.00037396005057491503	0.00013748167617924368	4.8370707398369075e-5	1.7381533409624784e-5	7.076839842861316e-6	3.717747914432271e-6	2.9477768748490024e-6	2.861455132815551e-6
163.0	-15.0	-0.0	0.2646733368310627	0.46065692362265737	0.6400534264295038	0.7736898548040171	0.8603262536047507	0.9102251436552121	0.9340520956143051	0.9414492621989056	0.9423648906502647	0.0009219340273056111	0.00037396005057491514	0.00013748167617924374	4.837070739836907e-5	1.73815334096248e-5	7.076839842861325e-6	3.717747914432277e-6	2.9477768748490067e-6	2.8614551328155563e-6
164.0	-15.0	-0.0	0.264673156732388	0.4606572354726557	0.6400523712190516	0.7736892855402657	0.8603282316212962	0.9102306072819136	0.9340507146861176	0.9414485835095958	0.9423645210301462	0.000903361033370518	0.00036591136556463023	0.00013442744027173626	4.728176635344123e-5	1.6988194774906186e-5	6.915181370049831e-6	3.630944134047232e-6	2.8797360275974522e-6	2.795266072194888e-6
165.0	-15.0	-0.0	0.26467315673238795	0.4606572354726555	0.6400523712190513	0.7736892855402657	0.860328231621296	0.9102306072819135	0.9340507146861174	0.9414485835095957	0.9423645210301461	0.0009033610333705179	0.0003659113655646301	0.00013442744027173623	4.7281766353441233e-5	1.6988194774906172e-5	6.91518137004983e-6	3.6309441340472264e-6	2.879736027597448e-6	2.7952660721948852e-6
166.0	-15.0	-0.0	0.264673156732388	0.4606572354726557	0.6400523712190516	0.7736892855402657	0.8603282316212962	0.9102306072819136	0.9340507146861176	0.941448583509596	0.9423645210301465	0.0009033610333705182	0.00036591136556463007	0.00013442744027173626	4.728176635344125e-5	1.6988194774906192e-5	6.915181370049844e-6	3.630944134047237e-6	2.879736027597455e-6	2.7952660721948924e-6
167.0	-15.0	-0.0	0.2646733368310628	0.46065692362265753	0.640053426429504	0.7736898548040172	0.860326253604751	0.9102251436552125	0.9340520956143055	0.9414492621989059	0.942364890650265	0.0009219340273056115	0.0003739600505749152	0.00013748167617924376	4.83707073983691e-5	1.7381533409624828e-5	7.07683984286134e-6	3.717747914432288e-6	2.9477768748490177e-6	2.861455132815566e-6
168.0	-15.0	-0.0	0.26467333683106276	0.4606569236226574	0.6400534264295037	0.7736898548040169	0.8603262536047503	0.9102251436552118	0.9340520956143048	0.9414492621989052	0.9423648906502644	0.0009219340273056109	0.00037396005057491487	0.00013748167617924357	4.837070739836902e-5	1.738153340962476e-5	7.076839842861295e-6	3.717747914432258e-6	2.9477768748489893e-6	2.8614551328155406e-6
169.0	-15.0	-0.0	0.26467333683106276	0.46065692362265737	0.6400534264295037	0.7736898548040169	0.8603262536047505	0.9102251436552119	0.934052095614305	0.9414492621989055	0.9423648906502645	0.0009219340273056112	0.0003739600505749152	0.00013748167617924363	4.837070739836905e-5	1.738153340962478e-5	7.076839842861316e-6	3.71774791443227e-6	2.947776874849e-6	2.861455132815549e-6
170.0	-15.0	-0.0	0.26467315673238795	0.4606572354726555	0.6400523712190515	0.7736892855402656	0.8603282316212959	0.9102306072819133	0.9340507146861172	0.9414485835095955	0.942364521030146	0.0009033610333705178	0.00036591136556463	0.00013442744027173612	4.728176635344118e-5	1.6988194774906155e-5	6.915181370049814e-6	3.6309441340472166e-6	2.8797360275974374e-6	2.7952660721948755e-6
171.0	-15.0	-0.0	0.264673156732388	0.4606572354726556	0.6400523712190516	0.7736892855402657	0.860328231621296	0.9102306072819135	0.9340507146861174	0.9414485835095955	0.942364521030146	0.0009033610333705179	0.00036591136556462985	0.00013442744027173612	4.728176635344115e-5	1.6988194774906128e-5	6.9151813700498e-6	3.6309441340472056e-6	2.8797360275974293e-6	2.7952660721948653e-6
172.0	-15.0	-0.0	0.2646733368310626	0.46065692362265726	0.6400534264295036	0.7736898548040168	0.8603262536047501	0.9102251436552117	0.9340520956143047	0.9414492621989051	0.9423648906502642	0.0009219340273056109	0.00037396005057491503	0.0001374816761792437	4.837070739836905e-5	1.7381533409624784e-5	7.076839842861318e-6	3.717747914432273e-6	2.947776874849002e-6	2.861455132815552e-6
173.0	-15.0	-0.0	0.2646733368310626	0.4606569236226572	0.6400534264295035	0.7736898548040165	0.8603262536047501	0.9102251436552117	0.9340520956143047	0.9414492621989051	0.9423648906502642	0.0009219340273056107	0.0003739600505749149	0.00013748167617924352	4.8370707398368994e-5	1.7381533409624754e-5	7.076839842861295e-6	3.7177479144322536e-6	2.9477768748489863e-6	2.861455132815535e-6
174.0	-15.0	-0.0	0.264673156732388	0.4606572354726555	0.6400523712190513	0.7736892855402656	0.8603282316212959	0.9102306072819133	0.9340507146861171	0.9414485835095954	0.9423645210301458	0.0009033610333705176	0.00036591136556462974	0.000134427440271736	4.728176635344111e-5	1.698819477490612e-5	6.915181370049796e-6	3.6309441340472005e-6	2.8797360275974234e-6	2.795266072194862e-6
175.0	-15.0	-0.0	0.26467333683106276	0.4606569236226574	0.6400534264295039	0.7736898548040171	0.8603262536047507	0.9102251436552121	0.9340520956143051	0.9414492621989056	0.9423648906502647	0.0009219340273056115	0.00037396005057491546	0.00013748167617924382	4.8370707398369136e-5	1.7381533409624842e-5	7.076839842861347e-6	3.717747914432294e-6	2.9477768748490207e-6	2.861455132815572e-6
176.0	-15.0	-0.0	0.264673156732388	0.4606572354726557	0.6400523712190516	0.7736892855402657	0.8603282316212962	0.9102306072819136	0.9340507146861176	0.9414485835095958	0.9423645210301462	0.0009033610333705177	0.00036591136556462996	0.0001344274402717361	4.728176635344119e-5	1.698819477490616e-5	6.915181370049818e-6	3.6309441340472158e-6	2.8797360275974395e-6	2.7952660721948742e-6
177.0	-15.0	-0.0	0.26485141460093337	0.460984478087088	0.6405081730157155	0.774140625035692	0.8606686523279493	0.9102534557416422	0.9339143812884589	0.9414875565214968	0.9423546939661036	0.000638223421437151	0.00025325964747453946	9.29509671069284e-5	3.253176698167534e-5	1.1348244987496797e-5	4.480396657377411e-6	2.440175058381742e-6	1.9292269074004556e-6	1.870333501117494e-6
178.0	-15.0	-0.0	0.2648532288543471	0.46098246540741683	0.6405111186368925	0.7741426632391492	0.860661279243653	0.9102424812572932	0.933910775800738	0.9414940675772139	0.9423548876215371	0.0006381218705898962	0.0002529801460355301	9.270545558543655e-5	3.241389001317736e-5	1.1317453037839397e-5	4.479337459909305e-6	2.4418527063160687e-6	1.928977110507706e-6	1.8703206101381891e-6
179.0	-15.0	-0.0	0.26485322885434714	0.4609824654074171	0.6405111186368927	0.7741426632391493	0.8606612792436531	0.9102424812572935	0.9339107758007382	0.9414940675772141	0.9423548876215372	0.0006381218705898964	0.0002529801460355302	9.270545558543667e-5	3.241389001317741e-5	1.1317453037839426e-5	4.479337459909323e-6	2.4418527063160793e-6	1.928977110507715e-6	1.8703206101381976e-6
180.0	-15.0	-0.0	0.264853228854347	0.46098246540741683	0.6405111186368925	0.7741426632391492	0.860661279243653	0.9102424812572932	0.933910775800738	0.9414940675772139	0.9423548876215371	0.0006381218705898966	0.00025298014603553017	9.270545558543659e-5	3.241389001317737e-5	1.1317453037839392e-5	4.479337459909301e-6	2.4418527063160645e-6	1.928977110507703e-6	1.8703206101381855e-6
181.0	-15.0	-0.0	0.2648514146009333	0.4609844780870879	0.6405081730157155	0.774140625035692	0.8606686523279492	0.9102534557416421	0.9339143812884587	0.9414875565214966	0.9423546939661035	0.0006382234214371508	0.00025325964747453946	9.29509671069283e-5	3.2531766981675305e-5	1.134824498749678e-5	4.480396657377407e-6	2.440175058381737e-6	1.9292269074004513e-6	1.8703335011174904e-6
182.0	-15.0	-0.0	0.26485322885434714	0.460982465407417	0.6405111186368926	0.7741426632391493	0.8606612792436531	0.9102424812572935	0.9339107758007382	0.9414940675772141	0.9423548876215372	0.0006381218705898966	0.0002529801460355302	9.27054555854366e-5	3.241389001317738e-5	1.1317453037839402e-5	4.479337459909307e-6	2.4418527063160674e-6	1.928977110507706e-6	1.8703206101381874e-6
183.0	-15.0	-0.0	0.2648532288543469	0.4609824654074166	0.640511118636892	0.7741426632391487	0.8606612792436524	0.9102424812572928	0.9339107758007376	0.9414940675772134	0.9423548876215365	0.0006381218705898959	0.0002529801460355299	9.27054555854365e-5	3.2413890013177316e-5	1.1317453037839362e-5	4.479337459909285e-6	2.4418527063160526e-6	1.928977110507691e-6	1.870320610138175e-6
184.0	-15.0	-0.0	0.2648514146009333	0.460984478087088	0.6405081730157155	0.7741406250356921	0.8606686523279493	0.9102534557416422	0.9339143812884589	0.9414875565214968	0.9423546939661037	0.0006382234214371508	0.0002532596474745394	9.295096710692838e-5	3.253176698167531e-5	1.1348244987496791e-5	4.480396657377411e-6	2.4401750583817403e-6	1.929226907400454e-6	1.870333501117493e-6
185.0	-15.0	-0.0	0.2648532288543471	0.46098246540741694	0.6405111186368925	0.7741426632391492	0.860661279243653	0.9102424812572932	0.933910775800738	0.9414940675772139	0.9423548876215371	0.0006381218705898964	0.0002529801460355302	9.270545558543663e-5	3.241389001317737e-5	1.1317453037839399e-5	4.479337459909307e-6	2.4418527063160674e-6	1.928977110507706e-6	1.870320610138188e-6
186.0	-15.0	-0.0	0.26485322885434726	0.4609824654074171	0.6405111186368927	0.7741426632391495	0.8606612792436534	0.9102424812572938	0.9339107758007384	0.9414940675772143	0.9423548876215375	0.0006381218705898964	0.00025298014603553017	9.270545558543667e-5	3.24138900131774e-5	1.1317453037839412e-5	4.479337459909316e-6	2.441852706316074e-6	1.928977110507711e-6	1.8703206101381938e-6
187.0	-15.0	-0.0	0.2648532288543472	0.4609824654074171	0.6405111186368927	0.7741426632391493	0.8606612792436531	0.9102424812572935	0.9339107758007382	0.9414940675772141	0.9423548876215372	0.0006381218705898965	0.00025298014603553017	9.270545558543666e-5	3.241389001317738e-5	1.131745303783941e-5	4.4793374599093145e-6	2.441852706316073e-6	1.92897711050771e-6	1.8703206101381923e-6
188.0	-15.0	-0.0	0.2648514146009333	0.4609844780870879	0.6405081730157155	0.774140625035692	0.8606686523279492	0.9102534557416421	0.9339143812884587	0.9414875565214966	0.9423546939661036	0.0006382234214371506	0.0002532596474745394	9.295096710692827e-5	3.253176698167529e-5	1.1348244987496768e-5	4.480396657377399e-6	2.4401750583817314e-6	1.929226907400447e-6	1.870333501117486e-6
189.0	-15.0	-0.0	0.2648375682020148	0.4609673976014561	0.640464180698551	0.7740848615300863	0.8606770557615046	0.9102781049956996	0.9339248085998886	0.9414733029988164	0.9423544339770072	0.0005938180565157231	0.00023603447629368213	8.680870493292194e-5	3.0368250029927194e-5	1.0621182341890278e-5	4.166022716202198e-6	2.262339663418968e-6	1.791960456953714e-6	1.7368571957240875e-6
190.0	-15.0	-0.0	0.26483756820201476	0.46096739760145594	0.6404641806985508	0.7740848615300862	0.8606770557615044	0.9102781049956995	0.9339248085998884	0.9414733029988163	0.9423544339770071	0.000593818056515723	0.00023603447629368197	8.680870493292178e-5	3.0368250029927106e-5	1.0621182341890226e-5	4.166022716202165e-6	2.262339663418944e-6	1.7919604569536923e-6	1.7368571957240655e-6
191.0	-15.0	-0.0	0.26486173546712266	0.46090635163390287	0.6404103237836363	0.7740163280271324	0.8604896836136894	0.9101158553535603	0.9339252222477404	0.9415307811101016	0.9423616389455236	0.0006836650553742598	0.00026921832460123017	9.741319117723998e-5	3.3828262579960646e-5	1.1950551257069966e-5	4.836224341481912e-6	2.6384520051839977e-6	2.0569351109730065e-6	2.0033348447824574e-6
192.0	-15.0	-0.0	0.26486173546712266	0.4609063516339029	0.6404103237836363	0.7740163280271324	0.8604896836136894	0.9101158553535603	0.9339252222477405	0.9415307811101018	0.9423616389455239	0.00068366505537426	0.00026921832460123006	9.741319117724e-5	3.3828262579960646e-5	1.195055125706996e-5	4.836224341481911e-6	2.6384520051839977e-6	2.056935110973007e-6	2.003334844782459e-6
1.0	-15.0	-1.0	0.26166459348846066	0.4580509993855466	0.6392785723662143	0.775506621529922	0.8656588720104688	0.9206488977691151	0.9515960508929922	0.967706961672439	0.9743853678140628	0.0043242400057636925	0.0018540492626518412	0.0007015994284447989	0.00024702576374276874	8.442803070201698e-5	2.7892556101917333e-5	9.615353805244703e-6	4.242873509262647e-6	2.415419824120285e-6
2.0	-15.0	-1.0	0.2616917913958839	0.4581500803814699	0.6394529493239802	0.7755960608343934	0.8655324311479073	0.9204379881164753	0.951729876949826	0.9676299756099072	0.9744072656291554	0.004570592416455169	0.001954303849562611	0.0007361275248945046	0.00025717876678754134	8.712025737589304e-5	2.999028175389712e-5	1.0168116734280442e-5	4.33162577143583e-6	2.5053982046788313e-6
3.0	-15.0	-1.0	0.26169179139588394	0.45815008038147004	0.6394529493239802	0.7755960608343934	0.8655324311479076	0.9204379881164755	0.9517298769498262	0.9676299756099073	0.9744072656291555	0.00457059241645517	0.0019543038495626127	0.0007361275248945044	0.0002571787667875414	8.712025737589307e-5	2.999028175389718e-5	1.0168116734280474e-5	4.331625771435852e-6	2.5053982046788525e-6
4.0	-15.0	-1.0	0.26169179139588394	0.45815008038147004	0.6394529493239804	0.7755960608343936	0.8655324311479077	0.9204379881164757	0.9517298769498266	0.9676299756099076	0.9744072656291558	0.00457059241645517	0.0019543038495626118	0.0007361275248945053	0.00025717876678754177	8.71202573758933e-5	2.999028175389727e-5	1.016811673428053e-5	4.3316257714358854e-6	2.5053982046788694e-6
5.0	-15.0	-1.0	0.2616645934884607	0.4580509993855468	0.6392785723662145	0.7755066215299221	0.8656588720104689	0.9206488977691152	0.9515960508929924	0.9677069616724391	0.974385367814063	0.004324240005763697	0.0018540492626518417	0.0007015994284447996	0.0002470257637427692	8.44280307020174e-5	2.7892556101917556e-5	9.615353805244822e-6	4.242873509262725e-6	2.415419824120337e-6
6.0	-15.0	-1.0	0.2616917913958839	0.45815008038147	0.6394529493239802	0.7755960608343935	0.8655324311479076	0.9204379881164755	0.9517298769498262	0.9676299756099073	0.9744072656291555	0.004570592416455169	0.0019543038495626118	0.0007361275248945045	0.0002571787667875413	8.712025737589307e-5	2.999028175389714e-5	1.0168116734280459e-5	4.331625771435844e-6	2.50539820467885e-6
7.0	-15.0	-1.0	0.261691791395884	0.45815008038147015	0.6394529493239804	0.7755960608343938	0.8655324311479079	0.9204379881164757	0.9517298769498266	0.9676299756099076	0.9744072656291558	0.004570592416455171	0.001954303849562612	0.0007361275248945052	0.0002571787667875416	8.712025737589316e-5	2.9990281753897187e-5	1.0168116734280482e-5	4.331625771435855e-6	2.505398204678845e-6
8.0	-15.0	-1.0	0.2616645934884606	0.45805099938554655	0.6392785723662142	0.7755066215299217	0.8656588720104684	0.9206488977691147	0.9515960508929919	0.9677069616724386	0.9743853678140626	0.0043242400057636925	0.0018540492626518395	0.0007015994284447983	0.0002470257637427684	8.44280307020169e-5	2.789255610191727e-5	9.615353805244649e-6	4.242873509262625e-6	2.4154198241202707e-6
9.0	-15.0	-1.0	0.2616917913958839	0.45815008038147	0.6394529493239802	0.7755960608343936	0.8655324311479077	0.9204379881164757	0.9517298769498266	0.9676299756099076	0.9744072656291558	0.004570592416455171	0.0019543038495626118	0.0007361275248945045	0.0002571787667875415	8.712025737589319e-5	2.9990281753897204e-5	1.0168116734280501e-5	4.331625771435864e-6	2.505398204678861e-6
10.0	-15.0	-1.0	0.26169179139588394	0.45815008038147004	0.6394529493239804	0.7755960608343936	0.8655324311479077	0.9204379881164757	0.9517298769498266	0.9676299756099076	0.9744072656291558	0.004570592416455172	0.001954303849562613	0.000736127524894505	0.0002571787667875417	8.712025737589325e-5	2.9990281753897254e-5	1.0168116734280523e-5	4.331625771435874e-6	2.5053982046788618e-6
11.0	-15.0	-1.0	0.261691791395884	0.45815008038147015	0.6394529493239804	0.7755960608343938	0.8655324311479079	0.9204379881164759	0.9517298769498267	0.9676299756099077	0.9744072656291559	0.004570592416455174	0.0019543038495626144	0.0007361275248945056	0.00025717876678754193	8.712025737589346e-5	2.9990281753897353e-5	1.0168116734280586e-5	4.331625771435922e-6	2.5053982046789024e-6
12.0	-15.0	-1.0	0.2616645934884607	0.4580509993855467	0.6392785723662143	0.7755066215299218	0.8656588720104684	0.9206488977691147	0.9515960508929919	0.9677069616724386	0.9743853678140626	0.004324240005763698	0.0018540492626518417	0.0007015994284447998	0.0002470257637427692	8.442803070201738e-5	2.789255610191756e-5	9.615353805244832e-6	4.242873509262736e-6	2.415419824120352e-6
13.0	-15.0	-1.0	0.2607814587985066	0.4570405742796834	0.6386120766659584	0.7752077970947088	0.8656124630236769	0.9210390900322792	0.952736515594123	0.9694412736549815	0.9770385449283876	0.00614705173575484	0.002827572475201657	0.0011149198137799024	0.00040019279375271374	0.00013764864869187063	4.74985887647208e-5	1.5557946761414137e-5	6.476149555565572e-6	3.492710207590585e-6
14.0	-15.0	-1.0	0.2607814587985066	0.45704057427968353	0.6386120766659583	0.7752077970947088	0.8656124630236769	0.9210390900322794	0.9527365155941232	0.9694412736549816	0.9770385449283878	0.006147051735754839	0.0028275724752016584	0.001114919813779902	0.0004001927937527136	0.00013764864869187057	4.7498588764720786e-5	1.5557946761414123e-5	6.4761495555655664e-6	3.4927102075905792e-6
15.0	-15.0	-1.0	0.26006460427316275	0.45620537239480496	0.6379896538563586	0.7748013198812129	0.8652692647212086	0.9205847534736614	0.9521575376970589	0.968497332202599	0.9758139919705393	0.007729427158517606	0.0035628861426020616	0.0014023167141046279	0.0005009154755766263	0.000171135013804172	5.85604089338567e-5	1.8998101065619215e-5	7.508575251839691e-6	3.7759189850282404e-6
16.0	-15.0	-1.0	0.26183755745790893	0.45814263152246476	0.6392854871347612	0.775552047057191	0.8658171761615462	0.9206811513962003	0.9517155943044727	0.9680406587064537	0.9748000123045955	0.004958733116214134	0.002242699745887311	0.0008785180418943982	0.00031590012926719063	0.00010918910126586394	3.5344646554677736e-5	1.2427845131728995e-5	5.381507510023021e-6	2.9686459326324435e-6
17.0	-15.0	-1.0	0.2616845938977432	0.4581674860070355	0.6394781761908178	0.7756281242457187	0.8655843029639992	0.920533032061152	0.9518887541323721	0.967903142167951	0.9748201911475094	0.005107072006136342	0.0022060514381341103	0.0008358974896979847	0.0002929909876871285	9.937814220795771e-5	3.416381273425082e-5	1.1485499194265588e-5	4.82290838562979e-6	2.7383704022510876e-6
18.0	-15.0	-1.0	0.2600646042731627	0.4562053723948051	0.6379896538563586	0.7748013198812129	0.8652692647212084	0.9205847534736613	0.9521575376970587	0.9684973322025989	0.9758139919705392	0.007729427158517598	0.0035628861426020546	0.0014023167141046242	0.0005009154755766242	0.00017113501380417085	5.856040893385601e-5	1.8998101065618805e-5	7.508575251839461e-6	3.7759189850280934e-6
19.0	-15.0	-1.0	0.2607814587985066	0.45704057427968353	0.6386120766659584	0.7752077970947088	0.8656124630236769	0.9210390900322794	0.9527365155941232	0.9694412736549816	0.9770385449283878	0.006147051735754841	0.002827572475201659	0.0011149198137799029	0.0004001927937527143	0.00013764864869187082	4.7498588764720976e-5	1.5557946761414228e-5	6.47614955556563e-6	3.492710207590614e-6
20.0	-15.0	-1.0	0.26006460427316264	0.4562053723948048	0.6379896538563584	0.7748013198812128	0.8652692647212082	0.9205847534736611	0.9521575376970586	0.9684973322025988	0.975813991970539	0.0077294271585176	0.0035628861426020573	0.001402316714104625	0.0005009154755766253	0.0001711350138041712	5.8560408933856255e-5	1.899810106561893e-5	7.50857525183953e-6	3.775918985028133e-6
21.0	-15.0	-1.0	0.2607814587985067	0.4570405742796836	0.6386120766659588	0.7752077970947091	0.8656124630236772	0.9210390900322797	0.9527365155941234	0.9694412736549819	0.9770385449283882	0.006147051735754843	0.0028275724752016593	0.0011149198137799026	0.000400192793752714	0.0001376486486918709	4.7498588764720955e-5	1.5557946761414218e-5	6.476149555565632e-6	3.492710207590625e-6
22.0	-15.0	-1.0	0.2616845938977432	0.4581674860070356	0.6394781761908179	0.775628124245719	0.8655843029639996	0.9205330320611523	0.9518887541323724	0.9679031421679513	0.9748201911475096	0.005107072006136344	0.002206051438134112	0.000835897489697985	0.0002929909876871289	9.937814220795798e-5	3.416381273425097e-5	1.1485499194265673e-5	4.822908385629834e-6	2.738370402251112e-6
23.0	-15.0	-1.0	0.26183755745790893	0.45814263152246476	0.6392854871347613	0.775552047057191	0.8658171761615462	0.9206811513962003	0.9517155943044727	0.9680406587064537	0.9748000123045955	0.004958733116214132	0.00224269974588731	0.0008785180418943983	0.0003159001292671908	0.00010918910126586398	3.5344646554677804e-5	1.2427845131729015e-5	5.381507510023032e-6	2.968645932632449e-6
24.0	-15.0	-1.0	0.2607814587985066	0.4570405742796836	0.6386120766659584	0.7752077970947088	0.8656124630236769	0.9210390900322794	0.9527365155941232	0.9694412736549816	0.9770385449283878	0.006147051735754841	0.002827572475201657	0.0011149198137799022	0.0004001927937527136	0.0001376486486918705	4.749858876472077e-5	1.555794676141411e-5	6.476149555565562e-6	3.4927102075905826e-6
25.0	-15.0	-1.0	0.261837557457909	0.45814263152246476	0.6392854871347614	0.775552047057191	0.8658171761615462	0.9206811513962003	0.9517155943044727	0.9680406587064537	0.9748000123045955	0.0049587331162141346	0.0022426997458873123	0.000878518041894399	0.0003159001292671913	0.00010918910126586424	3.534464655467796e-5	1.2427845131729115e-5	5.381507510023095e-6	2.9686459326324973e-6
26.0	-15.0	-1.0	0.26168459389774323	0.45816748600703566	0.639478176190818	0.7756281242457191	0.8655843029639997	0.9205330320611527	0.9518887541323725	0.9679031421679515	0.9748201911475098	0.005107072006136341	0.002206051438134111	0.000835897489697984	0.00029299098768712856	9.937814220795778e-5	3.416381273425086e-5	1.1485499194265615e-5	4.822908385629795e-6	2.7383704022510838e-6
27.0	-15.0	-1.0	0.26168459389774323	0.4581674860070356	0.639478176190818	0.7756281242457191	0.8655843029639997	0.9205330320611527	0.9518887541323725	0.9679031421679515	0.9748201911475098	0.005107072006136344	0.0022060514381341116	0.0008358974896979847	0.000292990987687129	9.937814220795784e-5	3.416381273425093e-5	1.1485499194265656e-5	4.822908385629823e-6	2.7383704022511075e-6
28.0	-15.0	-1.0	0.2618375574579089	0.4581426315224646	0.6392854871347611	0.7755520470571907	0.8658171761615459	0.9206811513962	0.9517155943044725	0.9680406587064534	0.9748000123045951	0.004958733116214129	0.002242699745887309	0.0008785180418943972	0.00031590012926719014	0.00010918910126586359	3.534464655467758e-5	1.2427845131728895e-5	5.38150751002296e-6	2.968645932632395e-6
29.0	-15.0	-1.0	0.2600646042731627	0.4562053723948048	0.6379896538563585	0.7748013198812129	0.8652692647212084	0.9205847534736614	0.9521575376970589	0.968497332202599	0.9758139919705393	0.007729427158517597	0.003562886142602055	0.0014023167141046231	0.0005009154755766243	0.00017113501380417085	5.85604089338561e-5	1.8998101065618853e-5	7.508575251839469e-6	3.7759189850280858e-6
30.0	-15.0	-1.0	0.26078145879850656	0.4570405742796834	0.6386120766659583	0.7752077970947088	0.8656124630236769	0.9210390900322794	0.9527365155941232	0.9694412736549816	0.9770385449283878	0.006147051735754838	0.002827572475201657	0.0011149198137799013	0.0004001927937527137	0.0001376486486918706	4.749858876472085e-5	1.555794676141416e-5	6.476149555565582e-6	3.4927102075905907e-6
31.0	-15.0	-1.0	0.261837557457909	0.4581426315224648	0.6392854871347615	0.7755520470571913	0.8658171761615463	0.9206811513962004	0.951715594304473	0.9680406587064538	0.9748000123045956	0.004958733116214136	0.002242699745887313	0.0008785180418943994	0.0003159001292671914	0.0001091891012658643	3.534464655467799e-5	1.2427845131729134e-5	5.381507510023113e-6	2.9686459326325164e-6
32.0	-15.0	-1.0	0.26006460427316264	0.4562053723948048	0.6379896538563584	0.7748013198812128	0.8652692647212082	0.9205847534736611	0.9521575376970586	0.9684973322025988	0.975813991970539	0.0077294271585176	0.003562886142602059	0.0014023167141046257	0.0005009154755766259	0.00017113501380417159	5.85604089338564e-5	1.899810106561902e-5	7.50857525183959e-6	3.7759189850281773e-6
33.0	-15.0	-1.0	0.26168459389774323	0.4581674860070356	0.6394781761908179	0.775628124245719	0.8655843029639996	0.9205330320611524	0.9518887541323724	0.9679031421679513	0.9748201911475096	0.005107072006136342	0.00220605143813411	0.0008358974896979836	0.0002929909876871283	9.937814220795762e-5	3.4163812734250774e-5	1.148549919426556e-5	4.822908385629767e-6	2.7383704022510643e-6
34.0	-15.0	-1.0	0.26168459389774323	0.4581674860070355	0.6394781761908178	0.7756281242457188	0.8655843029639994	0.9205330320611523	0.9518887541323722	0.9679031421679511	0.9748201911475095	0.0051070720061363395	0.0022060514381341094	0.0008358974896979833	0.00029299098768712797	9.937814220795751e-5	3.416381273425069e-5	1.1485499194265508e-5	4.8229083856297294e-6	2.7383704022510334e-6
35.0	-15.0	-1.0	0.261837557457909	0.4581426315224648	0.6392854871347615	0.7755520470571913	0.8658171761615463	0.9206811513962004	0.951715594304473	0.9680406587064538	0.9748000123045956	0.0049587331162141346	0.0022426997458873123	0.0008785180418943991	0.0003159001292671912	0.00010918910126586427	3.5344646554677946e-5	1.2427845131729115e-5	5.381507510023095e-6	2.9686459326325e-6
36.0	-15.0	-1.0	0.2607814587985067	0.45704057427968375	0.6386120766659588	0.7752077970947091	0.8656124630236772	0.9210390900322797	0.9527365155941234	0.9694412736549819	0.9770385449283882	0.006147051735754845	0.0028275724752016614	0.0011149198137799035	0.0004001927937527146	0.0001376486486918712	4.749858876472119e-5	1.5557946761414347e-5	6.476149555565705e-6	3.492710207590684e-6
37.0	-15.0	-1.0	0.2600646042731626	0.45620537239480474	0.6379896538563582	0.7748013198812127	0.8652692647212081	0.920584753473661	0.9521575376970585	0.9684973322025986	0.9758139919705389	0.007729427158517591	0.003562886142602053	0.001402316714104622	0.0005009154755766237	0.00017113501380417037	5.856040893385579e-5	1.899810106561866e-5	7.50857525183936e-6	3.7759189850280167e-6
38.0	-15.0	-1.0	0.261837557457909	0.45814263152246476	0.6392854871347613	0.775552047057191	0.8658171761615462	0.9206811513962003	0.9517155943044727	0.9680406587064537	0.9748000123045955	0.004958733116214133	0.0022426997458873115	0.0008785180418943985	0.00031590012926719074	0.00010918910126586395	3.534464655467778e-5	1.2427845131729002e-5	5.381507510023035e-6	2.9686459326324503e-6
39.0	-15.0	-1.0	0.2616845938977433	0.45816748600703566	0.639478176190818	0.775628124245719	0.8655843029639996	0.9205330320611524	0.9518887541323724	0.9679031421679513	0.9748201911475096	0.00510707200613634	0.0022060514381341116	0.0008358974896979837	0.0002929909876871284	9.93781422079576e-5	3.4163812734250754e-5	1.1485499194265556e-5	4.822908385629761e-6	2.7383704022510588e-6
40.0	-15.0	-1.0	0.2600646042731627	0.4562053723948048	0.6379896538563584	0.7748013198812128	0.8652692647212081	0.9205847534736613	0.9521575376970587	0.9684973322025989	0.9758139919705392	0.007729427158517599	0.003562886142602057	0.0014023167141046248	0.0005009154755766251	0.00017113501380417126	5.856040893385625e-5	1.8998101065618948e-5	7.508575251839542e-6	3.775918985028147e-6
41.0	-15.0	-1.0	0.26168459389774335	0.4581674860070358	0.6394781761908181	0.7756281242457194	0.8655843029639998	0.9205330320611527	0.9518887541323726	0.9679031421679516	0.97482019114751	0.005107072006136347	0.002206051438134113	0.000835897489697986	0.0002929909876871292	9.937814220795816e-5	3.416381273425106e-5	1.1485499194265725e-5	4.822908385629872e-6	2.738370402251143e-6
42.0	-15.0	-1.0	0.2600646042731627	0.4562053723948049	0.6379896538563585	0.7748013198812129	0.8652692647212084	0.9205847534736614	0.9521575376970589	0.968497332202599	0.9758139919705393	0.0077294271585176	0.003562886142602057	0.0014023167141046242	0.0005009154755766254	0.00017113501380417131	5.856040893385634e-5	1.8998101065618995e-5	7.508575251839565e-6	3.7759189850281595e-6
43.0	-15.0	-1.0	0.26183755745790893	0.45814263152246476	0.6392854871347613	0.775552047057191	0.8658171761615462	0.9206811513962003	0.9517155943044727	0.9680406587064537	0.9748000123045955	0.0049587331162141346	0.0022426997458873115	0.0008785180418943988	0.00031590012926719095	0.00010918910126586414	3.534464655467785e-5	1.2427845131729052e-5	5.381507510023065e-6	2.9686459326324727e-6
44.0	-15.0	-1.0	0.2607814587985066	0.45704057427968353	0.6386120766659584	0.7752077970947088	0.8656124630236769	0.9210390900322794	0.9527365155941232	0.9694412736549816	0.9770385449283878	0.006147051735754841	0.002827572475201656	0.0011149198137799013	0.00040019279375271303	0.00013764864869187017	4.749858876472058e-5	1.5557946761413998e-5	6.476149555565494e-6	3.4927102075905292e-6
45.0	-15.0	-1.0	0.2608003474019692	0.4570612828557739	0.6386341845241841	0.7752224526940861	0.8656126591923451	0.9210193938609497	0.9527449841349207	0.9694381358706473	0.9770400194423662	0.006339227201504561	0.002911211336633547	0.0011462040153041703	0.0004108619601160387	0.00014115361553679784	4.8682318914028296e-5	1.5974445889054188e-5	6.625984858567872e-6	3.573948911418425e-6
46.0	-15.0	-1.0	0.2608003474019692	0.45706128285577385	0.6386341845241839	0.7752224526940859	0.865612659192345	0.9210193938609496	0.9527449841349205	0.9694381358706472	0.9770400194423661	0.006339227201504556	0.0029112113366335443	0.0011462040153041688	0.0004108619601160377	0.0001411536155367973	4.8682318914028004e-5	1.5974445889054022e-5	6.625984858567778e-6	3.5739489114183672e-6
47.0	-15.0	-1.0	0.2600257927640453	0.45610892018543403	0.6378144441998229	0.7747134831067801	0.8653918024702901	0.9207665153727287	0.9520389564715143	0.968581566942342	0.975801492986899	0.007743509721484426	0.003573980408830764	0.0014104183339616128	0.0005070910885209323	0.0001745638773395313	5.7348284914201356e-5	1.903048588268701e-5	7.738351063873638e-6	3.7988773886149585e-6
48.0	-15.0	-1.0	0.26183464333908674	0.4581433092382981	0.6392844022750174	0.7755450828135274	0.8658012103261443	0.920687302840762	0.9517184843710518	0.9680332911032913	0.9747996395159381	0.005046529039534765	0.002282816500934631	0.0008940824678572541	0.00032145400799452094	0.00011111659080539855	3.605612758196827e-5	1.2660547775072154e-5	5.493671853413799e-6	3.036633718909982e-6
49.0	-15.0	-1.0	0.2600257927640453	0.45610892018543414	0.6378144441998229	0.7747134831067803	0.8653918024702902	0.9207665153727289	0.9520389564715144	0.9685815669423422	0.9758014929868992	0.007743509721484423	0.0035739804088307644	0.0014104183339616121	0.0005070910885209319	0.0001745638773395312	5.734828491420132e-5	1.903048588268695e-5	7.738351063873599e-6	3.798877388614927e-6
50.0	-15.0	-1.0	0.26080034740196917	0.4570612828557737	0.6386341845241839	0.7752224526940857	0.8656126591923448	0.9210193938609493	0.9527449841349204	0.969438135870647	0.9770400194423657	0.006339227201504555	0.0029112113366335417	0.0011462040153041668	0.0004108619601160368	0.00014115361553679678	4.868231891402771e-5	1.597444588905385e-5	6.6259848585676574e-6	3.5739489114182724e-6
51.0	-15.0	-1.0	0.26002579276404525	0.45610892018543414	0.6378144441998231	0.7747134831067805	0.8653918024702906	0.9207665153727291	0.9520389564715147	0.9685815669423424	0.9758014929868996	0.007743509721484424	0.003573980408830765	0.001410418333961613	0.0005070910885209327	0.00017456387733953146	5.734828491420144e-5	1.9030485882687023e-5	7.73835106387365e-6	3.7988773886149644e-6
52.0	-15.0	-1.0	0.2608003474019694	0.4570612828557742	0.6386341845241844	0.7752224526940863	0.8656126591923454	0.9210193938609501	0.9527449841349211	0.969438135870648	0.9770400194423665	0.006339227201504562	0.0029112113366335473	0.0011462040153041705	0.00041086196011603864	0.00014115361553679776	4.868231891402828e-5	1.5974445889054168e-5	6.625984858567859e-6	3.573948911418414e-6
53.0	-15.0	-1.0	0.26183464333908674	0.4581433092382982	0.6392844022750174	0.7755450828135274	0.8658012103261443	0.920687302840762	0.9517184843710518	0.9680332911032913	0.9747996395159381	0.005046529039534766	0.0022828165009346323	0.0008940824678572546	0.0003214540079945213	0.0001111165908053986	3.605612758196836e-5	1.266054777507221e-5	5.493671853413833e-6	3.036633718910002e-6
54.0	-15.0	-1.0	0.2600257927640453	0.4561089201854342	0.6378144441998232	0.7747134831067805	0.8653918024702905	0.920766515372729	0.9520389564715146	0.9685815669423423	0.9758014929868993	0.007743509721484427	0.003573980408830766	0.001410418333961613	0.0005070910885209328	0.00017456387733953154	5.734828491420152e-5	1.9030485882687067e-5	7.738351063873667e-6	3.7988773886149687e-6
55.0	-15.0	-1.0	0.2608003474019692	0.4570612828557739	0.638634184524184	0.7752224526940861	0.8656126591923451	0.9210193938609497	0.9527449841349207	0.9694381358706474	0.9770400194423661	0.006339227201504558	0.0029112113366335478	0.001146204015304169	0.0004108619601160382	0.0001411536155367975	4.8682318914028106e-5	1.597444588905407e-5	6.625984858567803e-6	3.573948911418375e-6
56.0	-15.0	-1.0	0.2618346433390867	0.4581433092382981	0.6392844022750174	0.7755450828135274	0.8658012103261443	0.920687302840762	0.9517184843710518	0.9680332911032913	0.9747996395159381	0.005046529039534765	0.002282816500934632	0.0008940824678572551	0.00032145400799452154	0.00011111659080539884	3.605612758196847e-5	1.2660547775072283e-5	5.493671853413871e-6	3.036633718910032e-6
57.0	-15.0	-1.0	0.2618346433390868	0.4581433092382982	0.6392844022750174	0.7755450828135274	0.8658012103261443	0.920687302840762	0.9517184843710518	0.9680332911032913	0.9747996395159381	0.0050465290395347645	0.002282816500934632	0.0008940824678572546	0.00032145400799452116	0.00011111659080539858	3.6056127581968314e-5	1.2660547775072166e-5	5.4936718534138085e-6	3.0366337189099806e-6
58.0	-15.0	-1.0	0.2608003474019692	0.4570612828557739	0.6386341845241841	0.7752224526940861	0.8656126591923451	0.9210193938609499	0.9527449841349208	0.9694381358706474	0.9770400194423662	0.0063392272015045555	0.0029112113366335443	0.001146204015304169	0.00041086196011603783	0.0001411536155367973	4.868231891402804e-5	1.5974445889054032e-5	6.625984858567773e-6	3.573948911418356e-6
59.0	-15.0	-1.0	0.2618346433390867	0.4581433092382981	0.6392844022750174	0.7755450828135274	0.8658012103261443	0.920687302840762	0.9517184843710518	0.9680332911032913	0.9747996395159381	0.0050465290395347645	0.0022828165009346323	0.0008940824678572543	0.000321454007994521	0.00011111659080539857	3.6056127581968334e-5	1.2660547775072181e-5	5.493671853413814e-6	3.0366337189099882e-6
60.0	-15.0	-1.0	0.2600257927640453	0.45610892018543414	0.6378144441998229	0.7747134831067803	0.8653918024702905	0.920766515372729	0.9520389564715146	0.9685815669423423	0.9758014929868993	0.007743509721484425	0.003573980408830766	0.001410418333961613	0.0005070910885209325	0.00017456387733953167	5.7348284914201546e-5	1.9030485882687097e-5	7.738351063873683e-6	3.798877388614981e-6
61.0	-15.0	-1.0	0.2600257927640452	0.456108920185434	0.6378144441998228	0.7747134831067801	0.8653918024702902	0.9207665153727289	0.9520389564715144	0.9685815669423422	0.9758014929868992	0.007743509721484419	0.0035739804088307623	0.0014104183339616108	0.0005070910885209313	0.00017456387733953083	5.7348284914201045e-5	1.9030485882686813e-5	7.738351063873521e-6	3.798877388614871e-6
62.0	-15.0	-1.0	0.2618346433390867	0.4581433092382981	0.6392844022750174	0.7755450828135274	0.8658012103261443	0.920687302840762	0.9517184843710518	0.9680332911032913	0.9747996395159381	0.0050465290395347645	0.0022828165009346323	0.0008940824678572548	0.00032145400799452143	0.00011111659080539872	3.6056127581968395e-5	1.266054777507224e-5	5.4936718534138475e-6	3.03663371891001e-6
63.0	-15.0	-1.0	0.2608003474019694	0.4570612828557742	0.6386341845241844	0.7752224526940863	0.8656126591923454	0.9210193938609501	0.9527449841349211	0.9694381358706478	0.9770400194423665	0.006339227201504561	0.0029112113366335456	0.0011462040153041692	0.0004108619601160382	0.00014115361553679738	4.8682318914028045e-5	1.5974445889054032e-5	6.625984858567783e-6	3.573948911418369e-6
64.0	-15.0	-1.0	0.26183464333908674	0.4581433092382982	0.6392844022750176	0.7755450828135277	0.8658012103261445	0.9206873028407623	0.9517184843710521	0.9680332911032916	0.9747996395159384	0.005046529039534765	0.0022828165009346323	0.0008940824678572554	0.00032145400799452175	0.0001111165908053989	3.605612758196848e-5	1.266054777507229e-5	5.493671853413876e-6	3.0366337189100327e-6
65.0	-15.0	-1.0	0.26183464333908674	0.4581433092382981	0.6392844022750174	0.7755450828135273	0.8658012103261441	0.9206873028407618	0.9517184843710517	0.9680332911032912	0.974799639515938	0.005046529039534762	0.00228281650093463	0.000894082467857254	0.0003214540079945209	0.00011111659080539842	3.605612758196823e-5	1.266054777507212e-5	5.493671853413781e-6	3.0366337189099666e-6
66.0	-15.0	-1.0	0.2608003474019693	0.4570612828557741	0.6386341845241843	0.7752224526940863	0.8656126591923454	0.9210193938609501	0.9527449841349211	0.9694381358706478	0.9770400194423665	0.0063392272015045615	0.002911211336633548	0.001146204015304171	0.00041086196011603897	0.00014115361553679805	4.868231891402842e-5	1.5974445889054242e-5	6.6259848585679065e-6	3.573948911418446e-6
67.0	-15.0	-1.0	0.26002579276404536	0.4561089201854342	0.6378144441998231	0.7747134831067805	0.8653918024702906	0.9207665153727291	0.9520389564715147	0.9685815669423424	0.9758014929868996	0.007743509721484421	0.003573980408830763	0.0014104183339616124	0.0005070910885209317	0.00017456387733953116	5.734828491420128e-5	1.903048588268692e-5	7.738351063873577e-6	3.7988773886149047e-6
68.0	-15.0	-1.0	0.26002579276404536	0.45610892018543425	0.6378144441998232	0.7747134831067805	0.8653918024702906	0.9207665153727291	0.9520389564715147	0.9685815669423424	0.9758014929868996	0.007743509721484425	0.0035739804088307623	0.0014104183339616126	0.0005070910885209325	0.00017456387733953157	5.734828491420148e-5	1.903048588268706e-5	7.738351063873658e-6	3.7988773886149627e-6
69.0	-15.0	-1.0	0.2616595170086868	0.4580504113838001	0.6393032076682112	0.7754924172376746	0.865554154980421	0.9206471774363499	0.9516474205941782	0.967654786272454	0.9743891414647995	0.004627118102950919	0.0019805417079266506	0.0007468860731648211	0.00026176908477233425	8.908021162729978e-5	3.0634649970759226e-5	1.0085326407527467e-5	4.3665373987986275e-6	2.443484396167632e-6
70.0	-15.0	-1.0	0.2616595170086868	0.4580504113838002	0.6393032076682115	0.7754924172376747	0.8655541549804212	0.92064717743635	0.9516474205941783	0.9676547862724543	0.9743891414647996	0.004627118102950917	0.0019805417079266493	0.0007468860731648205	0.00026176908477233387	8.908021162729962e-5	3.063464997075913e-5	1.0085326407527413e-5	4.366537398798601e-6	2.4434843961676203e-6
71.0	-15.0	-1.0	0.26165951700868684	0.4580504113838003	0.6393032076682116	0.7754924172376749	0.8655541549804213	0.9206471774363503	0.9516474205941784	0.9676547862724544	0.9743891414647997	0.004627118102950919	0.0019805417079266498	0.0007468860731648215	0.0002617690847723343	8.908021162729984e-5	3.063464997075924e-5	1.0085326407527464e-5	4.36653739879864e-6	2.443484396167646e-6
72.0	-15.0	-1.0	0.2616595170086869	0.4580504113838005	0.6393032076682117	0.775492417237675	0.8655541549804215	0.9206471774363504	0.9516474205941786	0.9676547862724546	0.9743891414647999	0.004627118102950921	0.0019805417079266506	0.0007468860731648216	0.00026176908477233446	8.908021162729991e-5	3.0634649970759274e-5	1.0085326407527515e-5	4.366537398798666e-6	2.443484396167669e-6
73.0	-15.0	-1.0	0.26265960914355097	0.4590826903356761	0.6399710047502846	0.7757748209916436	0.8655448629208342	0.9202966278191337	0.9508843937129181	0.9664039817711403	0.9725661707755863	0.0032775369455455205	0.0013699071655942968	0.000510008986404356	0.00017774426487899246	6.0439614145682465e-5	2.0462688075771465e-5	6.984246995956629e-6	3.151355272413315e-6	1.8808714900162209e-6
74.0	-15.0	-1.0	0.2626710932069212	0.4590976114269192	0.6400048467947117	0.7757840789241388	0.8654865066822814	0.9202171696663366	0.9509301141049985	0.9663781965384096	0.9725730023147722	0.0033408010917927574	0.0013934168454951006	0.0005175183193302879	0.0001798564123709437	6.099218508550342e-5	2.105404689782114e-5	7.094069586290063e-6	3.177537556258098e-6	1.911325824337479e-6
75.0	-15.0	-1.0	0.26267109320692117	0.459097611426919	0.6400048467947116	0.7757840789241385	0.8654865066822811	0.9202171696663363	0.9509301141049982	0.9663781965384093	0.9725730023147718	0.003340801091792756	0.0013934168454950995	0.0005175183193302868	0.00017985641237094324	6.099218508550316e-5	2.1054046897820983e-5	7.094069586289976e-6	3.1775375562580464e-6	1.9113258243374455e-6
76.0	-15.0	-1.0	0.2626596091435508	0.4590826903356759	0.639971004750284	0.7757748209916432	0.8655448629208337	0.920296627819133	0.9508843937129174	0.9664039817711397	0.9725661707755856	0.0032775369455455175	0.0013699071655942949	0.0005100089864043547	0.00017774426487899157	6.0439614145681984e-5	2.0462688075771214e-5	6.984246995956485e-6	3.1513552724132237e-6	1.8808714900161535e-6
77.0	-15.0	-1.0	0.2626596091435509	0.45908269033567595	0.6399710047502845	0.7757748209916435	0.865544862920834	0.9202966278191334	0.9508843937129178	0.9664039817711401	0.9725661707755859	0.003277536945545518	0.001369907165594295	0.000510008986404355	0.00017774426487899173	6.043961414568208e-5	2.046268807577125e-5	6.9842469959565055e-6	3.1513552724132356e-6	1.8808714900161603e-6
78.0	-15.0	-1.0	0.2626710932069212	0.4590976114269192	0.6400048467947118	0.7757840789241386	0.8654865066822814	0.9202171696663366	0.9509301141049985	0.9663781965384096	0.9725730023147722	0.0033408010917927587	0.0013934168454951012	0.0005175183193302881	0.0001798564123709441	6.099218508550358e-5	2.105404689782123e-5	7.094069586290124e-6	3.177537556258134e-6	1.911325824337505e-6
79.0	-15.0	-1.0	0.2626710932069211	0.459097611426919	0.6400048467947116	0.7757840789241385	0.8654865066822812	0.9202171696663363	0.9509301141049982	0.9663781965384093	0.9725730023147718	0.0033408010917927566	0.0013934168454951001	0.0005175183193302876	0.00017985641237094367	6.0992185085503376e-5	2.1054046897821098e-5	7.094069586290046e-6	3.1775375562580845e-6	1.9113258243374697e-6
80.0	-15.0	-1.0	0.26265960914355085	0.45908269033567595	0.6399710047502843	0.7757748209916433	0.8655448629208338	0.9202966278191332	0.9508843937129177	0.9664039817711398	0.9725661707755858	0.003277536945545518	0.0013699071655942944	0.0005100089864043547	0.00017774426487899165	6.0439614145682004e-5	2.0462688075771228e-5	6.984246995956487e-6	3.15135527241322e-6	1.8808714900161434e-6
81.0	-15.0	-1.0	0.262659609143551	0.4590826903356761	0.6399710047502847	0.775774820991644	0.8655448629208344	0.9202966278191338	0.9508843937129182	0.9664039817711405	0.9725661707755864	0.0032775369455455183	0.0013699071655942964	0.0005100089864043553	0.00017774426487899187	6.043961414568211e-5	2.0462688075771265e-5	6.9842469959565165e-6	3.151355272413237e-6	1.8808714900161544e-6
82.0	-15.0	-1.0	0.2626710932069212	0.4590976114269192	0.6400048467947118	0.7757840789241386	0.8654865066822814	0.9202171696663366	0.9509301141049985	0.9663781965384096	0.9725730023147722	0.003340801091792758	0.0013934168454951019	0.000517518319330288	0.00017985641237094394	6.09921850855035e-5	2.1054046897821176e-5	7.094069586290095e-6	3.1775375562581108e-6	1.911325824337483e-6
83.0	-15.0	-1.0	0.26265960914355085	0.4590826903356759	0.6399710047502843	0.7757748209916433	0.8655448629208338	0.9202966278191332	0.9508843937129177	0.9664039817711398	0.9725661707755858	0.003277536945545518	0.0013699071655942953	0.000510008986404355	0.00017774426487899165	6.043961414568208e-5	2.0462688075771238e-5	6.984246995956514e-6	3.1513552724132373e-6	1.8808714900161641e-6
84.0	-15.0	-1.0	0.2626710932069211	0.4590976114269189	0.6400048467947115	0.7757840789241384	0.8654865066822809	0.9202171696663359	0.9509301141049978	0.966378196538409	0.9725730023147715	0.0033408010917927566	0.0013934168454951001	0.0005175183193302872	0.00017985641237094362	6.099218508550331e-5	2.1054046897821068e-5	7.0940695862900164e-6	3.177537556258068e-6	1.9113258243374536e-6
85.0	-15.0	-1.0	0.2626710932069211	0.45909761142691907	0.6400048467947117	0.7757840789241385	0.8654865066822812	0.9202171696663364	0.9509301141049984	0.9663781965384094	0.9725730023147721	0.003340801091792758	0.0013934168454951016	0.0005175183193302881	0.00017985641237094416	6.099218508550358e-5	2.105404689782124e-5	7.0940695862901325e-6	3.177537556258143e-6	1.911325824337515e-6
86.0	-15.0	-1.0	0.2626710932069211	0.4590976114269189	0.6400048467947115	0.7757840789241384	0.8654865066822809	0.9202171696663362	0.9509301141049981	0.9663781965384092	0.9725730023147717	0.0033408010917927566	0.0013934168454951016	0.0005175183193302876	0.00017985641237094378	6.099218508550346e-5	2.1054046897821163e-5	7.094069586290086e-6	3.1775375562581125e-6	1.9113258243374947e-6
87.0	-15.0	-1.0	0.26265960914355085	0.45908269033567595	0.6399710047502845	0.7757748209916435	0.865544862920834	0.9202966278191334	0.9508843937129178	0.9664039817711401	0.9725661707755859	0.003277536945545517	0.0013699071655942949	0.0005100089864043551	0.0001777442648789917	6.043961414568203e-5	2.046268807577124e-5	6.984246995956503e-6	3.1513552724132284e-6	1.8808714900161518e-6
88.0	-15.0	-1.0	0.26265960914355097	0.4590826903356762	0.6399710047502846	0.7757748209916436	0.8655448629208341	0.9202966278191336	0.950884393712918	0.9664039817711402	0.9725661707755862	0.003277536945545517	0.0013699071655942946	0.0005100089864043548	0.0001777442648789916	6.0439614145682025e-5	2.046268807577123e-5	6.984246995956485e-6	3.151355272413223e-6	1.8808714900161493e-6
89.0	-15.0	-1.0	0.2565140000180335	0.4518719101326017	0.6345987614622408	0.7730187130547085	0.8649714086038665	0.9210811447816576	0.9531399345051186	0.9707717342040677	0.979041112019662	0.014116906639903785	0.006955569874393274	0.002849760508613886	0.00104376579820404	0.0003617081223046502	0.00011571667295585097	3.8304569786719696e-5	1.4468919262214255e-5	6.222351968686286e-6
90.0	-15.0	-1.0	0.25651400001803354	0.45187191013260175	0.6345987614622409	0.7730187130547085	0.8649714086038665	0.9210811447816576	0.9531399345051186	0.9707717342040677	0.979041112019662	0.014116906639903774	0.006955569874393268	0.0028497605086138834	0.001043765798204038	0.0003617081223046489	0.0001157166729558502	3.830456978671926e-5	1.4468919262213987e-5	6.222351968686112e-6
91.0	-15.0	-1.0	0.2600626350864907	0.45633615990019427	0.6382407837553269	0.7750736867513911	0.8654145241505773	0.9204591692090573	0.9522249531825112	0.9685243940227146	0.9758662960639418	0.00827591256319561	0.003835639093183111	0.001517230726753557	0.0005397883223040613	0.00018192492073554732	6.150084516520063e-5	2.1981269603315647e-5	7.852630857300176e-6	4.0812861586202655e-6
92.0	-15.0	-1.0	0.2565140000180335	0.4518719101326016	0.6345987614622408	0.7730187130547083	0.8649714086038662	0.9210811447816575	0.9531399345051184	0.9707717342040675	0.9790411120196618	0.014116906639903778	0.006955569874393272	0.002849760508613887	0.0010437657982040403	0.0003617081223046502	0.00011571667295585093	3.8304569786719696e-5	1.446891926221423e-5	6.222351968686274e-6
93.0	-15.0	-1.0	0.2565140000180335	0.4518719101326017	0.634598761462241	0.7730187130547086	0.8649714086038666	0.9210811447816579	0.9531399345051187	0.9707717342040678	0.9790411120196622	0.01411690663990378	0.006955569874393279	0.0028497605086138904	0.0010437657982040427	0.0003617081223046518	0.00011571667295585172	3.830456978672015e-5	1.44689192622145e-5	6.22235196868644e-6
94.0	-15.0	-1.0	0.2600626350864907	0.4563361599001943	0.638240783755327	0.7750736867513912	0.8654145241505774	0.9204591692090575	0.9522249531825114	0.9685243940227148	0.9758662960639419	0.00827591256319561	0.003835639093183112	0.0015172307267535556	0.0005397883223040607	0.0001819249207355468	6.150084516520042e-5	2.198126960331551e-5	7.852630857300083e-6	4.0812861586202045e-6
95.0	-15.0	-1.0	0.2565140000180335	0.45187191013260153	0.6345987614622408	0.7730187130547083	0.8649714086038662	0.9210811447816575	0.9531399345051184	0.9707717342040675	0.9790411120196618	0.01411690663990377	0.006955569874393269	0.002849760508613885	0.0010437657982040396	0.00036170812230464994	0.00011571667295585074	3.830456978671959e-5	1.4468919262214182e-5	6.222351968686231e-6
96.0	-15.0	-1.0	0.2600626350864907	0.45633615990019416	0.6382407837553268	0.7750736867513911	0.8654145241505773	0.9204591692090573	0.9522249531825112	0.9685243940227146	0.9758662960639418	0.008275912563195606	0.003835639093183114	0.0015172307267535567	0.0005397883223040611	0.00018192492073554697	6.150084516520047e-5	2.1981269603315562e-5	7.852630857300125e-6	4.081286158620218e-6
97.0	-15.0	-1.0	0.2600626350864907	0.45633615990019427	0.638240783755327	0.7750736867513912	0.8654145241505774	0.9204591692090573	0.9522249531825112	0.9685243940227146	0.9758662960639418	0.008275912563195606	0.00383563909318311	0.0015172307267535554	0.0005397883223040603	0.00018192492073554673	6.15008451652003e-5	2.198126960331544e-5	7.852630857300056e-6	4.081286158620199e-6
98.0	-15.0	-1.0	0.25651400001803354	0.4518719101326017	0.6345987614622409	0.7730187130547085	0.8649714086038665	0.9210811447816576	0.9531399345051186	0.9707717342040677	0.979041112019662	0.01411690663990378	0.006955569874393275	0.0028497605086138873	0.001043765798204041	0.0003617081223046504	0.00011571667295585115	3.830456978671981e-5	1.4468919262214287e-5	6.222351968686307e-6
99.0	-15.0	-1.0	0.25651400001803343	0.45187191013260153	0.6345987614622406	0.7730187130547082	0.8649714086038661	0.9210811447816573	0.9531399345051182	0.9707717342040674	0.9790411120196617	0.014116906639903769	0.00695556987439327	0.0028497605086138847	0.001043765798204039	0.00036170812230464967	0.00011571667295585055	3.830456978671945e-5	1.4468919262214102e-5	6.222351968686199e-6
100.0	-15.0	-1.0	0.2600626350864908	0.4563361599001945	0.6382407837553271	0.7750736867513914	0.8654145241505777	0.9204591692090578	0.9522249531825118	0.9685243940227152	0.9758662960639423	0.008275912563195608	0.0038356390931831115	0.0015172307267535552	0.0005397883223040597	0.00018192492073554667	6.150084516520014e-5	2.1981269603315355e-5	7.852630857300007e-6	4.081286158620156e-6
101.0	-15.0	-1.0	0.2600626350864907	0.45633615990019427	0.6382407837553268	0.7750736867513911	0.8654145241505773	0.9204591692090573	0.9522249531825112	0.9685243940227146	0.9758662960639418	0.008275912563195603	0.0038356390931831084	0.0015172307267535539	0.0005397883223040593	0.00018192492073554605	6.15008451651999e-5	2.1981269603315227e-5	7.852630857299927e-6	4.0812861586200995e-6
102.0	-15.0	-1.0	0.2600626350864907	0.45633615990019427	0.6382407837553269	0.7750736867513912	0.8654145241505775	0.9204591692090575	0.9522249531825114	0.9685243940227148	0.9758662960639419	0.008275912563195603	0.0038356390931831084	0.0015172307267535537	0.0005397883223040597	0.00018192492073554605	6.15008451652e-5	2.198126960331526e-5	7.852630857299956e-6	4.08128615862013e-6
103.0	-15.0	-1.0	0.2600626350864907	0.4563361599001944	0.6382407837553269	0.7750736867513911	0.8654145241505774	0.9204591692090573	0.9522249531825112	0.9685243940227146	0.9758662960639418	0.008275912563195601	0.003835639093183107	0.0015172307267535528	0.0005397883223040588	0.0001819249207355458	6.15008451651998e-5	2.198126960331517e-5	7.852630857299895e-6	4.0812861586200935e-6
104.0	-15.0	-1.0	0.2565140000180335	0.4518719101326017	0.6345987614622408	0.7730187130547083	0.8649714086038662	0.9210811447816576	0.9531399345051184	0.9707717342040675	0.9790411120196618	0.01411690663990378	0.006955569874393279	0.0028497605086138917	0.0010437657982040435	0.0003617081223046521	0.00011571667295585203	3.83045697867203e-5	1.4468919262214587e-5	6.222351968686481e-6
105.0	-15.0	-1.0	0.26266144270309466	0.4590692297133636	0.6399661610607145	0.7757636834411676	0.8655086324831158	0.9202924052067489	0.950903161517899	0.9663905002853498	0.9725685126507078	0.0032418269661883626	0.0013509014502683658	0.0005018514326713828	0.0001745634706076155	5.9260038214245575e-5	2.0402571343645696e-5	6.849083138503669e-6	3.0753386904708076e-6	1.8339792964620925e-6
106.0	-15.0	-1.0	0.2626614427030946	0.45906922971336356	0.6399661610607145	0.7757636834411675	0.8655086324831157	0.9202924052067488	0.9509031615178989	0.9663905002853497	0.9725685126507075	0.0032418269661883617	0.0013509014502683647	0.0005018514326713824	0.0001745634706076151	5.926003821424547e-5	2.0402571343645635e-5	6.849083138503636e-6	3.0753386904707813e-6	1.833979296462072e-6
107.0	-15.0	-1.0	0.2626614427030946	0.4590692297133635	0.6399661610607144	0.7757636834411674	0.8655086324831156	0.9202924052067486	0.9509031615178987	0.9663905002853495	0.9725685126507074	0.0032418269661883634	0.0013509014502683658	0.0005018514326713829	0.00017456347060761546	5.926003821424561e-5	2.0402571343645723e-5	6.8490831385036846e-6	3.0753386904708177e-6	1.833979296462101e-6
108.0	-15.0	-1.0	0.26266144270309455	0.4590692297133635	0.6399661610607142	0.7757636834411674	0.8655086324831156	0.9202924052067486	0.9509031615178987	0.9663905002853495	0.9725685126507074	0.003241826966188362	0.0013509014502683652	0.0005018514326713824	0.00017456347060761495	5.9260038214245345e-5	2.0402571343645553e-5	6.8490831385036016e-6	3.075338690470761e-6	1.8339792964620607e-6
109.0	-15.0	-1.0	0.2626614427030946	0.45906922971336356	0.6399661610607144	0.7757636834411674	0.8655086324831156	0.9202924052067486	0.9509031615178987	0.9663905002853495	0.9725685126507074	0.0032418269661883643	0.0013509014502683656	0.000501851432671383	0.00017456347060761543	5.9260038214245596e-5	2.0402571343645703e-5	6.849083138503682e-6	3.0753386904708165e-6	1.8339792964620997e-6
110.0	-15.0	-1.0	0.2626614427030946	0.45906922971336356	0.6399661610607144	0.7757636834411674	0.8655086324831156	0.9202924052067486	0.9509031615178987	0.9663905002853495	0.9725685126507074	0.0032418269661883626	0.0013509014502683647	0.0005018514326713825	0.00017456347060761514	5.926003821424542e-5	2.0402571343645608e-5	6.849083138503624e-6	3.0753386904707762e-6	1.8339792964620696e-6
111.0	-15.0	-1.0	0.26266144270309466	0.45906922971336356	0.6399661610607145	0.7757636834411675	0.8655086324831157	0.9202924052067488	0.9509031615178989	0.9663905002853497	0.9725685126507075	0.0032418269661883626	0.0013509014502683647	0.0005018514326713827	0.00017456347060761516	5.92600382142454e-5	2.0402571343645594e-5	6.849083138503611e-6	3.0753386904707644e-6	1.8339792964620571e-6
112.0	-15.0	-1.0	0.2626614427030945	0.4590692297133635	0.6399661610607142	0.7757636834411674	0.8655086324831156	0.9202924052067486	0.9509031615178987	0.9663905002853495	0.9725685126507074	0.0032418269661883613	0.0013509014502683645	0.0005018514326713821	0.00017456347060761476	5.9260038214245175e-5	2.040257134364547e-5	6.84908313850354e-6	3.0753386904707135e-6	1.83397929646202e-6
113.0	-15.0	-1.0	0.26264984536943026	0.4590522797277006	0.6399520037507711	0.7757585016313417	0.8655168040140809	0.9202928838322052	0.9508956910841025	0.9663942460670204	0.9725676130333083	0.0031874909058575893	0.0013295840210191087	0.0004940570661432135	0.00017184889978270564	5.832609395843996e-5	1.9930856391879714e-5	6.708381561312582e-6	2.998924443938706e-6	1.7732525181914366e-6
114.0	-15.0	-1.0	0.2626498453694303	0.4590522797277007	0.6399520037507711	0.7757585016313417	0.8655168040140809	0.9202928838322052	0.9508956910841025	0.9663942460670204	0.9725676130333083	0.0031874909058575906	0.0013295840210191098	0.0004940570661432138	0.00017184889978270597	5.8326093958440126e-5	1.993085639187981e-5	6.708381561312634e-6	2.998924443938741e-6	1.7732525181914624e-6
115.0	-15.0	-1.0	0.26264984536943037	0.4590522797277008	0.6399520037507713	0.775758501631342	0.865516804014081	0.9202928838322054	0.9508956910841028	0.9663942460670205	0.9725676130333084	0.003187490905857591	0.0013295840210191098	0.0004940570661432143	0.00017184889978270597	5.832609395844025e-5	1.993085639187987e-5	6.70838156131267e-6	2.998924443938766e-6	1.7732525181914836e-6
116.0	-15.0	-1.0	0.26264984536943026	0.45905227972770046	0.6399520037507711	0.7757585016313416	0.8655168040140806	0.920292883832205	0.9508956910841023	0.9663942460670201	0.972567613033308	0.0031874909058575897	0.0013295840210191098	0.000494057066143214	0.0001718488997827058	5.832609395844007e-5	1.993085639187977e-5	6.708381561312613e-6	2.9989244439387345e-6	1.773252518191461e-6
117.0	-15.0	-1.0	0.2626498453694302	0.45905227972770046	0.6399520037507709	0.7757585016313414	0.8655168040140804	0.9202928838322048	0.9508956910841021	0.96639424606702	0.9725676130333077	0.0031874909058575893	0.0013295840210191087	0.0004940570661432136	0.00017184889978270567	5.832609395843995e-5	1.9930856391879683e-5	6.7083815613125665e-6	2.9989244439386934e-6	1.773252518191424e-6
118.0	-15.0	-1.0	0.26264984536943026	0.45905227972770063	0.6399520037507711	0.7757585016313416	0.8655168040140806	0.920292883832205	0.9508956910841023	0.9663942460670201	0.972567613033308	0.003187490905857589	0.0013295840210191087	0.0004940570661432129	0.0001718488997827053	5.8326093958439774e-5	1.9930856391879602e-5	6.708381561312516e-6	2.9989244439386625e-6	1.773252518191404e-6
119.0	-15.0	-1.0	0.2626498453694302	0.45905227972770046	0.639952003750771	0.7757585016313416	0.8655168040140806	0.920292883832205	0.9508956910841023	0.9663942460670201	0.972567613033308	0.0031874909058575867	0.001329584021019108	0.0004940570661432127	0.00017184889978270502	5.8326093958439624e-5	1.99308563918795e-5	6.708381561312464e-6	2.998924443938626e-6	1.7732525181913737e-6
120.0	-15.0	-1.0	0.2626498453694302	0.45905227972770046	0.639952003750771	0.7757585016313416	0.8655168040140806	0.920292883832205	0.9508956910841023	0.9663942460670201	0.972567613033308	0.003187490905857588	0.001329584021019109	0.0004940570661432131	0.00017184889978270548	5.8326093958439896e-5	1.9930856391879677e-5	6.708381561312566e-6	2.9989244439386934e-6	1.773252518191428e-6
121.0	-15.0	-1.0	0.2616592191276966	0.4580613827709976	0.6393206604344084	0.7755203061738388	0.865603801041667	0.9207390883553644	0.951806859468921	0.9679294143483401	0.9748031774955481	0.004848163465769148	0.0020853488867262526	0.0007887310229479022	0.00027688248688217395	9.426535408149903e-5	3.237754515139597e-5	1.0593476001044268e-5	4.532550292722163e-6	2.4962294991019204e-6
122.0	-15.0	-1.0	0.2616592191276965	0.45806138277099745	0.639320660434408	0.7755203061738385	0.8656038010416667	0.9207390883553641	0.9518068594689206	0.9679294143483399	0.9748031774955479	0.0048481634657691446	0.0020853488867262505	0.0007887310229479012	0.0002768824868821732	9.426535408149867e-5	3.237754515139577e-5	1.0593476001044146e-5	4.532550292722088e-6	2.496229499101865e-6
123.0	-15.0	-1.0	0.2616592191276965	0.4580613827709975	0.6393206604344082	0.7755203061738386	0.8656038010416668	0.9207390883553642	0.9518068594689207	0.96792941434834	0.974803177495548	0.004848163465769144	0.0020853488867262496	0.0007887310229479003	0.0002768824868821728	9.426535408149846e-5	3.2377545151395636e-5	1.0593476001044074e-5	4.532550292722039e-6	2.4962294991018285e-6
124.0	-15.0	-1.0	0.2616592191276965	0.4580613827709974	0.6393206604344078	0.7755203061738383	0.8656038010416665	0.920739088355364	0.9518068594689204	0.9679294143483397	0.9748031774955477	0.004848163465769143	0.0020853488867262505	0.0007887310229479009	0.0002768824868821733	9.426535408149864e-5	3.237754515139576e-5	1.0593476001044152e-5	4.532550292722091e-6	2.496229499101871e-6
125.0	-15.0	-1.0	0.2600304310102723	0.45618412691845295	0.6378912521970922	0.7749168098732889	0.8656922703209162	0.920657964566692	0.9519929016874034	0.9686482583731663	0.9758122951250713	0.008479804903237916	0.003938992626624172	0.0015624723802856865	0.0005648705592810913	0.0001926715809820247	6.15271134988632e-5	2.1497912520379257e-5	8.301208651292838e-6	4.234838324887471e-6
126.0	-15.0	-1.0	0.2564801216368245	0.4518906899049845	0.6346466176223069	0.773015104130202	0.8648839344872425	0.9211157052859452	0.9531620529437009	0.9707323911552571	0.9790372621070939	0.01460383916973493	0.0071996888240939555	0.00294841864315578	0.0010785517288578893	0.0003735763183024717	0.00012166667113435248	3.956140505593183e-5	1.5215394119272604e-5	6.5763140342443156e-6
127.0	-15.0	-1.0	0.2600304310102723	0.45618412691845295	0.6378912521970922	0.7749168098732889	0.8656922703209162	0.920657964566692	0.9519929016874035	0.9686482583731663	0.9758122951250713	0.008479804903237917	0.003938992626624173	0.001562472380285687	0.0005648705592810916	0.00019267158098202502	6.152711349886331e-5	2.1497912520379356e-5	8.301208651292887e-6	4.234838324887497e-6
128.0	-15.0	-1.0	0.2564801216368244	0.45189068990498454	0.634646617622307	0.773015104130202	0.8648839344872425	0.9211157052859453	0.9531620529437009	0.9707323911552571	0.9790372621070939	0.014603839169734921	0.007199688824093959	0.0029484186431557795	0.0010785517288578897	0.00037357631830247176	0.00012166667113435242	3.956140505593191e-5	1.5215394119272602e-5	6.57631403424432e-6
129.0	-15.0	-1.0	0.2564801216368245	0.45189068990498465	0.634646617622307	0.7730151041302021	0.8648839344872427	0.9211157052859453	0.953162052943701	0.9707323911552573	0.9790372621070941	0.014603839169734923	0.007199688824093957	0.0029484186431557786	0.0010785517288578904	0.000373576318302472	0.00012166667113435267	3.9561405055931934e-5	1.5215394119272643e-5	6.576314034244342e-6
130.0	-15.0	-1.0	0.2564801216368246	0.4518906899049847	0.6346466176223072	0.7730151041302024	0.8648839344872429	0.9211157052859456	0.9531620529437014	0.9707323911552576	0.9790372621070944	0.014603839169734938	0.007199688824093963	0.0029484186431557842	0.001078551728857893	0.0003735763183024738	0.00012166667113435365	3.956140505593257e-5	1.5215394119272978e-5	6.576314034244537e-6
131.0	-15.0	-1.0	0.26166184562342737	0.4581246889752266	0.6393471883588828	0.7756126732192739	0.8658413115088639	0.9207106732979852	0.9517299041161194	0.9680367267278469	0.974801429635615	0.005544282417043013	0.002422224642728555	0.000927276991091505	0.00032900455906114415	0.00011289498647449582	3.650600125543473e-5	1.2816953566257508e-5	5.585954999717e-6	3.11023055923393e-6
132.0	-15.0	-1.0	0.2600304310102723	0.4561841269184529	0.6378912521970922	0.7749168098732887	0.8656922703209161	0.9206579645666918	0.9519929016874034	0.968648258373166	0.9758122951250711	0.008479804903237917	0.0039389926266241715	0.0015624723802856858	0.0005648705592810911	0.00019267158098202475	6.152711349886311e-5	2.1497912520379257e-5	8.301208651292842e-6	4.234838324887489e-6
133.0	-15.0	-1.0	0.25648012163682443	0.45189068990498454	0.634646617622307	0.7730151041302021	0.8648839344872427	0.9211157052859453	0.953162052943701	0.9707323911552573	0.9790372621070941	0.014603839169734909	0.007199688824093954	0.002948418643155777	0.0010785517288578886	0.0003735763183024714	0.00012166667113435226	3.95614050559318e-5	1.5215394119272553e-5	6.576314034244283e-6
134.0	-15.0	-1.0	0.2600304310102723	0.45618412691845306	0.6378912521970922	0.7749168098732887	0.8656922703209161	0.9206579645666918	0.9519929016874032	0.968648258373166	0.9758122951250711	0.008479804903237914	0.003938992626624171	0.0015624723802856854	0.0005648705592810908	0.00019267158098202437	6.152711349886301e-5	2.149791252037919e-5	8.30120865129279e-6	4.234838324887441e-6
135.0	-15.0	-1.0	0.26166184562342737	0.4581246889752266	0.6393471883588828	0.7756126732192739	0.8658413115088639	0.9207106732979852	0.9517299041161194	0.9680367267278469	0.974801429635615	0.005544282417043012	0.002422224642728554	0.0009272769910915046	0.00032900455906114415	0.00011289498647449578	3.6506001255434707e-5	1.2816953566257498e-5	5.585954999716988e-6	3.1102305592339144e-6
136.0	-15.0	-1.0	0.25648012163682454	0.45189068990498465	0.6346466176223071	0.7730151041302024	0.8648839344872427	0.9211157052859453	0.953162052943701	0.9707323911552573	0.9790372621070941	0.014603839169734931	0.007199688824093963	0.0029484186431557825	0.0010785517288578917	0.00037357631830247317	0.00012166667113435334	3.9561405055932287e-5	1.5215394119272873e-5	6.576314034244471e-6
137.0	-15.0	-1.0	0.26166184562342726	0.45812468897522646	0.6393471883588826	0.7756126732192737	0.8658413115088638	0.9207106732979851	0.9517299041161192	0.9680367267278468	0.9748014296356148	0.005544282417043013	0.002422224642728554	0.000927276991091505	0.00032900455906114437	0.00011289498647449597	3.6506001255434815e-5	1.2816953566257574e-5	5.585954999717043e-6	3.110230559233968e-6
138.0	-15.0	-1.0	0.2600304310102723	0.4561841269184529	0.6378912521970922	0.7749168098732887	0.8656922703209161	0.9206579645666918	0.9519929016874032	0.968648258373166	0.9758122951250711	0.008479804903237922	0.003938992626624174	0.0015624723802856876	0.0005648705592810921	0.0001926715809820253	6.152711349886345e-5	2.1497912520379478e-5	8.301208651292959e-6	4.2348383248875594e-6
139.0	-15.0	-1.0	0.25648012163682454	0.45189068990498465	0.6346466176223071	0.7730151041302024	0.8648839344872429	0.9211157052859457	0.9531620529437016	0.9707323911552578	0.9790372621070947	0.014603839169734917	0.0071996888240939555	0.0029484186431557764	0.0010785517288578884	0.00037357631830247105	0.00012166667113435206	3.956140505593162e-5	1.5215394119272454e-5	6.576314034244217e-6
140.0	-15.0	-1.0	0.2600304310102723	0.45618412691845295	0.6378912521970923	0.7749168098732889	0.8656922703209162	0.920657964566692	0.9519929016874035	0.9686482583731663	0.9758122951250713	0.00847980490323792	0.0039389926266241715	0.0015624723802856856	0.0005648705592810907	0.00019267158098202453	6.1527113498863e-5	2.1497912520379186e-5	8.301208651292803e-6	4.234838324887462e-6
141.0	-15.0	-1.0	0.2600304310102722	0.4561841269184529	0.637891252197092	0.7749168098732886	0.865692270320916	0.9206579645666917	0.951992901687403	0.9686482583731659	0.975812295125071	0.008479804903237916	0.0039389926266241715	0.0015624723802856852	0.0005648705592810905	0.00019267158098202437	6.152711349886301e-5	2.1497912520379166e-5	8.301208651292776e-6	4.234838324887432e-6
142.0	-15.0	-1.0	0.26166184562342726	0.4581246889752264	0.6393471883588824	0.7756126732192734	0.8658413115088635	0.9207106732979847	0.9517299041161189	0.9680367267278465	0.9748014296356146	0.00554428241704301	0.002422224642728551	0.0009272769910915031	0.0003290045590611432	0.00011289498647449529	3.6506001255434395e-5	1.2816953566257332e-5	5.585954999716888e-6	3.110230559233849e-6
143.0	-15.0	-1.0	0.2564801216368244	0.4518906899049844	0.6346466176223069	0.773015104130202	0.8648839344872424	0.9211157052859451	0.9531620529437006	0.9707323911552568	0.9790372621070936	0.014603839169734914	0.007199688824093954	0.002948418643155777	0.0010785517288578886	0.00037357631830247127	0.00012166667113435223	3.9561405055931704e-5	1.5215394119272524e-5	6.576314034244256e-6
144.0	-15.0	-1.0	0.2600304310102723	0.45618412691845295	0.6378912521970922	0.7749168098732887	0.8656922703209161	0.9206579645666918	0.9519929016874032	0.968648258373166	0.9758122951250711	0.008479804903237916	0.003938992626624171	0.0015624723802856858	0.0005648705592810907	0.00019267158098202434	6.152711349886303e-5	2.1497912520379213e-5	8.30120865129281e-6	4.234838324887462e-6
145.0	-15.0	-1.0	0.2626646995445092	0.45910921722998244	0.6399962743328882	0.7757847313739846	0.8655316681993743	0.9202990743949981	0.9508959287908295	0.9663968185628407	0.972567361567778	0.0036711272139724168	0.0015386808369366725	0.00057355360700435	0.0002000103661581996	6.80375732132773e-5	2.3277636074413346e-5	7.898105276437866e-6	3.575499579905733e-6	2.1511420724692717e-6
146.0	-15.0	-1.0	0.26266469954450905	0.45910921722998227	0.639996274332888	0.7757847313739843	0.865531668199374	0.9202990743949978	0.9508959287908292	0.9663968185628403	0.9725673615677777	0.003671127213972416	0.001538680836936673	0.0005735536070043502	0.00020001036615819982	6.803757321327746e-5	2.327763607441341e-5	7.898105276437898e-6	3.5754995799057533e-6	2.1511420724692793e-6
147.0	-15.0	-1.0	0.26266469954450916	0.45910921722998244	0.6399962743328882	0.7757847313739846	0.8655316681993743	0.9202990743949981	0.9508959287908295	0.9663968185628407	0.972567361567778	0.0036711272139724176	0.0015386808369366736	0.0005735536070043505	0.00020001036615819996	6.803757321327761e-5	2.327763607441351e-5	7.898105276437947e-6	3.575499579905786e-6	2.151142072469305e-6
148.0	-15.0	-1.0	0.2626646995445091	0.4591092172299824	0.639996274332888	0.7757847313739845	0.8655316681993741	0.9202990743949978	0.9508959287908294	0.9663968185628405	0.9725673615677778	0.0036711272139724185	0.0015386808369366731	0.00057355360700435	0.0002000103661581999	6.803757321327748e-5	2.3277636074413438e-5	7.898105276437907e-6	3.575499579905757e-6	2.1511420724692797e-6
149.0	-15.0	-1.0	0.26266469954450905	0.45910921722998227	0.639996274332888	0.7757847313739845	0.8655316681993741	0.9202990743949978	0.9508959287908294	0.9663968185628405	0.9725673615677778	0.003671127213972416	0.0015386808369366733	0.0005735536070043504	0.00020001036615819987	6.803757321327753e-5	2.327763607441349e-5	7.89810527643794e-6	3.5754995799057774e-6	2.1511420724692967e-6
150.0	-15.0	-1.0	0.26266469954450905	0.4591092172299824	0.6399962743328882	0.7757847313739845	0.8655316681993741	0.9202990743949979	0.9508959287908294	0.9663968185628405	0.9725673615677778	0.003671127213972416	0.001538680836936673	0.0005735536070043496	0.00020001036615819958	6.803757321327735e-5	2.3277636074413366e-5	7.898105276437874e-6	3.575499579905739e-6	2.1511420724692742e-6
151.0	-15.0	-1.0	0.262664699544509	0.45910921722998227	0.6399962743328879	0.7757847313739843	0.865531668199374	0.9202990743949976	0.9508959287908292	0.9663968185628403	0.9725673615677777	0.003671127213972417	0.0015386808369366733	0.0005735536070043504	0.0002000103661582	6.80375732132775e-5	2.327763607441345e-5	7.898105276437925e-6	3.575499579905769e-6	2.1511420724692924e-6
152.0	-15.0	-1.0	0.26266469954450894	0.4591092172299822	0.6399962743328879	0.7757847313739842	0.8655316681993738	0.9202990743949975	0.9508959287908291	0.9663968185628402	0.9725673615677776	0.0036711272139724163	0.0015386808369366731	0.0005735536070043503	0.0002000103661581997	6.803757321327743e-5	2.3277636074413424e-5	7.898105276437903e-6	3.5754995799057566e-6	2.151142072469283e-6
153.0	-15.0	-1.0	0.2626698868083237	0.45912360692803256	0.6400488765361348	0.7758134389437852	0.8654754998086744	0.9201470202889506	0.9509573043597098	0.9663715065247473	0.9725790910475164	0.0034748388485775746	0.0014586785296792117	0.0005439841012494848	0.00018940730299772982	6.424557622653081e-5	2.2200716048293573e-5	7.5431992854721335e-6	3.357044289329981e-6	2.0305181058357926e-6
154.0	-15.0	-1.0	0.26266988680832376	0.45912360692803267	0.6400488765361348	0.7758134389437854	0.8654754998086744	0.9201470202889506	0.9509573043597098	0.9663715065247473	0.9725790910475164	0.0034748388485775746	0.0014586785296792119	0.000543984101249485	0.0001894073029977299	6.42455762265309e-5	2.2200716048293613e-5	7.543199285472164e-6	3.3570442893300005e-6	2.0305181058358087e-6
155.0	-15.0	-1.0	0.26266988680832376	0.4591236069280327	0.640048876536135	0.7758134389437854	0.8654754998086744	0.9201470202889508	0.9509573043597098	0.9663715065247473	0.9725790910475164	0.0034748388485775755	0.0014586785296792119	0.000543984101249485	0.0001894073029977297	6.424557622653081e-5	2.220071604829358e-5	7.5431992854721445e-6	3.357044289329985e-6	2.030518105835799e-6
156.0	-15.0	-1.0	0.26266988680832387	0.4591236069280329	0.6400488765361352	0.7758134389437858	0.8654754998086751	0.9201470202889513	0.9509573043597105	0.966371506524748	0.972579091047517	0.0034748388485775776	0.001458678529679215	0.0005439841012494859	0.00018940730299773034	6.424557622653116e-5	2.2200716048293763e-5	7.543199285472256e-6	3.3570442893300555e-6	2.030518105835848e-6
157.0	-15.0	-1.0	0.26266988680832387	0.4591236069280329	0.6400488765361351	0.7758134389437856	0.8654754998086748	0.9201470202889509	0.9509573043597102	0.9663715065247477	0.9725790910475167	0.0034748388485775776	0.0014586785296792138	0.0005439841012494856	0.00018940730299773028	6.424557622653114e-5	2.2200716048293773e-5	7.543199285472252e-6	3.3570442893300644e-6	2.030518105835862e-6
158.0	-15.0	-1.0	0.26266988680832376	0.4591236069280327	0.640048876536135	0.7758134389437852	0.8654754998086744	0.9201470202889508	0.9509573043597098	0.9663715065247473	0.9725790910475164	0.003474838848577576	0.0014586785296792132	0.0005439841012494853	0.00018940730299773004	6.424557622653106e-5	2.2200716048293712e-5	7.5431992854722225e-6	3.357044289330036e-6	2.0305181058358375e-6
159.0	-15.0	-1.0	0.26266988680832376	0.45912360692803267	0.640048876536135	0.7758134389437855	0.8654754998086747	0.9201470202889508	0.9509573043597098	0.9663715065247473	0.9725790910475164	0.0034748388485775755	0.0014586785296792132	0.0005439841012494853	0.00018940730299773007	6.424557622653103e-5	2.2200716048293674e-5	7.543199285472204e-6	3.357044289330025e-6	2.03051810583583e-6
160.0	-15.0	-1.0	0.26266988680832376	0.45912360692803267	0.6400488765361351	0.7758134389437854	0.8654754998086748	0.9201470202889511	0.9509573043597104	0.9663715065247478	0.9725790910475168	0.003474838848577578	0.0014586785296792136	0.0005439841012494862	0.00018940730299773042	6.424557622653126e-5	2.2200716048293824e-5	7.543199285472288e-6	3.357044289330088e-6	2.0305181058358832e-6
161.0	-15.0	-1.0	0.2626554615570014	0.45907373683385405	0.6399663490786459	0.7757685345344857	0.8655303827789462	0.9202954760195053	0.950890564236901	0.9663988982515502	0.9725668653458384	0.0033591358396453603	0.0014054763290320214	0.0005236177425714221	0.00018251224363187213	6.204332611084125e-5	2.1115716608671278e-5	7.157024549448992e-6	3.2164648958270064e-6	1.9154054853101824e-6
162.0	-15.0	-1.0	0.2626603714133986	0.45907877756912624	0.6399787831737689	0.7757698337709205	0.8655015654032313	0.9202741298345627	0.9509107698187353	0.9663864225574341	0.9725696367929444	0.0034250104556755945	0.0014307770981152959	0.0005321530322286682	0.00018517977790221104	6.285985394833689e-5	2.168115692476511e-5	7.2666445309253975e-6	3.255798485409732e-6	1.9454980273425376e-6
163.0	-15.0	-1.0	0.26266037141339865	0.45907877756912635	0.6399787831737691	0.7757698337709207	0.8655015654032314	0.9202741298345629	0.9509107698187356	0.9663864225574343	0.9725696367929445	0.0034250104556755954	0.0014307770981152976	0.0005321530322286684	0.00018517977790221145	6.285985394833708e-5	2.1681156924765223e-5	7.2666445309254635e-6	3.2557984854097697e-6	1.945498027342564e-6
164.0	-15.0	-1.0	0.2626554615570014	0.459073736833854	0.6399663490786458	0.7757685345344857	0.8655303827789462	0.9202954760195053	0.950890564236901	0.9663988982515502	0.9725668653458384	0.003359135839645358	0.001405476329032021	0.0005236177425714218	0.00018251224363187177	6.204332611084105e-5	2.111571660867116e-5	7.157024549448915e-6	3.2164648958269505e-6	1.9154054853101316e-6
165.0	-15.0	-1.0	0.2626554615570015	0.45907373683385405	0.6399663490786459	0.7757685345344858	0.8655303827789463	0.9202954760195056	0.9508905642369011	0.9663988982515503	0.9725668653458385	0.00335913583964536	0.0014054763290320214	0.0005236177425714222	0.00018251224363187215	6.204332611084128e-5	2.1115716608671288e-5	7.157024549449004e-6	3.2164648958270106e-6	1.9154054853101833e-6
166.0	-15.0	-1.0	0.2626554615570015	0.45907373683385416	0.639966349078646	0.7757685345344861	0.8655303827789466	0.9202954760195057	0.9508905642369013	0.9663988982515506	0.9725668653458387	0.003359135839645359	0.0014054763290320216	0.0005236177425714221	0.00018251224363187215	6.204332611084123e-5	2.111571660867126e-5	7.157024549448996e-6	3.216464895827001e-6	1.915405485310175e-6
167.0	-15.0	-1.0	0.2626603714133985	0.45907877756912624	0.6399787831737688	0.7757698337709203	0.8655015654032311	0.9202741298345626	0.9509107698187352	0.966386422557434	0.9725696367929443	0.003425010455675592	0.0014307770981152952	0.0005321530322286674	0.00018517977790221077	6.285985394833665e-5	2.1681156924764976e-5	7.266644530925314e-6	3.2557984854096795e-6	1.9454980273424956e-6
168.0	-15.0	-1.0	0.2626603714133986	0.4590787775691263	0.639978783173769	0.7757698337709205	0.8655015654032313	0.9202741298345627	0.9509107698187353	0.9663864225574341	0.9725696367929444	0.0034250104556755928	0.0014307770981152957	0.0005321530322286675	0.0001851797779022109	6.285985394833677e-5	2.1681156924765027e-5	7.266644530925354e-6	3.2557984854097024e-6	1.9454980273425164e-6
169.0	-15.0	-1.0	0.2626603714133986	0.4590787775691263	0.639978783173769	0.7757698337709207	0.8655015654032314	0.9202741298345629	0.9509107698187356	0.9663864225574343	0.9725696367929445	0.003425010455675596	0.0014307770981152968	0.0005321530322286686	0.00018517977790221147	6.285985394833704e-5	2.1681156924765183e-5	7.2666445309254525e-6	3.2557984854097638e-6	1.945498027342561e-6
170.0	-15.0	-1.0	0.2626554615570014	0.45907373683385405	0.6399663490786459	0.7757685345344858	0.8655303827789466	0.9202954760195057	0.9508905642369013	0.9663988982515506	0.9725668653458387	0.003359135839645358	0.0014054763290320216	0.0005236177425714223	0.00018251224363187202	6.204332611084121e-5	2.1115716608671265e-5	7.157024549448978e-6	3.2164648958269937e-6	1.915405485310168e-6
171.0	-15.0	-1.0	0.2626554615570015	0.4590737368338542	0.639966349078646	0.775768534534486	0.8655303827789467	0.9202954760195058	0.9508905642369014	0.9663988982515507	0.9725668653458388	0.0033591358396453624	0.001405476329032023	0.0005236177425714233	0.00018251224363187275	6.204332611084161e-5	2.1115716608671485e-5	7.1570245494491115e-6	3.2164648958270792e-6	1.9154054853102324e-6
172.0	-15.0	-1.0	0.2626603714133987	0.45907877756912646	0.6399787831737692	0.7757698337709208	0.8655015654032316	0.920274129834563	0.9509107698187357	0.9663864225574345	0.9725696367929447	0.003425010455675596	0.0014307770981152965	0.0005321530322286682	0.0001851797779022112	6.285985394833695e-5	2.1681156924765132e-5	7.266644530925423e-6	3.2557984854097456e-6	1.945498027342551e-6
173.0	-15.0	-1.0	0.26266037141339876	0.4590787775691265	0.6399787831737692	0.7757698337709208	0.8655015654032316	0.920274129834563	0.9509107698187357	0.9663864225574345	0.9725696367929447	0.003425010455675593	0.0014307770981152952	0.0005321530322286676	0.00018517977790221072	6.285985394833667e-5	2.1681156924764976e-5	7.266644530925318e-6	3.2557984854096803e-6	1.9454980273425007e-6
174.0	-15.0	-1.0	0.2626554615570015	0.45907373683385405	0.6399663490786459	0.7757685345344858	0.8655303827789463	0.9202954760195056	0.9508905642369011	0.9663988982515503	0.9725668653458385	0.00335913583964536	0.0014054763290320222	0.0005236177425714224	0.00018251224363187218	6.204332611084135e-5	2.111571660867133e-5	7.1570245494490285e-6	3.216464895827029e-6	1.9154054853102015e-6
175.0	-15.0	-1.0	0.2626603714133985	0.45907877756912624	0.6399787831737688	0.7757698337709203	0.8655015654032311	0.9202741298345626	0.9509107698187352	0.966386422557434	0.9725696367929443	0.0034250104556755936	0.0014307770981152952	0.0005321530322286675	0.00018517977790221093	6.285985394833678e-5	2.168115692476503e-5	7.266644530925345e-6	3.2557984854097e-6	1.945498027342513e-6
176.0	-15.0	-1.0	0.26265546155700137	0.4590737368338539	0.6399663490786457	0.7757685345344855	0.865530382778946	0.9202954760195052	0.9508905642369007	0.9663988982515499	0.972566865345838	0.0033591358396453607	0.0014054763290320222	0.0005236177425714228	0.00018251224363187256	6.204332611084153e-5	2.111571660867145e-5	7.157024549449087e-6	3.2164648958270615e-6	1.9154054853102176e-6
177.0	-15.0	-1.0	0.26365500974850903	0.4602484684830114	0.6409820841769418	0.7764098597488184	0.8656385653383857	0.9195944995442611	0.9499308934203615	0.9649450692992917	0.9703538409484165	0.0017410379105911131	0.0006881318623900819	0.0002491093263302273	8.485659264456892e-5	2.7899438281922187e-5	9.429257969108749e-6	3.6444655295262033e-6	1.6628504852711887e-6	1.1494219483564416e-6
178.0	-15.0	-1.0	0.2636206439691941	0.4600187896764844	0.6405969646532763	0.7759981388207325	0.8653510453114049	0.9196930122509849	0.9500498788999984	0.9648367519466169	0.9703512926818273	0.0017509838155833769	0.0006889328929919296	0.00024719514343799826	8.432023748744093e-5	2.8402564706246425e-5	9.893976683640773e-6	3.5050993245503607e-6	1.6992120577131278e-6	1.1515197460309897e-6
179.0	-15.0	-1.0	0.26362064396919405	0.46001878967648435	0.6405969646532761	0.7759981388207324	0.8653510453114047	0.9196930122509848	0.9500498788999983	0.9648367519466168	0.9703512926818272	0.0017509838155833765	0.0006889328929919294	0.00024719514343799815	8.432023748744081e-5	2.840256470624638e-5	9.893976683640742e-6	3.5050993245503425e-6	1.6992120577131198e-6	1.1515197460309846e-6
180.0	-15.0	-1.0	0.26362064396919394	0.4600187896764842	0.640596964653276	0.7759981388207322	0.8653510453114045	0.9196930122509844	0.9500498788999979	0.9648367519466164	0.9703512926818268	0.0017509838155833758	0.000688932892991929	0.00024719514343799805	8.432023748744078e-5	2.840256470624634e-5	9.893976683640727e-6	3.5050993245503412e-6	1.69921205771312e-6	1.1515197460309893e-6
181.0	-15.0	-1.0	0.26365500974850914	0.4602484684830115	0.6409820841769419	0.7764098597488184	0.8656385653383858	0.9195944995442612	0.9499308934203617	0.9649450692992918	0.9703538409484166	0.0017410379105911135	0.0006881318623900821	0.00024910932633022734	8.485659264456892e-5	2.7899438281922194e-5	9.42925796910877e-6	3.6444655295262093e-6	1.6628504852711925e-6	1.1494219483564441e-6
182.0	-15.0	-1.0	0.2636206439691941	0.4600187896764846	0.6405969646532764	0.7759981388207327	0.8653510453114049	0.9196930122509849	0.9500498788999984	0.9648367519466169	0.9703512926818273	0.0017509838155833767	0.0006889328929919295	0.0002471951434379982	8.432023748744085e-5	2.840256470624641e-5	9.893976683640757e-6	3.505099324550351e-6	1.6992120577131183e-6	1.1515197460309787e-6
183.0	-15.0	-1.0	0.2636206439691939	0.4600187896764842	0.640596964653276	0.7759981388207322	0.8653510453114045	0.9196930122509844	0.9500498788999979	0.9648367519466164	0.9703512926818268	0.0017509838155833754	0.000688932892991929	0.00024719514343799805	8.43202374874407e-5	2.840256470624632e-5	9.893976683640713e-6	3.5050993245503345e-6	1.6992120577131115e-6	1.1515197460309806e-6
184.0	-15.0	-1.0	0.26365500974850903	0.4602484684830112	0.6409820841769417	0.7764098597488183	0.8656385653383855	0.9195944995442609	0.9499308934203614	0.9649450692992916	0.9703538409484164	0.0017410379105911116	0.0006881318623900815	0.0002491093263302268	8.485659264456864e-5	2.789943828192201e-5	9.429257969108662e-6	3.6444655295261436e-6	1.6628504852711486e-6	1.1494219483564085e-6
185.0	-15.0	-1.0	0.2636206439691939	0.46001878967648413	0.640596964653276	0.7759981388207322	0.8653510453114045	0.9196930122509844	0.9500498788999979	0.9648367519466164	0.9703512926818268	0.0017509838155833752	0.0006889328929919292	0.00024719514343799805	8.432023748744073e-5	2.8402564706246357e-5	9.89397668364073e-6	3.505099324550341e-6	1.6992120577131155e-6	1.1515197460309817e-6
186.0	-15.0	-1.0	0.263620643969194	0.46001878967648424	0.6405969646532761	0.7759981388207324	0.8653510453114046	0.9196930122509845	0.9500498788999981	0.9648367519466167	0.9703512926818271	0.0017509838155833758	0.0006889328929919293	0.00024719514343799815	8.432023748744082e-5	2.8402564706246374e-5	9.893976683640744e-6	3.505099324550348e-6	1.6992120577131219e-6	1.1515197460309872e-6
187.0	-15.0	-1.0	0.26362064396919405	0.4600187896764845	0.6405969646532763	0.7759981388207325	0.8653510453114047	0.9196930122509848	0.9500498788999983	0.9648367519466168	0.9703512926818272	0.0017509838155833762	0.0006889328929919294	0.0002471951434379982	8.432023748744084e-5	2.8402564706246384e-5	9.89397668364075e-6	3.5050993245503455e-6	1.6992120577131143e-6	1.1515197460309766e-6
188.0	-15.0	-1.0	0.263655009748509	0.4602484684830113	0.6409820841769417	0.7764098597488183	0.8656385653383857	0.9195944995442611	0.9499308934203615	0.9649450692992917	0.9703538409484165	0.001741037910591113	0.0006881318623900814	0.0002491093263302268	8.485659264456858e-5	2.7899438281922028e-5	9.429257969108668e-6	3.6444655295261474e-6	1.662850485271151e-6	1.1494219483564098e-6
189.0	-15.0	-1.0	0.26361091153888416	0.4601889413049976	0.640753735076418	0.7762351554762098	0.8657331087709071	0.9197273375477328	0.9499029037704678	0.9649777002430399	0.9703356839314331	0.0016262956281941272	0.0006486211278223657	0.00023407966690290111	8.036725001587511e-5	2.677112114235904e-5	8.732948808605409e-6	3.3042601222132747e-6	1.5838230155686068e-6	1.0610508583965932e-6
190.0	-15.0	-1.0	0.26361091153888416	0.46018894130499755	0.6407537350764179	0.7762351554762097	0.865733108770907	0.9197273375477326	0.9499029037704676	0.9649777002430396	0.970335683931433	0.0016262956281941267	0.0006486211278223655	0.00023407966690290092	8.036725001587501e-5	2.6771121142358994e-5	8.73294880860538e-6	3.3042601222132624e-6	1.5838230155686002e-6	1.0610508583965884e-6
191.0	-15.0	-1.0	0.26366476108666587	0.460236277159163	0.6409569577032249	0.7763627893698473	0.8655700513353649	0.9195554467116008	0.9499795748111839	0.9649182650164264	0.9703657567580619	0.0018629317617701207	0.0007346950855084782	0.00026489404272407433	9.008911069032888e-5	2.9779263181986144e-5	1.0174794473850244e-5	3.9450458386651885e-6	1.7861117911191852e-6	1.2390217730118816e-6
192.0	-15.0	-1.0	0.263664761086666	0.46023627715916315	0.640956957703225	0.7763627893698475	0.8655700513353652	0.9195554467116012	0.9499795748111842	0.9649182650164267	0.9703657567580622	0.001862931761770122	0.0007346950855084787	0.0002648940427240748	9.008911069032909e-5	2.9779263181986215e-5	1.0174794473850281e-5	3.945045838665211e-6	1.7861117911191956e-6	1.239021773011884e-6
1.0	-15.0	-1.5	0.2570645715930998	0.4533614568393079	0.6361860319479336	0.774057642025484	0.8653903074434612	0.9215466902623783	0.9536788159616303	0.9712858326940699	0.9798851737962462	0.009861628268424932	0.004349533683267655	0.0016631573821120418	0.0005845835971406384	0.00019795691793506314	6.685827817661032e-5	2.0634585519278078e-5	7.859846813175819e-6	3.3968984541358642e-6
2.0	-15.0	-1.5	0.25704572255703134	0.4535179137038779	0.6365269237679424	0.7744035462631463	0.8655017683280832	0.9212292588002414	0.9538295031768779	0.9712454394777482	0.979927843083945	0.010424555227397426	0.004606356758394498	0.0017633983048330906	0.0006132543851772078	0.00020357356163480333	6.788046462019034e-5	2.3111349737367687e-5	7.81364472733314e-6	3.5632468609905603e-6
3.0	-15.0	-1.5	0.2570457225570314	0.45351791370387795	0.6365269237679424	0.7744035462631463	0.8655017683280832	0.9212292588002416	0.9538295031768779	0.9712454394777482	0.979927843083945	0.010424555227397426	0.004606356758394495	0.0017633983048330891	0.0006132543851772065	0.0002035735616348029	6.788046462019004e-5	2.3111349737367494e-5	7.813644727333036e-6	3.5632468609904976e-6
4.0	-15.0	-1.5	0.25704572255703145	0.45351791370387795	0.6365269237679425	0.7744035462631466	0.8655017683280833	0.9212292588002416	0.953829503176878	0.9712454394777483	0.9799278430839451	0.01042455522739743	0.004606356758394496	0.0017633983048330913	0.0006132543851772073	0.00020357356163480339	6.788046462019028e-5	2.3111349737367636e-5	7.8136447273331e-6	3.563246860990542e-6
5.0	-15.0	-1.5	0.2570645715930999	0.4533614568393081	0.6361860319479339	0.7740576420254843	0.8653903074434613	0.9215466902623786	0.9536788159616305	0.9712858326940701	0.9798851737962465	0.009861628268424936	0.004349533683267654	0.001663157382112042	0.0005845835971406385	0.00019795691793506314	6.685827817661028e-5	2.0634585519278074e-5	7.859846813175802e-6	3.3968984541358447e-6
6.0	-15.0	-1.5	0.2570457225570314	0.45351791370387795	0.6365269237679424	0.7744035462631463	0.8655017683280832	0.9212292588002416	0.9538295031768779	0.9712454394777482	0.979927843083945	0.010424555227397426	0.004606356758394495	0.0017633983048330878	0.0006132543851772058	0.00020357356163480257	6.78804646201898e-5	2.3111349737367372e-5	7.813644727332958e-6	3.5632468609904528e-6
7.0	-15.0	-1.5	0.2570457225570314	0.45351791370387795	0.6365269237679425	0.7744035462631466	0.8655017683280832	0.9212292588002414	0.9538295031768779	0.9712454394777482	0.979927843083945	0.010424555227397431	0.004606356758394498	0.0017633983048330917	0.0006132543851772077	0.0002035735616348035	6.788046462019036e-5	2.3111349737367697e-5	7.81364472733313e-6	3.5632468609905506e-6
8.0	-15.0	-1.5	0.25706457159309987	0.45336145683930795	0.6361860319479336	0.774057642025484	0.8653903074434612	0.9215466902623783	0.9536788159616303	0.97128583269407	0.9798851737962463	0.009861628268424934	0.004349533683267656	0.0016631573821120427	0.0005845835971406395	0.00019795691793506355	6.685827817661055e-5	2.0634585519278217e-5	7.859846813175871e-6	3.3968984541358816e-6
9.0	-15.0	-1.5	0.25704572255703134	0.4535179137038779	0.6365269237679423	0.7744035462631463	0.8655017683280832	0.9212292588002414	0.9538295031768779	0.9712454394777482	0.979927843083945	0.010424555227397426	0.004606356758394493	0.0017633983048330885	0.0006132543851772058	0.00020357356163480268	6.788046462018982e-5	2.3111349737367423e-5	7.81364472733297e-6	3.5632468609904523e-6
10.0	-15.0	-1.5	0.2570457225570313	0.45351791370387784	0.6365269237679423	0.7744035462631462	0.8655017683280829	0.9212292588002411	0.9538295031768775	0.9712454394777479	0.9799278430839446	0.01042455522739743	0.004606356758394495	0.001763398304833089	0.0006132543851772061	0.00020357356163480295	6.788046462019004e-5	2.311134973736751e-5	7.813644727333039e-6	3.563246860990505e-6
11.0	-15.0	-1.5	0.25704572255703145	0.45351791370387795	0.6365269237679424	0.7744035462631466	0.8655017683280833	0.9212292588002416	0.953829503176878	0.9712454394777483	0.9799278430839451	0.01042455522739743	0.004606356758394498	0.0017633983048330891	0.0006132543851772075	0.00020357356163480358	6.788046462019028e-5	2.311134973736766e-5	7.813644727333124e-6	3.563246860990541e-6
12.0	-15.0	-1.5	0.25706457159309987	0.45336145683930806	0.6361860319479338	0.7740576420254843	0.8653903074434616	0.9215466902623787	0.9536788159616306	0.9712858326940703	0.9798851737962466	0.009861628268424929	0.004349533683267654	0.0016631573821120405	0.0005845835971406372	0.0001979569179350623	6.685827817660977e-5	2.063458551927776e-5	7.859846813175625e-6	3.3968984541357368e-6
13.0	-15.0	-1.5	0.25472079470609754	0.4502595242895881	0.6337987217813332	0.7727502920750917	0.8648256796435927	0.9213936808583967	0.954359386885042	0.9724361612925817	0.9818613248587997	0.015370327061182687	0.007592439662180347	0.0031063014423628613	0.0011235592527365566	0.00038280350894700176	0.00012910941324381804	4.023187141504349e-5	1.4267656007254294e-5	5.776088714317336e-6
14.0	-15.0	-1.5	0.2547207947060975	0.450259524289588	0.6337987217813331	0.7727502920750915	0.8648256796435924	0.9213936808583963	0.9543593868850416	0.9724361612925814	0.9818613248587994	0.015370327061182692	0.007592439662180353	0.00310630144236287	0.0011235592527365638	0.00038280350894700555	0.0001291094132438203	4.023187141504481e-5	1.4267656007255044e-5	5.776088714317778e-6
15.0	-15.0	-1.5	0.25091099382592935	0.4453419813795925	0.6299692950028021	0.7706129262450087	0.863722282271454	0.9205839593030403	0.9537639971307973	0.971543675009285	0.980604429018572	0.02348355670083694	0.011776497046032017	0.004851080428069296	0.001743900303275381	0.0005824577422455598	0.000192290657632319	6.226577853192213e-5	2.0056052077940026e-5	7.894290740847829e-6
16.0	-15.0	-1.5	0.25797859129300565	0.4541270622290743	0.6367301649579515	0.7743966597117566	0.865469279062568	0.9212855402403171	0.9539008052324828	0.9713909187352582	0.9801855544037346	0.010744065236149127	0.005063634229974145	0.002020387654812751	0.000721889483667902	0.00024422391207228647	8.239999452237004e-5	2.707082896496682e-5	9.42748599366183e-6	4.162735606138267e-6
17.0	-15.0	-1.5	0.2570776728750495	0.45356108181679833	0.636553381299835	0.7744075952231009	0.8655130803228414	0.9212862846534591	0.9539185661792876	0.9714011865099055	0.9801965967566543	0.01173913533667777	0.005236362374218163	0.0020153595530712745	0.0007038779083841759	0.00023459265309371097	7.838937460743982e-5	2.6180807208799152e-5	8.886298575606187e-6	3.944155246486018e-6
18.0	-15.0	-1.5	0.2509109938259293	0.44534198137959247	0.629969295002802	0.7706129262450084	0.8637222822714539	0.9205839593030402	0.9537639971307971	0.9715436750092848	0.9806044290185719	0.02348355670083694	0.011776497046032026	0.004851080428069303	0.0017439003032753855	0.0005824577422455624	0.0001922906576323201	6.22657785319228e-5	2.0056052077940395e-5	7.894290740848015e-6
19.0	-15.0	-1.5	0.2547207947060974	0.45025952428958793	0.633798721781333	0.7727502920750915	0.8648256796435924	0.9213936808583963	0.9543593868850416	0.9724361612925814	0.9818613248587994	0.015370327061182694	0.007592439662180357	0.0031063014423628734	0.0011235592527365644	0.0003828035089470064	0.00012910941324382092	4.0231871415045186e-5	1.4267656007255297e-5	5.7760887143179685e-6
20.0	-15.0	-1.5	0.25091099382592935	0.4453419813795925	0.6299692950028021	0.7706129262450087	0.863722282271454	0.9205839593030403	0.9537639971307973	0.971543675009285	0.980604429018572	0.02348355670083695	0.01177649704603202	0.0048510804280692986	0.0017439003032753827	0.0005824577422455604	0.00019229065763231912	6.226577853192225e-5	2.0056052077940073e-5	7.894290740847856e-6
21.0	-15.0	-1.5	0.25472079470609743	0.450259524289588	0.633798721781333	0.7727502920750915	0.8648256796435924	0.9213936808583963	0.9543593868850416	0.9724361612925814	0.9818613248587994	0.015370327061182696	0.007592439662180353	0.0031063014423628704	0.0011235592527365627	0.00038280350894700577	0.0001291094132438203	4.023187141504478e-5	1.4267656007255066e-5	5.776088714317811e-6
22.0	-15.0	-1.5	0.25707767287504946	0.4535610818167981	0.6365533812998347	0.7744075952231004	0.8655130803228408	0.9212862846534586	0.9539185661792872	0.971401186509905	0.9801965967566538	0.011739135336677762	0.005236362374218157	0.0020153595530712724	0.0007038779083841741	0.00023459265309371007	7.83893746074393e-5	2.6180807208798864e-5	8.886298575606028e-6	3.944155246485919e-6
23.0	-15.0	-1.5	0.25797859129300577	0.45412706222907445	0.6367301649579519	0.7743966597117569	0.8654692790625681	0.9212855402403172	0.953900805232483	0.9713909187352584	0.9801855544037348	0.010744065236149136	0.00506363422997415	0.0020203876548127533	0.0007218894836679046	0.00024422391207228744	8.239999452237069e-5	2.707082896496717e-5	9.427485993662041e-6	4.162735606138421e-6
24.0	-15.0	-1.5	0.25472079470609743	0.450259524289588	0.6337987217813331	0.7727502920750917	0.8648256796435925	0.9213936808583966	0.9543593868850418	0.9724361612925816	0.9818613248587995	0.015370327061182685	0.007592439662180347	0.003106301442362863	0.0011235592527365575	0.00038280350894700246	0.00012910941324381837	4.023187141504371e-5	1.4267656007254424e-5	5.7760887143174146e-6
25.0	-15.0	-1.5	0.2579785912930056	0.4541270622290743	0.6367301649579515	0.7743966597117566	0.865469279062568	0.9212855402403171	0.9539008052324828	0.9713909187352582	0.9801855544037346	0.010744065236149129	0.0050636342299741465	0.0020203876548127524	0.0007218894836679037	0.0002442239120722869	8.239999452237046e-5	2.707082896496704e-5	9.427485993661957e-6	4.162735606138374e-6
26.0	-15.0	-1.5	0.2570776728750495	0.45356108181679816	0.6365533812998347	0.7744075952231005	0.865513080322841	0.9212862846534589	0.9539185661792874	0.9714011865099051	0.9801965967566539	0.011739135336677762	0.005236362374218155	0.0020153595530712698	0.0007038779083841734	0.00023459265309370942	7.838937460743907e-5	2.6180807208798718e-5	8.88629857560594e-6	3.944155246485864e-6
27.0	-15.0	-1.5	0.2570776728750495	0.4535610818167981	0.6365533812998347	0.7744075952231004	0.8655130803228408	0.9212862846534585	0.953918566179287	0.9714011865099048	0.9801965967566537	0.011739135336677767	0.005236362374218154	0.0020153595530712706	0.0007038779083841732	0.0002345926530937096	7.838937460743906e-5	2.618080720879872e-5	8.886298575605945e-6	3.944155246485867e-6
28.0	-15.0	-1.5	0.25797859129300565	0.4541270622290743	0.6367301649579515	0.7743966597117568	0.865469279062568	0.9212855402403171	0.9539008052324828	0.9713909187352582	0.9801855544037346	0.010744065236149134	0.005063634229974152	0.0020203876548127555	0.0007218894836679058	0.00024422391207228804	8.239999452237101e-5	2.7070828964967372e-5	9.427485993662175e-6	4.1627356061385066e-6
29.0	-15.0	-1.5	0.25091099382592924	0.4453419813795924	0.6299692950028019	0.7706129262450081	0.8637222822714535	0.9205839593030398	0.9537639971307968	0.9715436750092845	0.9806044290185716	0.023483556700836943	0.011776497046032017	0.0048510804280692986	0.0017439003032753836	0.0005824577422455605	0.00019229065763231914	6.226577853192232e-5	2.00560520779401e-5	7.89429074084786e-6
30.0	-15.0	-1.5	0.25472079470609743	0.450259524289588	0.633798721781333	0.7727502920750915	0.8648256796435924	0.9213936808583963	0.9543593868850416	0.9724361612925814	0.9818613248587994	0.015370327061182694	0.007592439662180351	0.003106301442362865	0.001123559252736561	0.00038280350894700447	0.0001291094132438195	4.02318714150444e-5	1.4267656007254814e-5	5.776088714317653e-6
31.0	-15.0	-1.5	0.2579785912930056	0.45412706222907423	0.6367301649579515	0.7743966597117564	0.8654692790625678	0.921285540240317	0.9539008052324827	0.9713909187352581	0.9801855544037344	0.010744065236149129	0.005063634229974145	0.0020203876548127524	0.0007218894836679033	0.00024422391207228685	8.239999452237036e-5	2.7070828964967e-5	9.427485993661945e-6	4.162735606138354e-6
32.0	-15.0	-1.5	0.2509109938259294	0.4453419813795927	0.6299692950028023	0.7706129262450088	0.8637222822714542	0.9205839593030404	0.9537639971307974	0.9715436750092851	0.9806044290185723	0.023483556700836957	0.01177649704603203	0.004851080428069304	0.001743900303275388	0.0005824577422455631	0.00019229065763232066	6.22657785319231e-5	2.0056052077940548e-5	7.894290740848112e-6
33.0	-15.0	-1.5	0.25707767287504946	0.4535610818167981	0.6365533812998346	0.7744075952231004	0.8655130803228408	0.9212862846534586	0.9539185661792872	0.971401186509905	0.9801965967566538	0.011739135336677767	0.005236362374218159	0.0020153595530712732	0.0007038779083841743	0.00023459265309371045	7.838937460743947e-5	2.6180807208798952e-5	8.886298575606092e-6	3.944155246485961e-6
34.0	-15.0	-1.5	0.25707767287504946	0.4535610818167981	0.6365533812998347	0.7744075952231004	0.8655130803228407	0.9212862846534585	0.953918566179287	0.9714011865099048	0.9801965967566537	0.011739135336677755	0.005236362374218155	0.0020153595530712715	0.0007038779083841732	0.0002345926530937097	7.838937460743899e-5	2.6180807208798688e-5	8.886298575605926e-6	3.944155246485852e-6
35.0	-15.0	-1.5	0.2579785912930057	0.4541270622290743	0.6367301649579515	0.7743966597117566	0.865469279062568	0.9212855402403171	0.9539008052324828	0.9713909187352582	0.9801855544037346	0.010744065236149134	0.005063634229974148	0.0020203876548127524	0.0007218894836679043	0.00024422391207228706	8.239999452237051e-5	2.707082896496708e-5	9.427485993661977e-6	4.162735606138372e-6
36.0	-15.0	-1.5	0.2547207947060974	0.45025952428958793	0.633798721781333	0.7727502920750915	0.8648256796435924	0.9213936808583963	0.9543593868850416	0.9724361612925814	0.9818613248587994	0.01537032706118269	0.007592439662180352	0.003106301442362869	0.0011235592527365625	0.0003828035089470054	0.00012910941324382008	4.0231871415044705e-5	1.4267656007254978e-5	5.7760887143177415e-6
37.0	-15.0	-1.5	0.25091099382592935	0.4453419813795925	0.6299692950028021	0.7706129262450084	0.863722282271454	0.9205839593030403	0.9537639971307973	0.971543675009285	0.980604429018572	0.02348355670083695	0.011776497046032015	0.0048510804280692986	0.0017439003032753832	0.0005824577422455608	0.00019229065763231917	6.226577853192228e-5	2.00560520779401e-5	7.894290740847851e-6
38.0	-15.0	-1.5	0.2579785912930056	0.4541270622290742	0.6367301649579513	0.7743966597117561	0.8654692790625673	0.9212855402403164	0.9539008052324822	0.9713909187352576	0.980185554403734	0.010744065236149122	0.005063634229974141	0.00202038765481275	0.0007218894836679025	0.0002442239120722861	8.239999452236994e-5	2.7070828964966732e-5	9.42748599366178e-6	4.162735606138245e-6
39.0	-15.0	-1.5	0.2570776728750496	0.4535610818167983	0.636553381299835	0.7744075952231007	0.8655130803228411	0.921286284653459	0.9539185661792875	0.9714011865099054	0.9801965967566542	0.011739135336677777	0.005236362374218161	0.0020153595530712754	0.0007038779083841766	0.00023459265309371124	7.838937460744004e-5	2.6180807208799277e-5	8.88629857560627e-6	3.944155246486072e-6
40.0	-15.0	-1.5	0.25091099382592935	0.4453419813795925	0.6299692950028021	0.7706129262450087	0.863722282271454	0.9205839593030403	0.9537639971307973	0.971543675009285	0.980604429018572	0.02348355670083694	0.011776497046032012	0.004851080428069298	0.0017439003032753816	0.0005824577422455595	0.00019229065763231865	6.226577853192202e-5	2.005605207793989e-5	7.89429074084776e-6
41.0	-15.0	-1.5	0.25707767287504935	0.45356108181679794	0.6365533812998345	0.7744075952231001	0.8655130803228404	0.9212862846534581	0.9539185661792866	0.9714011865099044	0.9801965967566532	0.011739135336677756	0.005236362374218151	0.00201535955307127	0.0007038779083841728	0.00023459265309370907	7.838937460743865e-5	2.618080720879848e-5	8.886298575605808e-6	3.944155246485768e-6
42.0	-15.0	-1.5	0.2509109938259293	0.4453419813795925	0.6299692950028021	0.7706129262450084	0.8637222822714539	0.9205839593030402	0.9537639971307971	0.9715436750092848	0.9806044290185719	0.023483556700836947	0.011776497046032017	0.004851080428069296	0.001743900303275381	0.0005824577422455595	0.00019229065763231868	6.226577853192194e-5	2.00560520779399e-5	7.894290740847754e-6
43.0	-15.0	-1.5	0.2579785912930056	0.4541270622290743	0.6367301649579515	0.7743966597117566	0.8654692790625678	0.921285540240317	0.9539008052324827	0.9713909187352581	0.9801855544037344	0.01074406523614913	0.005063634229974146	0.0020203876548127524	0.0007218894836679038	0.00024422391207228717	8.23999945223705e-5	2.707082896496705e-5	9.42748599366197e-6	4.16273560613836e-6
44.0	-15.0	-1.5	0.25472079470609743	0.45025952428958815	0.6337987217813332	0.7727502920750917	0.8648256796435927	0.9213936808583967	0.954359386885042	0.9724361612925817	0.9818613248587997	0.015370327061182696	0.0075924396621803525	0.0031063014423628665	0.0011235592527365599	0.00038280350894700387	0.00012910941324381918	4.0231871415044156e-5	1.4267656007254699e-5	5.776088714317592e-6
45.0	-15.0	-1.5	0.25482598952724195	0.4503286384427268	0.6338566754064261	0.7728055076598398	0.8648475534938248	0.9213570636089735	0.9543816767536617	0.9724303487421349	0.981865292456275	0.01584371718764101	0.007803234259447232	0.00318783679081696	0.0011504186187766268	0.00039073259837623395	0.00013152528035500924	4.142876112615008e-5	1.447868022190073e-5	5.906476282093369e-6
46.0	-15.0	-1.5	0.254825989527242	0.45032863844272686	0.6338566754064262	0.7728055076598401	0.8648475534938251	0.9213570636089737	0.954381676753662	0.9724303487421351	0.9818652924562753	0.015843717187641007	0.007803234259447223	0.0031878367908169548	0.0011504186187766227	0.0003907325983762315	0.0001315252803550077	4.14287611261492e-5	1.447868022190023e-5	5.906476282093065e-6
47.0	-15.0	-1.5	0.250823475921131	0.4451877474816208	0.6296152828211098	0.7705155886866388	0.8640198605961517	0.9207002091956474	0.9535411914940393	0.9716545114371246	0.9806158820556656	0.023547087273319264	0.011823135842907184	0.004879441711146023	0.0017784913335045255	0.0005904644864200472	0.00018718502136453496	6.26190360306203e-5	1.960555259142812e-5	7.811483818522999e-6
48.0	-15.0	-1.5	0.25797512967037023	0.45415760763267143	0.6367961770622093	0.7745014411114245	0.8655489743979006	0.9212681155727972	0.9539150057088066	0.971407768542255	0.980206558686878	0.010889700533316877	0.005139815951795326	0.0020562099360427	0.0007335111228030756	0.0002465106380367039	8.25939166347402e-5	2.8517841544796944e-5	9.441539924198624e-6	4.246430188849716e-6
49.0	-15.0	-1.5	0.2508234759211309	0.44518774748162077	0.6296152828211096	0.7705155886866387	0.8640198605961517	0.9207002091956474	0.9535411914940393	0.9716545114371246	0.9806158820556656	0.02354708727331925	0.011823135842907166	0.004879441711146012	0.0017784913335045188	0.0005904644864200433	0.0001871850213645328	6.261903603061907e-5	1.9605552591427446e-5	7.811483818522616e-6
50.0	-15.0	-1.5	0.254825989527242	0.4503286384427268	0.633856675406426	0.7728055076598398	0.8648475534938247	0.9213570636089735	0.9543816767536617	0.9724303487421349	0.981865292456275	0.01584371718764101	0.0078032342594472285	0.003187836790816961	0.0011504186187766263	0.00039073259837623373	0.00013152528035500913	4.1428761126150005e-5	1.4478680221900685e-5	5.906476282093333e-6
51.0	-15.0	-1.5	0.2508234759211309	0.4451877474816208	0.6296152828211096	0.7705155886866387	0.8640198605961517	0.9207002091956474	0.9535411914940393	0.9716545114371246	0.9806158820556656	0.023547087273319237	0.011823135842907163	0.004879441711146008	0.0017784913335045143	0.0005904644864200406	0.00018718502136453132	6.261903603061826e-5	1.9605552591426992e-5	7.811483818522353e-6
52.0	-15.0	-1.5	0.254825989527242	0.4503286384427268	0.6338566754064261	0.7728055076598398	0.8648475534938248	0.9213570636089735	0.9543816767536617	0.9724303487421349	0.981865292456275	0.015843717187641	0.0078032342594472285	0.003187836790816958	0.001150418618776625	0.00039073259837623265	0.00013152528035500867	4.142876112614978e-5	1.4478680221900533e-5	5.90647628209324e-6
53.0	-15.0	-1.5	0.2579751296703703	0.45415760763267143	0.6367961770622093	0.7745014411114245	0.8655489743979004	0.9212681155727971	0.9539150057088064	0.9714077685422547	0.9802065586868779	0.01088970053331687	0.005139815951795326	0.002056209936042698	0.0007335111228030744	0.0002465106380367034	8.259391663473982e-5	2.8517841544796737e-5	9.441539924198502e-6	4.24643018884963e-6
54.0	-15.0	-1.5	0.2508234759211309	0.44518774748162065	0.6296152828211095	0.7705155886866386	0.8640198605961514	0.9207002091956473	0.9535411914940392	0.9716545114371244	0.9806158820556654	0.023547087273319264	0.011823135842907177	0.004879441711146018	0.0017784913335045242	0.0005904644864200461	0.00018718502136453466	6.261903603062013e-5	1.9605552591428043e-5	7.811483818522936e-6
55.0	-15.0	-1.5	0.25482598952724195	0.45032863844272664	0.6338566754064259	0.7728055076598398	0.8648475534938247	0.9213570636089735	0.9543816767536617	0.9724303487421349	0.981865292456275	0.015843717187641007	0.0078032342594472354	0.003187836790816963	0.0011504186187766279	0.0003907325983762353	0.00013152528035501	4.14287611261505e-5	1.4478680221900968e-5	5.9064762820934975e-6
56.0	-15.0	-1.5	0.25797512967037034	0.4541576076326716	0.6367961770622095	0.7745014411114248	0.8655489743979009	0.9212681155727975	0.9539150057088068	0.9714077685422553	0.9802065586868783	0.010889700533316875	0.005139815951795327	0.0020562099360426993	0.0007335111228030754	0.00024651063803670357	8.259391663474004e-5	2.8517841544796855e-5	9.441539924198575e-6	4.24643018884969e-6
57.0	-15.0	-1.5	0.25797512967037034	0.4541576076326715	0.6367961770622094	0.7745014411114247	0.8655489743979007	0.9212681155727974	0.9539150057088067	0.9714077685422551	0.9802065586868781	0.010889700533316877	0.005139815951795329	0.0020562099360427006	0.0007335111228030757	0.00024651063803670384	8.25939166347402e-5	2.8517841544796994e-5	9.441539924198673e-6	4.2464301888497624e-6
58.0	-15.0	-1.5	0.2548259895272421	0.45032863844272697	0.6338566754064263	0.77280550765984	0.8648475534938251	0.9213570636089737	0.954381676753662	0.9724303487421351	0.9818652924562753	0.015843717187641007	0.007803234259447232	0.003187836790816959	0.0011504186187766263	0.00039073259837623346	0.00013152528035500902	4.142876112614993e-5	1.4478680221900622e-5	5.906476282093281e-6
59.0	-15.0	-1.5	0.25797512967037034	0.4541576076326716	0.6367961770622095	0.774501441111425	0.8655489743979009	0.9212681155727975	0.953915005708807	0.9714077685422553	0.9802065586868783	0.010889700533316882	0.005139815951795331	0.0020562099360427024	0.0007335111228030761	0.00024651063803670466	8.259391663474054e-5	2.8517841544797164e-5	9.441539924198756e-6	4.246430188849801e-6
60.0	-15.0	-1.5	0.2508234759211309	0.44518774748162077	0.6296152828211096	0.7705155886866387	0.8640198605961517	0.9207002091956473	0.9535411914940393	0.9716545114371246	0.9806158820556656	0.023547087273319257	0.011823135842907173	0.004879441711146018	0.0017784913335045218	0.0005904644864200452	0.00018718502136453374	6.261903603061961e-5	1.9605552591427748e-5	7.811483818522821e-6
61.0	-15.0	-1.5	0.2508234759211309	0.44518774748162077	0.6296152828211096	0.7705155886866386	0.8640198605961514	0.9207002091956473	0.9535411914940392	0.9716545114371244	0.9806158820556654	0.02354708727331926	0.011823135842907175	0.004879441711146018	0.0017784913335045223	0.0005904644864200452	0.0001871850213645339	6.261903603061974e-5	1.960555259142781e-5	7.811483818522821e-6
62.0	-15.0	-1.5	0.2579751296703703	0.4541576076326715	0.6367961770622093	0.7745014411114245	0.8655489743979004	0.9212681155727971	0.9539150057088066	0.9714077685422547	0.9802065586868779	0.010889700533316875	0.005139815951795332	0.002056209936042702	0.0007335111228030768	0.0002465106380367046	8.259391663474058e-5	2.8517841544797194e-5	9.441539924198778e-6	4.246430188849825e-6
63.0	-15.0	-1.5	0.254825989527242	0.4503286384427268	0.6338566754064261	0.7728055076598401	0.8648475534938251	0.9213570636089737	0.954381676753662	0.9724303487421351	0.9818652924562753	0.015843717187641007	0.00780323425944723	0.0031878367908169587	0.0011504186187766244	0.0003907325983762329	0.00013152528035500867	4.1428761126149754e-5	1.447868022190052e-5	5.906476282093247e-6
64.0	-15.0	-1.5	0.25797512967037034	0.4541576076326715	0.6367961770622094	0.7745014411114247	0.8655489743979007	0.9212681155727974	0.9539150057088067	0.9714077685422551	0.9802065586868781	0.010889700533316877	0.005139815951795328	0.002056209936042701	0.0007335111228030764	0.00024651063803670406	8.259391663474028e-5	2.8517841544796994e-5	9.441539924198665e-6	4.246430188849739e-6
65.0	-15.0	-1.5	0.25797512967037023	0.45415760763267143	0.6367961770622091	0.7745014411114244	0.8655489743979001	0.9212681155727966	0.9539150057088059	0.9714077685422543	0.9802065586868773	0.010889700533316872	0.005139815951795325	0.0020562099360426993	0.000733511122803075	0.0002465106380367035	8.259391663473995e-5	2.8517841544796845e-5	9.441539924198568e-6	4.246430188849677e-6
66.0	-15.0	-1.5	0.254825989527242	0.45032863844272686	0.6338566754064261	0.7728055076598398	0.8648475534938248	0.9213570636089735	0.9543816767536617	0.9724303487421349	0.981865292456275	0.015843717187641007	0.007803234259447229	0.003187836790816959	0.001150418618776625	0.00039073259837623303	0.00013152528035500875	4.1428761126149815e-5	1.4478680221900561e-5	5.906476282093252e-6
67.0	-15.0	-1.5	0.250823475921131	0.4451877474816209	0.6296152828211098	0.7705155886866388	0.8640198605961518	0.9207002091956475	0.9535411914940394	0.9716545114371247	0.9806158820556657	0.02354708727331926	0.011823135842907177	0.00487944171114602	0.0017784913335045231	0.0005904644864200455	0.00018718502136453393	6.26190360306198e-5	1.960555259142787e-5	7.811483818522862e-6
68.0	-15.0	-1.5	0.2508234759211309	0.44518774748162077	0.6296152828211096	0.7705155886866386	0.8640198605961514	0.9207002091956473	0.9535411914940392	0.9716545114371244	0.9806158820556654	0.023547087273319247	0.011823135842907164	0.004879441711146011	0.0017784913335045195	0.0005904644864200431	0.00018718502136453284	6.261903603061907e-5	1.9605552591427426e-5	7.811483818522606e-6
69.0	-15.0	-1.5	0.25699599170006465	0.4534947722819578	0.6365402636321352	0.7744784596101507	0.8655842712639893	0.9212340814637436	0.9537526399773936	0.9712729483579003	0.9799563875710456	0.01065563957789939	0.004721012488453547	0.001813230647721819	0.000629837427809551	0.00020738955568642568	6.84024641866556e-5	2.3781367151328788e-5	7.788670486102783e-6	3.559274896279572e-6
70.0	-15.0	-1.5	0.2569959917000647	0.45349477228195784	0.6365402636321353	0.7744784596101508	0.8655842712639895	0.9212340814637437	0.9537526399773938	0.9712729483579005	0.9799563875710458	0.0106556395778994	0.0047210124884535494	0.0018132306477218207	0.0006298374278095527	0.00020738955568642677	6.840246418665611e-5	2.3781367151329136e-5	7.788670486102983e-6	3.5592748962796835e-6
71.0	-15.0	-1.5	0.25699599170006465	0.4534947722819578	0.6365402636321352	0.7744784596101507	0.8655842712639894	0.9212340814637436	0.9537526399773936	0.9712729483579003	0.9799563875710456	0.010655639577899395	0.004721012488453548	0.001813230647721819	0.0006298374278095522	0.00020738955568642625	6.840246418665587e-5	2.3781367151328964e-5	7.788670486102869e-6	3.559274896279602e-6
72.0	-15.0	-1.5	0.25699599170006454	0.45349477228195767	0.6365402636321351	0.7744784596101507	0.8655842712639894	0.9212340814637437	0.9537526399773938	0.9712729483579005	0.9799563875710458	0.0106556395778994	0.004721012488453552	0.0018132306477218207	0.0006298374278095528	0.000207389555686427	6.840246418665622e-5	2.3781367151329164e-5	7.788670486103003e-6	3.5592748962797e-6
73.0	-15.0	-1.5	0.25975522007635166	0.45625640185816313	0.6382044452921489	0.7752252560740058	0.8660850830271171	0.9213799646349478	0.9531273077768637	0.9704983831912812	0.9784627937438561	0.006867960425940874	0.0029413478952256293	0.001109337050110917	0.00038859549150182415	0.0001315742767045643	4.115501329746958e-5	1.38668594813507e-5	5.212529774615743e-6	2.3634096242197613e-6
74.0	-15.0	-1.5	0.2597687155429487	0.4562380976663387	0.6381709040864785	0.7751228676044358	0.8658736942530376	0.921445421891085	0.9531628912329302	0.9704440532838878	0.9784553688657875	0.007001159212099651	0.002986374463976796	0.0011214686729779154	0.0003912812594259881	0.00013218899976259995	4.25627623350635e-5	1.3848668446366957e-5	5.396880725014137e-6	2.3951495267801805e-6
75.0	-15.0	-1.5	0.2597687155429487	0.45623809766633866	0.6381709040864783	0.7751228676044355	0.8658736942530373	0.9214454218910846	0.9531628912329299	0.9704440532838875	0.9784553688657872	0.007001159212099646	0.00298637446397679	0.0011214686729779121	0.0003912812594259863	0.000132188999762599	4.256276233506293e-5	1.3848668446366665e-5	5.396880725013961e-6	2.3951495267800687e-6
76.0	-15.0	-1.5	0.25975522007635177	0.45625640185816324	0.6382044452921489	0.7752252560740058	0.8660850830271171	0.9213799646349478	0.9531273077768637	0.9704983831912812	0.9784627937438561	0.006867960425940875	0.002941347895225627	0.0011093370501109162	0.00038859549150182377	0.00013157427670456407	4.1155013297469396e-5	1.3866859481350584e-5	5.2125297746156814e-6	2.3634096242197096e-6
77.0	-15.0	-1.5	0.2597552200763517	0.45625640185816313	0.6382044452921489	0.7752252560740056	0.866085083027117	0.9213799646349475	0.9531273077768632	0.9704983831912808	0.9784627937438557	0.006867960425940874	0.0029413478952256275	0.001109337050110916	0.00038859549150182344	0.00013157427670456396	4.115501329746933e-5	1.3866859481350559e-5	5.212529774615657e-6	2.3634096242197016e-6
78.0	-15.0	-1.5	0.2597687155429486	0.45623809766633866	0.6381709040864783	0.7751228676044355	0.8658736942530373	0.9214454218910847	0.9531628912329299	0.9704440532838875	0.9784553688657872	0.007001159212099647	0.002986374463976794	0.0011214686729779139	0.0003912812594259874	0.00013218899976259946	4.256276233506319e-5	1.3848668446366806e-5	5.396880725014045e-6	2.3951495267801182e-6
79.0	-15.0	-1.5	0.25976871554294867	0.45623809766633855	0.6381709040864781	0.7751228676044354	0.8658736942530371	0.9214454218910845	0.9531628912329297	0.9704440532838874	0.9784553688657871	0.007001159212099643	0.002986374463976788	0.0011214686729779106	0.00039128125942598563	0.00013218899976259865	4.256276233506273e-5	1.3848668446366516e-5	5.39688072501388e-6	2.3951495267800195e-6
80.0	-15.0	-1.5	0.25975522007635177	0.45625640185816324	0.6382044452921489	0.7752252560740058	0.8660850830271171	0.9213799646349476	0.9531273077768635	0.9704983831912811	0.978462793743856	0.0068679604259408765	0.0029413478952256306	0.0011093370501109182	0.0003885954915018248	0.00013157427670456467	4.1155013297469776e-5	1.3866859481350825e-5	5.21252977461582e-6	2.363409624219804e-6
81.0	-15.0	-1.5	0.2597552200763516	0.4562564018581631	0.6382044452921487	0.7752252560740056	0.866085083027117	0.9213799646349476	0.9531273077768635	0.9704983831912811	0.978462793743856	0.006867960425940868	0.0029413478952256254	0.0011093370501109158	0.0003885954915018235	0.00013157427670456394	4.115501329746935e-5	1.3866859481350564e-5	5.2125297746156645e-6	2.363409624219711e-6
82.0	-15.0	-1.5	0.2597687155429485	0.4562380976663384	0.6381709040864779	0.7751228676044352	0.865873694253037	0.9214454218910842	0.9531628912329296	0.9704440532838872	0.9784553688657869	0.007001159212099644	0.0029863744639767906	0.001121468672977913	0.00039128125942598655	0.00013218899976259917	4.2562762335063054e-5	1.3848668446366691e-5	5.3968807250139864e-6	2.3951495267800826e-6
83.0	-15.0	-1.5	0.2597552200763517	0.45625640185816313	0.6382044452921489	0.7752252560740058	0.8660850830271171	0.9213799646349478	0.9531273077768637	0.9704983831912812	0.9784627937438561	0.006867960425940875	0.002941347895225629	0.0011093370501109165	0.00038859549150182393	0.00013157427670456426	4.115501329746952e-5	1.3866859481350654e-5	5.212529774615709e-6	2.3634096242197316e-6
84.0	-15.0	-1.5	0.2597687155429486	0.45623809766633855	0.638170904086478	0.7751228676044354	0.8658736942530371	0.9214454218910846	0.9531628912329297	0.9704440532838874	0.9784553688657871	0.007001159212099647	0.002986374463976792	0.0011214686729779128	0.0003912812594259864	0.00013218899976259906	4.2562762335062986e-5	1.3848668446366672e-5	5.3968807250139746e-6	2.3951495267800877e-6
85.0	-15.0	-1.5	0.2597687155429485	0.4562380976663383	0.6381709040864778	0.775122867604435	0.8658736942530368	0.9214454218910839	0.9531628912329293	0.9704440532838868	0.9784553688657865	0.0070011592120996415	0.0029863744639767884	0.001121468672977911	0.0003912812594259855	0.0001321889997625985	4.256276233506264e-5	1.3848668446366467e-5	5.396880725013866e-6	2.39514952678001e-6
86.0	-15.0	-1.5	0.25976871554294856	0.4562380976663383	0.6381709040864778	0.775122867604435	0.8658736942530368	0.9214454218910842	0.9531628912329294	0.970444053283887	0.9784553688657868	0.007001159212099638	0.0029863744639767862	0.0011214686729779085	0.0003912812594259843	0.00013218899976259778	4.256276233506226e-5	1.3848668446366252e-5	5.396880725013726e-6	2.395149526779917e-6
87.0	-15.0	-1.5	0.25975522007635166	0.4562564018581631	0.6382044452921487	0.7752252560740056	0.866085083027117	0.9213799646349476	0.9531273077768635	0.9704983831912811	0.978462793743856	0.006867960425940871	0.002941347895225623	0.0011093370501109147	0.0003885954915018227	0.0001315742767045636	4.115501329746914e-5	1.3866859481350439e-5	5.212529774615586e-6	2.363409624219651e-6
88.0	-15.0	-1.5	0.25975522007635177	0.45625640185816324	0.638204445292149	0.7752252560740059	0.8660850830271172	0.921379964634948	0.9531273077768638	0.9704983831912813	0.9784627937438564	0.006867960425940875	0.0029413478952256275	0.0011093370501109175	0.0003885954915018243	0.00013157427670456456	4.1155013297469606e-5	1.3866859481350732e-5	5.2125297746157585e-6	2.3634096242197617e-6
89.0	-15.0	-1.5	0.23860283735401439	0.4268417759772365	0.6133321526083788	0.7603767231089793	0.8589575552096965	0.9188051217528371	0.9536304200263306	0.9725942388775648	0.9826789600054822	0.05157864009301919	0.030867337507398958	0.014321808059925112	0.005436418586346673	0.001809593803835804	0.0005764617600747756	0.00018786678264025845	5.5006337012025506e-5	2.014077582301609e-5
90.0	-15.0	-1.5	0.2386028373540143	0.42684177597723644	0.6133321526083787	0.760376723108979	0.8589575552096962	0.9188051217528368	0.9536304200263304	0.9725942388775647	0.9826789600054819	0.05157864009301914	0.030867337507398902	0.01432180805992507	0.0054364185863466415	0.001809593803835783	0.0005764617600747631	0.00018786678264025162	5.5006337012021644e-5	2.014077582301398e-5
91.0	-15.0	-1.5	0.2508963636294919	0.4451800876582174	0.6295936445851551	0.7702215973254624	0.8637151733097743	0.9209037347083713	0.9535462319352164	0.971699536895462	0.9805805654101846	0.025165185353138844	0.012664883465266443	0.005222158420547217	0.0018959128722508631	0.0006460911832358642	0.0002063807075886241	6.496354996839656e-5	2.3244710882579835e-5	8.428426570543744e-6
92.0	-15.0	-1.5	0.23860283735401433	0.4268417759772365	0.6133321526083787	0.7603767231089791	0.8589575552096964	0.918805121752837	0.9536304200263307	0.972594238877565	0.9826789600054823	0.051578640093019185	0.030867337507398937	0.014321808059925098	0.005436418586346663	0.0018095938038357965	0.0005764617600747711	0.000187866782640256	5.500633701202405e-5	2.0140775823015335e-5
93.0	-15.0	-1.5	0.23860283735401447	0.42684177597723666	0.6133321526083789	0.7603767231089794	0.8589575552096966	0.9188051217528372	0.953630420026331	0.9725942388775654	0.9826789600054826	0.05157864009301923	0.030867337507398986	0.014321808059925126	0.005436418586346682	0.0018095938038358089	0.0005764617600747776	0.00018786678264025986	5.5006337012026265e-5	2.0140775823016514e-5
94.0	-15.0	-1.5	0.2508963636294919	0.4451800876582174	0.6295936445851551	0.7702215973254624	0.8637151733097743	0.9209037347083713	0.9535462319352164	0.971699536895462	0.9805805654101846	0.025165185353138834	0.01266488346526644	0.005222158420547214	0.0018959128722508608	0.0006460911832358623	0.00020638070758862283	6.496354996839584e-5	2.324471088257949e-5	8.428426570543548e-6
95.0	-15.0	-1.5	0.23860283735401433	0.42684177597723644	0.6133321526083787	0.760376723108979	0.8589575552096962	0.9188051217528368	0.9536304200263304	0.9725942388775647	0.9826789600054819	0.05157864009301918	0.030867337507398937	0.014321808059925103	0.005436418586346664	0.0018095938038357995	0.0005764617600747724	0.00018786678264025682	5.500633701202461e-5	2.0140775823015582e-5
96.0	-15.0	-1.5	0.25089636362949186	0.44518008765821737	0.629593644585155	0.7702215973254621	0.8637151733097742	0.9209037347083712	0.9535462319352161	0.9716995368954617	0.9805805654101845	0.025165185353138827	0.01266488346526643	0.005222158420547206	0.0018959128722508562	0.0006460911832358598	0.00020638070758862136	6.496354996839502e-5	2.324471088257902e-5	8.428426570543263e-6
97.0	-15.0	-1.5	0.25089636362949186	0.4451800876582174	0.629593644585155	0.7702215973254621	0.8637151733097742	0.9209037347083712	0.9535462319352161	0.9716995368954617	0.9805805654101845	0.025165185353138816	0.012664883465266431	0.005222158420547211	0.001895912872250859	0.0006460911832358613	0.0002063807075886222	6.496354996839547e-5	2.324471088257928e-5	8.428426570543404e-6
98.0	-15.0	-1.5	0.23860283735401447	0.42684177597723666	0.6133321526083789	0.7603767231089794	0.8589575552096969	0.9188051217528372	0.953630420026331	0.9725942388775654	0.9826789600054826	0.051578640093019205	0.03086733750739897	0.014321808059925117	0.005436418586346674	0.0018095938038358039	0.0005764617600747754	0.00018786678264025853	5.50063370120255e-5	2.014077582301608e-5
99.0	-15.0	-1.5	0.2386028373540144	0.4268417759772365	0.6133321526083787	0.7603767231089791	0.8589575552096964	0.918805121752837	0.9536304200263306	0.9725942388775648	0.9826789600054822	0.051578640093019185	0.030867337507398947	0.014321808059925107	0.005436418586346668	0.0018095938038358015	0.0005764617600747742	0.00018786678264025796	5.500633701202528e-5	2.014077582301596e-5
100.0	-15.0	-1.5	0.2508963636294919	0.4451800876582176	0.6295936445851553	0.7702215973254626	0.8637151733097749	0.9209037347083717	0.9535462319352168	0.9716995368954624	0.980580565410185	0.025165185353138834	0.012664883465266442	0.005222158420547215	0.0018959128722508601	0.000646091183235862	0.00020638070758862266	6.496354996839578e-5	2.3244710882579422e-5	8.428426570543507e-6
101.0	-15.0	-1.5	0.2508963636294919	0.4451800876582176	0.6295936445851552	0.7702215973254625	0.8637151733097745	0.9209037347083715	0.9535462319352165	0.9716995368954621	0.9805805654101847	0.025165185353138827	0.012664883465266438	0.005222158420547211	0.001895912872250859	0.0006460911832358611	0.00020638070758862215	6.49635499683954e-5	2.324471088257925e-5	8.42842657054338e-6
102.0	-15.0	-1.5	0.25089636362949186	0.44518008765821754	0.6295936445851551	0.7702215973254624	0.8637151733097743	0.9209037347083713	0.9535462319352164	0.971699536895462	0.9805805654101846	0.025165185353138834	0.012664883465266445	0.00522215842054722	0.0018959128722508647	0.0006460911832358644	0.00020638070758862413	6.496354996839661e-5	2.3244710882579917e-5	8.428426570543802e-6
103.0	-15.0	-1.5	0.2508963636294919	0.44518008765821754	0.6295936445851552	0.7702215973254624	0.8637151733097743	0.9209037347083713	0.9535462319352164	0.971699536895462	0.9805805654101846	0.025165185353138827	0.012664883465266433	0.005222158420547213	0.0018959128722508595	0.0006460911832358612	0.00020638070758862223	6.496354996839546e-5	2.324471088257928e-5	8.42842657054341e-6
104.0	-15.0	-1.5	0.2386028373540144	0.42684177597723666	0.6133321526083789	0.7603767231089794	0.8589575552096969	0.9188051217528372	0.953630420026331	0.9725942388775654	0.9826789600054826	0.05157864009301922	0.03086733750739898	0.014321808059925127	0.005436418586346681	0.0018095938038358095	0.000576461760074778	0.00018786678264025997	5.5006337012026265e-5	2.014077582301652e-5
105.0	-15.0	-1.5	0.25971709436192303	0.4561996002306727	0.6381515827901302	0.7751336423666567	0.8659245870373603	0.9214264391978761	0.953147830163101	0.9704741056161317	0.9784569218205693	0.006805333198348881	0.00290526606774783	0.0010928286649931494	0.0003818885462153321	0.00012913709596597777	4.1114173277130884e-5	1.3536445372190662e-5	5.265581522345035e-6	2.3182098618286496e-6
106.0	-15.0	-1.5	0.2597170943619231	0.4561996002306727	0.6381515827901302	0.7751336423666567	0.8659245870373603	0.9214264391978761	0.953147830163101	0.9704741056161317	0.9784569218205693	0.0068053331983488775	0.002905266067747827	0.0010928286649931477	0.0003818885462153314	0.00012913709596597725	4.1114173277130586e-5	1.3536445372190498e-5	5.265581522344938e-6	2.318209861828589e-6
107.0	-15.0	-1.5	0.25971709436192303	0.45619960023067263	0.6381515827901301	0.7751336423666567	0.8659245870373603	0.9214264391978761	0.953147830163101	0.9704741056161317	0.9784569218205693	0.006805333198348879	0.002905266067747826	0.0010928286649931481	0.0003818885462153319	0.00012913709596597741	4.1114173277130694e-5	1.3536445372190542e-5	5.265581522344965e-6	2.318209861828602e-6
108.0	-15.0	-1.5	0.2597170943619231	0.45619960023067274	0.6381515827901303	0.7751336423666568	0.8659245870373604	0.9214264391978764	0.9531478301631011	0.9704741056161318	0.9784569218205695	0.0068053331983488775	0.0029052660677478257	0.0010928286649931477	0.00038188854621533125	0.0001291370959659772	4.11141732771305e-5	1.3536445372190471e-5	5.265581522344923e-6	2.3182098618285746e-6
109.0	-15.0	-1.5	0.2597170943619231	0.4561996002306727	0.6381515827901302	0.7751336423666567	0.8659245870373603	0.921426439197876	0.9531478301631008	0.9704741056161313	0.978456921820569	0.006805333198348874	0.002905266067747822	0.001092828664993146	0.0003818885462153299	0.0001291370959659764	4.111417327713007e-5	1.3536445372190191e-5	5.26558152234476e-6	2.318209861828467e-6
110.0	-15.0	-1.5	0.2597170943619229	0.4561996002306725	0.6381515827901301	0.7751336423666565	0.8659245870373602	0.9214264391978758	0.9531478301631007	0.9704741056161311	0.9784569218205689	0.006805333198348871	0.002905266067747824	0.0010928286649931462	0.0003818885462153305	0.0001291370959659766	4.1114173277130206e-5	1.353644537219028e-5	5.265581522344816e-6	2.3182098618285128e-6
111.0	-15.0	-1.5	0.25971709436192314	0.45619960023067285	0.6381515827901304	0.7751336423666568	0.8659245870373604	0.9214264391978764	0.9531478301631011	0.9704741056161317	0.9784569218205693	0.00680533319834888	0.0029052660677478252	0.0010928286649931473	0.00038188854621533104	0.00012913709596597703	4.111417327713045e-5	1.3536445372190417e-5	5.265581522344884e-6	2.3182098618285437e-6
112.0	-15.0	-1.5	0.2597170943619231	0.45619960023067274	0.6381515827901303	0.7751336423666568	0.8659245870373604	0.9214264391978764	0.9531478301631011	0.9704741056161318	0.9784569218205695	0.006805333198348882	0.002905266067747828	0.001092828664993149	0.0003818885462153321	0.00012913709596597766	4.1114173277130796e-5	1.3536445372190625e-5	5.265581522345009e-6	2.31820986182863e-6
113.0	-15.0	-1.5	0.25974575591173044	0.4562290592982602	0.6382027099049881	0.7751067885314697	0.865732862349937	0.9213884867225549	0.9532388279634788	0.9703609142290462	0.9784560910872756	0.0067300658267900855	0.002865362327386345	0.0010734515914659034	0.00037304087321549475	0.0001254872316389374	4.232735972221888e-5	1.3177894971349477e-5	5.0500195397914885e-6	2.2607756925818226e-6
114.0	-15.0	-1.5	0.25974575591173044	0.4562290592982603	0.6382027099049882	0.7751067885314697	0.8657328623499368	0.9213884867225548	0.9532388279634787	0.9703609142290461	0.9784560910872755	0.006730065826790088	0.002865362327386347	0.0010734515914659045	0.0003730408732154951	0.0001254872316389377	4.232735972221907e-5	1.3177894971349598e-5	5.050019539791563e-6	2.260775692581877e-6
115.0	-15.0	-1.5	0.2597457559117303	0.4562290592982601	0.638202709904988	0.7751067885314696	0.8657328623499366	0.9213884867225547	0.9532388279634785	0.970360914229046	0.9784560910872753	0.00673006582679008	0.002865362327386342	0.0010734515914659012	0.00037304087321549356	0.00012548723163893663	4.232735972221847e-5	1.3177894971349235e-5	5.0500195397913555e-6	2.2607756925817405e-6
116.0	-15.0	-1.5	0.25974575591173027	0.45622905929825996	0.6382027099049876	0.775106788531469	0.8657328623499362	0.9213884867225541	0.953238827963478	0.9703609142290455	0.9784560910872748	0.0067300658267900795	0.002865362327386342	0.0010734515914659006	0.00037304087321549367	0.00012548723163893663	4.232735972221851e-5	1.3177894971349264e-5	5.050019539791366e-6	2.26077569258175e-6
117.0	-15.0	-1.5	0.2597457559117304	0.45622905929826013	0.638202709904988	0.7751067885314696	0.8657328623499368	0.9213884867225548	0.9532388279634787	0.9703609142290461	0.9784560910872755	0.006730065826790083	0.0028653623273863444	0.0010734515914659023	0.0003730408732154941	0.00012548723163893693	4.232735972221866e-5	1.3177894971349357e-5	5.050019539791413e-6	2.2607756925817756e-6
118.0	-15.0	-1.5	0.2597457559117303	0.4562290592982601	0.6382027099049878	0.7751067885314694	0.8657328623499365	0.9213884867225545	0.9532388279634784	0.9703609142290458	0.9784560910872752	0.006730065826790084	0.0028653623273863452	0.0010734515914659032	0.0003730408732154945	0.00012548723163893741	4.232735972221892e-5	1.317789497134949e-5	5.050019539791505e-6	2.260775692581831e-6
119.0	-15.0	-1.5	0.2597457559117304	0.4562290592982601	0.638202709904988	0.7751067885314694	0.8657328623499365	0.9213884867225545	0.9532388279634784	0.9703609142290458	0.9784560910872752	0.006730065826790086	0.0028653623273863444	0.001073451591465904	0.00037304087321549497	0.00012548723163893741	4.2327359722218955e-5	1.3177894971349515e-5	5.050019539791522e-6	2.2607756925818455e-6
120.0	-15.0	-1.5	0.2597457559117304	0.45622905929826013	0.638202709904988	0.7751067885314696	0.8657328623499368	0.9213884867225548	0.9532388279634787	0.9703609142290461	0.9784560910872755	0.0067300658267900855	0.0028653623273863435	0.0010734515914659025	0.0003730408732154947	0.00012548723163893714	4.232735972221882e-5	1.3177894971349433e-5	5.050019539791471e-6	2.260775692581813e-6
121.0	-15.0	-1.5	0.2570210059288127	0.4535300271123499	0.6365706171013724	0.7744963669215684	0.8656048309298138	0.921282782652376	0.9538592928154253	0.9714300831928385	0.9802272359708796	0.011227920189905776	0.004996347736500866	0.0019237829964818712	0.0006696325219986345	0.00022097761386614509	7.297847084398396e-5	2.5313044612605866e-5	8.20366914299791e-6	3.6760125857831644e-6
122.0	-15.0	-1.5	0.2570210059288131	0.4535300271123506	0.6365706171013732	0.7744963669215692	0.8656048309298149	0.9212827826523771	0.9538592928154263	0.9714300831928396	0.9802272359708807	0.011227920189905791	0.004996347736500873	0.001923782996481875	0.0006696325219986366	0.00022097761386614644	7.29784708439847e-5	2.5313044612606313e-5	8.203669142998166e-6	3.6760125857833266e-6
123.0	-15.0	-1.5	0.257021005928813	0.4535300271123503	0.6365706171013729	0.7744963669215688	0.8656048309298143	0.9212827826523765	0.9538592928154258	0.9714300831928392	0.9802272359708802	0.011227920189905777	0.004996347736500868	0.001923782996481873	0.0006696325219986349	0.00022097761386614525	7.29784708439841e-5	2.5313044612605985e-5	8.203669142997958e-6	3.6760125857831894e-6
124.0	-15.0	-1.5	0.2570210059288129	0.45353002711235013	0.6365706171013726	0.7744963669215685	0.8656048309298141	0.9212827826523764	0.9538592928154257	0.971430083192839	0.98022723597088	0.011227920189905774	0.004996347736500867	0.001923782996481873	0.0006696325219986348	0.00022097761386614547	7.297847084398405e-5	2.5313044612605937e-5	8.203669142997941e-6	3.6760125857831805e-6
125.0	-15.0	-1.5	0.25088131057712665	0.445359889734044	0.6300042406188135	0.7706560241859045	0.8637525533375114	0.9205834842895149	0.9537691417023666	0.9715477745025421	0.9806092061369563	0.025486446622064493	0.012804888371308259	0.005284779168515904	0.001901020597110486	0.0006344509933434042	0.000209225998715253	6.855941807806554e-5	2.185964938585198e-5	8.68736005064603e-6
126.0	-15.0	-1.5	0.2383982412241228	0.42664258617590045	0.6131799073551217	0.7601485218448376	0.858689215400984	0.918862596402556	0.9536340915722163	0.9725698099931543	0.9826339889958717	0.05311160954862744	0.03167943289476462	0.014634354386090839	0.005540311564209866	0.0018652593229013803	0.0006050101749173501	0.00018159325626174205	5.9269535053671905e-5	2.0603714508981968e-5
127.0	-15.0	-1.5	0.25088131057712665	0.445359889734044	0.6300042406188137	0.7706560241859045	0.8637525533375114	0.9205834842895149	0.9537691417023666	0.9715477745025421	0.9806092061369563	0.025486446622064507	0.01280488837130827	0.005284779168515916	0.0019010205971104939	0.0006344509933434086	0.00020922599871525546	6.8559418078067e-5	2.1859649385852785e-5	8.687360050646478e-6
128.0	-15.0	-1.5	0.23839824122412284	0.42664258617590045	0.6131799073551217	0.7601485218448375	0.858689215400984	0.9188625964025559	0.9536340915722161	0.9725698099931542	0.9826339889958715	0.053111609548627425	0.0316794328947646	0.014634354386090832	0.005540311564209859	0.0018652593229013764	0.0006050101749173481	0.00018159325626174085	5.926953505367125e-5	2.060371450898157e-5
129.0	-15.0	-1.5	0.2383982412241228	0.42664258617590045	0.6131799073551217	0.7601485218448375	0.858689215400984	0.9188625964025559	0.9536340915722161	0.9725698099931543	0.9826339889958715	0.05311160954862745	0.03167943289476463	0.01463435438609086	0.005540311564209874	0.0018652593229013853	0.0006050101749173532	0.0001815932562617437	5.9269535053672786e-5	2.0603714508982395e-5
130.0	-15.0	-1.5	0.23839824122412273	0.42664258617590034	0.6131799073551215	0.7601485218448373	0.8586892154009839	0.9188625964025556	0.953634091572216	0.9725698099931542	0.9826339889958714	0.053111609548627425	0.031679432894764624	0.014634354386090856	0.005540311564209877	0.0018652593229013885	0.000605010174917355	0.00018159325626174467	5.926953505367343e-5	2.0603714508982747e-5
131.0	-15.0	-1.5	0.25711057917754077	0.45341677950479464	0.6361896445025363	0.7740904805457356	0.8655190026629644	0.9216038534013983	0.9537222534832301	0.9715142577450646	0.9801639802599458	0.012524868254870277	0.005616865592339339	0.002171260414616996	0.0007698774169826467	0.00026226442515554885	8.513425131818112e-5	2.7260475785739044e-5	1.0379569407282233e-5	4.345805690726372e-6
132.0	-15.0	-1.5	0.25088131057712676	0.4453598897340441	0.6300042406188138	0.7706560241859047	0.8637525533375116	0.9205834842895151	0.9537691417023666	0.971547774502542	0.9806092061369562	0.025486446622064493	0.01280488837130826	0.005284779168515911	0.0019010205971104895	0.0006344509933434058	0.00020922599871525406	6.855941807806614e-5	2.1859649385852317e-5	8.687360050646216e-6
133.0	-15.0	-1.5	0.23839824122412273	0.4266425861759004	0.6131799073551216	0.7601485218448373	0.8586892154009839	0.9188625964025556	0.953634091572216	0.972569809993154	0.9826339889958714	0.053111609548627446	0.031679432894764624	0.014634354386090849	0.0055403115642098716	0.001865259322901384	0.0006050101749173521	0.00018159325626174305	5.926953505367254e-5	2.060371450898225e-5
134.0	-15.0	-1.5	0.25088131057712665	0.4453598897340441	0.6300042406188138	0.7706560241859047	0.8637525533375116	0.9205834842895151	0.9537691417023668	0.9715477745025423	0.9806092061369565	0.0254864466220645	0.012804888371308268	0.005284779168515913	0.0019010205971104932	0.0006344509933434075	0.000209225998715255	6.85594180780667e-5	2.1859649385852595e-5	8.687360050646404e-6
135.0	-15.0	-1.5	0.2571105791775406	0.4534167795047945	0.6361896445025362	0.7740904805457353	0.8655190026629641	0.9216038534013978	0.9537222534832296	0.9715142577450642	0.9801639802599453	0.012524868254870274	0.005616865592339336	0.0021712604146169948	0.0007698774169826466	0.0002622644251555488	8.513425131818114e-5	2.7260475785739074e-5	1.0379569407282252e-5	4.345805690726391e-6
136.0	-15.0	-1.5	0.2383982412241228	0.42664258617590045	0.6131799073551217	0.7601485218448375	0.8586892154009839	0.9188625964025559	0.9536340915722161	0.9725698099931542	0.9826339889958715	0.0531116095486274	0.03167943289476459	0.014634354386090816	0.005540311564209845	0.0018652593229013686	0.0006050101749173432	0.00018159325626173812	5.926953505366972e-5	2.0603714508980728e-5
137.0	-15.0	-1.5	0.25711057917754077	0.45341677950479464	0.6361896445025363	0.7740904805457355	0.8655190026629643	0.921603853401398	0.9537222534832298	0.9715142577450643	0.9801639802599454	0.012524868254870276	0.005616865592339336	0.0021712604146169935	0.0007698774169826461	0.0002622644251555483	8.513425131818083e-5	2.7260475785738888e-5	1.0379569407282147e-5	4.345805690726326e-6
138.0	-15.0	-1.5	0.25088131057712676	0.44535988973404417	0.6300042406188138	0.7706560241859047	0.8637525533375116	0.9205834842895151	0.9537691417023668	0.9715477745025421	0.9806092061369563	0.02548644662206447	0.012804888371308241	0.0052847791685158955	0.0019010205971104793	0.0006344509933434002	0.00020922599871525075	6.855941807806424e-5	2.1859649385851243e-5	8.687360050645636e-6
139.0	-15.0	-1.5	0.23839824122412268	0.42664258617590034	0.6131799073551215	0.7601485218448372	0.8586892154009835	0.9188625964025552	0.9536340915722156	0.9725698099931537	0.982633988995871	0.05311160954862741	0.03167943289476461	0.014634354386090842	0.0055403115642098716	0.0018652593229013838	0.0006050101749173523	0.00018159325626174343	5.9269535053672644e-5	2.0603714508982324e-5
140.0	-15.0	-1.5	0.2508813105771267	0.4453598897340441	0.6300042406188138	0.7706560241859047	0.8637525533375116	0.9205834842895151	0.9537691417023668	0.9715477745025423	0.9806092061369565	0.025486446622064472	0.012804888371308252	0.005284779168515901	0.0019010205971104856	0.0006344509933434024	0.00020922599871525232	6.855941807806516e-5	2.185964938585174e-5	8.687360050645924e-6
141.0	-15.0	-1.5	0.25088131057712676	0.4453598897340441	0.6300042406188138	0.7706560241859045	0.8637525533375114	0.9205834842895149	0.9537691417023666	0.9715477745025421	0.9806092061369563	0.025486446622064476	0.012804888371308247	0.005284779168515899	0.0019010205971104832	0.0006344509933434016	0.0002092259987152516	6.855941807806474e-5	2.1859649385851504e-5	8.687360050645775e-6
142.0	-15.0	-1.5	0.2571105791775407	0.45341677950479453	0.6361896445025362	0.7740904805457355	0.8655190026629643	0.921603853401398	0.9537222534832298	0.9715142577450643	0.9801639802599454	0.01252486825487028	0.005616865592339339	0.002171260414616996	0.0007698774169826474	0.0002622644251555491	8.513425131818127e-5	2.7260475785739176e-5	1.0379569407282313e-5	4.345805690726441e-6
143.0	-15.0	-1.5	0.23839824122412276	0.4266425861759004	0.6131799073551215	0.7601485218448372	0.8586892154009835	0.9188625964025552	0.9536340915722156	0.9725698099931536	0.982633988995871	0.05311160954862742	0.03167943289476461	0.014634354386090839	0.005540311564209867	0.0018652593229013814	0.0006050101749173504	0.00018159325626174215	5.926953505367201e-5	2.060371450898196e-5
144.0	-15.0	-1.5	0.25088131057712665	0.44535988973404395	0.6300042406188137	0.7706560241859045	0.8637525533375114	0.9205834842895149	0.9537691417023666	0.971547774502542	0.9806092061369562	0.025486446622064476	0.012804888371308257	0.005284779168515907	0.001901020597110488	0.000634450993343405	0.0002092259987152534	6.85594180780658e-5	2.185964938585211e-5	8.687360050646148e-6
145.0	-15.0	-1.5	0.25980881386196714	0.45644022760375225	0.638506889017557	0.7753594239791314	0.8658043992391151	0.9211620333495997	0.9533544646200804	0.97033765254278	0.9784875195013438	0.007620304982522491	0.003261484183222165	0.0012250996484328767	0.0004241826722103968	0.00014134878959686764	4.745743863846548e-5	1.579819449510963e-5	5.677966550899086e-6	2.6904652085921564e-6
146.0	-15.0	-1.5	0.25980881386196714	0.45644022760375225	0.638506889017557	0.7753594239791315	0.8658043992391153	0.9211620333495998	0.9533544646200806	0.9703376525427801	0.978487519501344	0.007620304982522489	0.0032614841832221647	0.0012250996484328765	0.0004241826722103961	0.00014134878959686707	4.745743863846525e-5	1.5798194495109502e-5	5.677966550899015e-6	2.690465208592116e-6
147.0	-15.0	-1.5	0.25980881386196714	0.45644022760375225	0.6385068890175569	0.7753594239791315	0.8658043992391153	0.9211620333495998	0.9533544646200806	0.9703376525427801	0.978487519501344	0.007620304982522487	0.003261484183222163	0.0012250996484328759	0.0004241826722103958	0.00014134878959686718	4.7457438638465193e-5	1.5798194495109475e-5	5.677966550898989e-6	2.6904652085920954e-6
148.0	-15.0	-1.5	0.25980881386196714	0.4564402276037523	0.638506889017557	0.7753594239791315	0.8658043992391153	0.9211620333495998	0.9533544646200806	0.9703376525427801	0.978487519501344	0.007620304982522492	0.0032614841832221647	0.0012250996484328765	0.0004241826722103962	0.0001413487895968673	4.745743863846533e-5	1.5798194495109553e-5	5.677966550899058e-6	2.690465208592153e-6
149.0	-15.0	-1.5	0.2598088138619671	0.45644022760375225	0.6385068890175569	0.7753594239791314	0.8658043992391151	0.9211620333495997	0.9533544646200804	0.97033765254278	0.9784875195013438	0.007620304982522488	0.0032614841832221647	0.0012250996484328767	0.0004241826722103966	0.00014134878959686762	4.745743863846538e-5	1.579819449510958e-5	5.677966550899056e-6	2.6904652085921314e-6
150.0	-15.0	-1.5	0.25980881386196714	0.45644022760375225	0.6385068890175569	0.7753594239791314	0.8658043992391151	0.9211620333495997	0.9533544646200804	0.97033765254278	0.9784875195013438	0.007620304982522486	0.003261484183222162	0.0012250996484328746	0.000424182672210395	0.0001413487895968666	4.745743863846487e-5	1.5798194495109285e-5	5.677966550898882e-6	2.6904652085920247e-6
151.0	-15.0	-1.5	0.25980881386196714	0.45644022760375225	0.638506889017557	0.7753594239791315	0.8658043992391153	0.9211620333495998	0.9533544646200806	0.9703376525427801	0.978487519501344	0.007620304982522492	0.0032614841832221677	0.0012250996484328778	0.00042418267221039705	0.0001413487895968679	4.745743863846558e-5	1.579819449510969e-5	5.677966550899121e-6	2.690465208592171e-6
152.0	-15.0	-1.5	0.2598088138619672	0.4564402276037523	0.6385068890175573	0.7753594239791315	0.8658043992391153	0.9211620333495998	0.9533544646200806	0.9703376525427801	0.978487519501344	0.0076203049825224875	0.003261484183222164	0.0012250996484328763	0.0004241826722103961	0.0001413487895968672	4.745743863846525e-5	1.5798194495109505e-5	5.6779665508990176e-6	2.690465208592118e-6
153.0	-15.0	-1.5	0.25979295414135556	0.45648535689182096	0.6386181910622809	0.775521934801218	0.8659414837794964	0.9211542884164912	0.9532823351682814	0.9703801611329282	0.9785202388678207	0.007277053394749941	0.0031380185474219856	0.0011875230758300833	0.0004112708339687092	0.00013569020538568396	4.493163473146868e-5	1.5779158969246457e-5	5.350245069633064e-6	2.5392150540065666e-6
154.0	-15.0	-1.5	0.25979295414135556	0.45648535689182096	0.6386181910622809	0.7755219348012181	0.8659414837794965	0.9211542884164914	0.9532823351682815	0.9703801611329284	0.9785202388678208	0.007277053394749941	0.0031380185474219864	0.001187523075830083	0.00041127083396870923	0.000135690205385684	4.4931634731468713e-5	1.5779158969246447e-5	5.3502450696330385e-6	2.539215054006526e-6
155.0	-15.0	-1.5	0.25979295414135556	0.45648535689182096	0.6386181910622808	0.775521934801218	0.8659414837794964	0.9211542884164912	0.9532823351682814	0.9703801611329282	0.9785202388678207	0.007277053394749933	0.00313801854742198	0.0011875230758300794	0.00041127083396870663	0.0001356902053856826	4.493163473146782e-5	1.5779158969245966e-5	5.350245069632762e-6	2.5392150540063624e-6
156.0	-15.0	-1.5	0.25979295414135556	0.45648535689182096	0.6386181910622808	0.775521934801218	0.8659414837794964	0.9211542884164912	0.9532823351682814	0.9703801611329282	0.9785202388678207	0.007277053394749934	0.0031380185474219843	0.0011875230758300816	0.00041127083396870804	0.0001356902053856833	4.493163473146833e-5	1.577915896924626e-5	5.350245069632939e-6	2.5392150540064793e-6
157.0	-15.0	-1.5	0.25979295414135556	0.4564853568918209	0.6386181910622809	0.7755219348012181	0.8659414837794965	0.9211542884164914	0.9532823351682815	0.9703801611329284	0.9785202388678208	0.0072770533947499275	0.0031380185474219804	0.001187523075830079	0.00041127083396870674	0.0001356902053856824	4.49316347314678e-5	1.5779158969245925e-5	5.350245069632739e-6	2.539215054006335e-6
158.0	-15.0	-1.5	0.25979295414135556	0.45648535689182096	0.638618191062281	0.7755219348012181	0.8659414837794965	0.9211542884164914	0.9532823351682815	0.9703801611329284	0.9785202388678208	0.007277053394749935	0.003138018547421984	0.0011875230758300816	0.0004112708339687083	0.00013569020538568337	4.493163473146837e-5	1.577915896924625e-5	5.350245069632929e-6	2.5392150540064704e-6
159.0	-15.0	-1.5	0.25979295414135556	0.4564853568918209	0.6386181910622809	0.775521934801218	0.8659414837794964	0.9211542884164912	0.9532823351682814	0.9703801611329282	0.9785202388678207	0.007277053394749933	0.0031380185474219817	0.0011875230758300812	0.0004112708339687081	0.00013569020538568307	4.4931634731468246e-5	1.5779158969246176e-5	5.350245069632882e-6	2.5392150540064272e-6
160.0	-15.0	-1.5	0.25979295414135556	0.45648535689182096	0.6386181910622809	0.775521934801218	0.8659414837794964	0.9211542884164912	0.9532823351682814	0.9703801611329282	0.9785202388678207	0.0072770533947499345	0.003138018547421984	0.0011875230758300814	0.0004112708339687085	0.0001356902053856835	4.493163473146834e-5	1.5779158969246267e-5	5.350245069632941e-6	2.5392150540064717e-6
161.0	-15.0	-1.5	0.2597054337173136	0.4562210145623058	0.6381865072363667	0.7752090770012936	0.8660638029876545	0.9213839151430117	0.953128227409699	0.9704986876593453	0.9784619641531505	0.007103337397787402	0.003052015467957292	0.0011537446984814512	0.00040465816551401077	0.00013708826648215261	4.294695728870365e-5	1.4418837534687215e-5	5.42674723155883e-6	2.434543125257345e-6
162.0	-15.0	-1.5	0.25972150105764047	0.4562076894104001	0.6381579721315782	0.7751116212690476	0.8658547346822563	0.9214479309401357	0.9531673728403237	0.9704352496264732	0.9784548959031799	0.007236682798128171	0.00309645094655716	0.0011654632700995359	0.0004071148557163899	0.00013759220623201648	4.447929329564405e-5	1.439095543968495e-5	5.5868537078878774e-6	2.4660800842217724e-6
163.0	-15.0	-1.5	0.25972150105764047	0.45620768941040013	0.6381579721315783	0.7751116212690476	0.8658547346822563	0.9214479309401357	0.9531673728403237	0.9704352496264732	0.9784548959031799	0.007236682798128173	0.0030964509465571627	0.001165463270099538	0.00040711485571639085	0.00013759220623201708	4.447929329564442e-5	1.4390955439685145e-5	5.586853707888001e-6	2.4660800842218453e-6
164.0	-15.0	-1.5	0.25970543371731347	0.4562210145623057	0.6381865072363667	0.7752090770012935	0.8660638029876543	0.9213839151430114	0.9531282274096988	0.9704986876593451	0.9784619641531503	0.007103337397787409	0.0030520154679572944	0.001153744698481453	0.0004046581655140119	0.00013708826648215326	4.2946957288704014e-5	1.441883753468742e-5	5.4267472315589706e-6	2.434543125257445e-6
165.0	-15.0	-1.5	0.2597054337173135	0.4562210145623057	0.6381865072363667	0.7752090770012935	0.8660638029876543	0.9213839151430114	0.9531282274096988	0.9704986876593451	0.9784619641531503	0.007103337397787403	0.0030520154679572918	0.0011537446984814517	0.00040465816551401077	0.00013708826648215261	4.294695728870355e-5	1.441883753468717e-5	5.426747231558831e-6	2.434543125257352e-6
166.0	-15.0	-1.5	0.2597054337173135	0.4562210145623057	0.6381865072363667	0.7752090770012936	0.8660638029876545	0.9213839151430117	0.953128227409699	0.9704986876593453	0.9784619641531505	0.007103337397787405	0.0030520154679572926	0.0011537446984814523	0.000404658165514011	0.00013708826648215267	4.2946957288703675e-5	1.4418837534687237e-5	5.426747231558858e-6	2.434543125257375e-6
167.0	-15.0	-1.5	0.2597215010576405	0.4562076894104003	0.6381579721315787	0.7751116212690482	0.8658547346822567	0.9214479309401361	0.9531673728403242	0.9704352496264737	0.9784548959031804	0.007236682798128171	0.003096450946557161	0.0011654632700995357	0.0004071148557163897	0.00013759220623201632	4.447929329564399e-5	1.4390955439684901e-5	5.586853707887852e-6	2.4660800842217458e-6
168.0	-15.0	-1.5	0.25972150105764047	0.45620768941040024	0.6381579721315784	0.7751116212690479	0.8658547346822564	0.9214479309401358	0.9531673728403238	0.9704352496264733	0.97845489590318	0.007236682798128167	0.0030964509465571588	0.0011654632700995357	0.00040711485571638976	0.00013759220623201632	4.447929329564402e-5	1.4390955439684893e-5	5.586853707887853e-6	2.4660800842217517e-6
169.0	-15.0	-1.5	0.2597215010576404	0.4562076894104001	0.6381579721315781	0.7751116212690475	0.865854734682256	0.9214479309401354	0.9531673728403235	0.970435249626473	0.9784548959031797	0.007236682798128167	0.00309645094655716	0.0011654632700995363	0.0004071148557163896	0.00013759220623201635	4.447929329564401e-5	1.4390955439684881e-5	5.586853707887833e-6	2.466080084221724e-6
170.0	-15.0	-1.5	0.2597054337173135	0.4562210145623058	0.6381865072363667	0.7752090770012936	0.8660638029876545	0.9213839151430117	0.9531282274096992	0.9704986876593454	0.9784619641531507	0.007103337397787406	0.0030520154679572926	0.0011537446984814514	0.00040465816551401066	0.0001370882664821525	4.2946957288703546e-5	1.4418837534687166e-5	5.426747231558822e-6	2.4345431252573525e-6
171.0	-15.0	-1.5	0.2597054337173135	0.4562210145623057	0.6381865072363667	0.7752090770012936	0.8660638029876545	0.9213839151430117	0.953128227409699	0.9704986876593453	0.9784619641531505	0.007103337397787405	0.0030520154679572926	0.0011537446984814519	0.00040465816551401077	0.0001370882664821528	4.294695728870364e-5	1.4418837534687213e-5	5.4267472315588435e-6	2.4345431252573623e-6
172.0	-15.0	-1.5	0.2597215010576405	0.4562076894104003	0.6381579721315785	0.775111621269048	0.8658547346822566	0.9214479309401359	0.953167372840324	0.9704352496264735	0.9784548959031801	0.007236682798128173	0.0030964509465571627	0.0011654632700995376	0.00040711485571639074	0.00013759220623201684	4.447929329564425e-5	1.4390955439685037e-5	5.5868537078879376e-6	2.4660800842218e-6
173.0	-15.0	-1.5	0.2597215010576405	0.45620768941040024	0.6381579721315784	0.775111621269048	0.8658547346822566	0.9214479309401359	0.953167372840324	0.9704352496264735	0.9784548959031801	0.007236682798128167	0.003096450946557159	0.0011654632700995352	0.00040711485571638916	0.0001375922062320159	4.4479293295643745e-5	1.439095543968476e-5	5.586853707887762e-6	2.4660800842216856e-6
174.0	-15.0	-1.5	0.25970543371731347	0.4562210145623057	0.6381865072363667	0.7752090770012935	0.8660638029876543	0.9213839151430114	0.9531282274096988	0.9704986876593451	0.9784619641531503	0.007103337397787408	0.003052015467957294	0.0011537446984814534	0.0004046581655140116	0.00013708826648215313	4.2946957288703885e-5	1.4418837534687345e-5	5.426747231558929e-6	2.4345431252574186e-6
175.0	-15.0	-1.5	0.2597215010576406	0.4562076894104003	0.6381579721315784	0.775111621269048	0.8658547346822566	0.9214479309401359	0.953167372840324	0.9704352496264735	0.9784548959031801	0.00723668279812817	0.0030964509465571583	0.0011654632700995352	0.00040711485571638944	0.0001375922062320162	4.4479293295643894e-5	1.4390955439684832e-5	5.586853707887812e-6	2.466080084221718e-6
176.0	-15.0	-1.5	0.2597054337173136	0.45622101456230585	0.6381865072363669	0.7752090770012937	0.8660638029876546	0.9213839151430118	0.9531282274096994	0.9704986876593455	0.9784619641531508	0.0071033373977874075	0.0030520154679572926	0.0011537446984814519	0.00040465816551401093	0.00013708826648215272	4.294695728870364e-5	1.441883753468721e-5	5.426747231558841e-6	2.4345431252573568e-6
177.0	-15.0	-1.5	0.26228324203664727	0.4590276607783486	0.6403255484749919	0.7763450777532073	0.8661712696135896	0.9209803704624006	0.9527070576130773	0.9693212012212931	0.9768079784135003	0.002884140255302535	0.0011373690170696366	0.0004088464874631252	0.0001382963687259221	4.5317841001140744e-5	1.5127671276042025e-5	5.482265092159387e-6	2.054356648620138e-6	1.1292066290716104e-6
178.0	-15.0	-1.5	0.26225462787476816	0.459049720198366	0.6403467610872947	0.7764407219467517	0.8663399379836102	0.9210846939930285	0.9525735894893058	0.9693959629008261	0.9767720820934686	0.0028912055041101677	0.0011508377269978198	0.0004184026892571296	0.00014227464657747774	4.5958261102988923e-5	1.489677758183337e-5	5.346727148429158e-6	2.064241085530392e-6	1.1332003903830596e-6
179.0	-15.0	-1.5	0.26225462787476816	0.45904972019836604	0.6403467610872949	0.7764407219467521	0.8663399379836104	0.9210846939930286	0.9525735894893059	0.9693959629008263	0.9767720820934687	0.002891205504110169	0.0011508377269978211	0.0004184026892571302	0.00014227464657747815	4.595826110298919e-5	1.4896777581833531e-5	5.346727148429248e-6	2.064241085530446e-6	1.1332003903830954e-6
180.0	-15.0	-1.5	0.2622546278747683	0.4590497201983662	0.640346761087295	0.7764407219467522	0.8663399379836109	0.9210846939930293	0.9525735894893065	0.9693959629008267	0.9767720820934691	0.0028912055041101703	0.0011508377269978216	0.0004184026892571304	0.0001422746465774781	4.595826110298916e-5	1.4896777581833536e-5	5.346727148429246e-6	2.06424108553044e-6	1.1332003903830856e-6
181.0	-15.0	-1.5	0.2622832420366473	0.4590276607783488	0.6403255484749922	0.7763450777532076	0.86617126961359	0.9209803704624009	0.9527070576130776	0.9693212012212934	0.9768079784135005	0.0028841402553025364	0.0011373690170696366	0.0004088464874631253	0.0001382963687259221	4.5317841001140724e-5	1.5127671276042e-5	5.482265092159371e-6	2.0543566486201184e-6	1.1292066290715873e-6
182.0	-15.0	-1.5	0.2622546278747683	0.4590497201983663	0.6403467610872952	0.7764407219467524	0.866339937983611	0.9210846939930294	0.9525735894893066	0.969395962900827	0.9767720820934693	0.0028912055041101733	0.0011508377269978229	0.00041840268925713136	0.00014227464657747885	4.5958261102989574e-5	1.4896777581833763e-5	5.346727148429383e-6	2.0642410855305322e-6	1.133200390383157e-6
183.0	-15.0	-1.5	0.2622546278747684	0.4590497201983664	0.6403467610872954	0.7764407219467527	0.8663399379836113	0.9210846939930297	0.9525735894893069	0.9693959629008272	0.9767720820934697	0.002891205504110173	0.0011508377269978229	0.00041840268925713114	0.00014227464657747856	4.5958261102989425e-5	1.4896777581833686e-5	5.346727148429324e-6	2.0642410855304856e-6	1.133200390383115e-6
184.0	-15.0	-1.5	0.26228324203664727	0.4590276607783486	0.6403255484749919	0.7763450777532073	0.8661712696135897	0.9209803704624006	0.9527070576130773	0.9693212012212931	0.9768079784135003	0.002884140255302535	0.0011373690170696366	0.0004088464874631249	0.00013829636872592213	4.531784100114072e-5	1.5127671276042008e-5	5.482265092159381e-6	2.0543566486201307e-6	1.1292066290716017e-6
185.0	-15.0	-1.5	0.2622546278747683	0.4590497201983662	0.6403467610872952	0.7764407219467524	0.866339937983611	0.9210846939930294	0.9525735894893066	0.969395962900827	0.9767720820934693	0.002891205504110172	0.0011508377269978222	0.0004184026892571311	0.0001422746465774785	4.5958261102989384e-5	1.4896777581833653e-5	5.346727148429318e-6	2.0642410855304844e-6	1.133200390383119e-6
186.0	-15.0	-1.5	0.2622546278747683	0.4590497201983662	0.6403467610872952	0.7764407219467524	0.866339937983611	0.9210846939930294	0.9525735894893066	0.969395962900827	0.9767720820934693	0.0028912055041101716	0.0011508377269978233	0.00041840268925713174	0.00014227464657747888	4.595826110298963e-5	1.4896777581833767e-5	5.346727148429388e-6	2.064241085530532e-6	1.1332003903831549e-6
187.0	-15.0	-1.5	0.2622546278747683	0.4590497201983662	0.6403467610872949	0.7764407219467521	0.8663399379836105	0.921084693993029	0.9525735894893061	0.9693959629008264	0.9767720820934689	0.0028912055041101694	0.0011508377269978218	0.00041840268925713066	0.00014227464657747829	4.595826110298924e-5	1.489677758183358e-5	5.346727148429268e-6	2.064241085530457e-6	1.1332003903831024e-6
188.0	-15.0	-1.5	0.26228324203664727	0.45902766077834867	0.6403255484749921	0.7763450777532076	0.86617126961359	0.9209803704624009	0.9527070576130776	0.9693212012212934	0.9768079784135005	0.0028841402553025372	0.0011373690170696376	0.0004088464874631257	0.00013829636872592243	4.531784100114094e-5	1.5127671276042123e-5	5.482265092159444e-6	2.05435664862017e-6	1.1292066290716284e-6
189.0	-15.0	-1.5	0.2622251684131851	0.45879798084773143	0.6399343719840099	0.7760127067877131	0.8661549295687648	0.9212597943022549	0.9525957403866031	0.969376519069225	0.976748758787212	0.0027023370123642966	0.0010663078081457078	0.000383342202790868	0.00013088637085669326	4.389488665431498e-5	1.4130581778955865e-5	4.789722783120912e-6	2.019088484090078e-6	1.0462788621589307e-6
190.0	-15.0	-1.5	0.2622251684131852	0.4587979808477316	0.6399343719840103	0.7760127067877135	0.8661549295687653	0.9212597943022555	0.9525957403866037	0.9693765190692254	0.9767487587872126	0.0027023370123643	0.0010663078081457097	0.00038334220279086906	0.00013088637085669389	4.389488665431535e-5	1.4130581778956069e-5	4.789722783121025e-6	2.0190884840901468e-6	1.0462788621589748e-6
191.0	-15.0	-1.5	0.2622281453163284	0.45886788605930773	0.6400059462418527	0.7760992476062675	0.8662887526764909	0.9212238479525094	0.9525729609968074	0.9694286463343345	0.9767518727355301	0.0031140211597265213	0.0012318881458311239	0.00044372054999435625	0.00015176512790500364	5.095011222398589e-5	1.6109859687578894e-5	5.589654691537716e-6	2.3498651210801045e-6	1.2259707537346964e-6
192.0	-15.0	-1.5	0.26222814531632854	0.4588678860593079	0.6400059462418529	0.7760992476062677	0.866288752676491	0.9212238479525096	0.9525729609968077	0.9694286463343347	0.9767518727355303	0.003114021159726523	0.0012318881458311245	0.0004437205499943564	0.00015176512790500364	5.0950112223985914e-5	1.6109859687578918e-5	5.5896546915377305e-6	2.34986512108011e-6	1.225970753734699e-6
1.0	-15.0	-2.0	0.2467015260407214	0.44192577599296945	0.6281623615171907	0.7698730292574243	0.8636180060464255	0.9210351071112417	0.9544493613611089	0.9728498942034135	0.9826129299373475	0.02388969054359066	0.011060691084532448	0.004316407141660615	0.0015052389665904519	0.0004990785974297591	0.00016511862597691756	5.0263751252539306e-5	1.7224628237962778e-5	6.441106751616036e-6
2.0	-15.0	-2.0	0.24660930894764824	0.4418475158940216	0.6279569123282727	0.7700892724930262	0.8639828358914072	0.9210088985949272	0.9543285284106741	0.9729253377330583	0.982669145778749	0.02523027853981452	0.011720956425139824	0.004596286323415548	0.0016269031634118514	0.0005246231248227369	0.00016650992775576874	5.5895524089849744e-5	1.7012600854723336e-5	6.664386802009407e-6
3.0	-15.0	-2.0	0.2466093089476482	0.4418475158940215	0.6279569123282727	0.7700892724930262	0.8639828358914072	0.9210088985949273	0.9543285284106742	0.9729253377330586	0.9826691457787491	0.02523027853981452	0.011720956425139824	0.004596286323415553	0.0016269031634118533	0.0005246231248227381	0.00016650992775576952	5.589552408985011e-5	1.701260085472353e-5	6.664386802009501e-6
4.0	-15.0	-2.0	0.24660930894764824	0.4418475158940216	0.6279569123282728	0.7700892724930262	0.8639828358914072	0.9210088985949273	0.9543285284106742	0.9729253377330586	0.9826691457787491	0.025230278539814518	0.011720956425139827	0.004596286323415551	0.0016269031634118538	0.0005246231248227384	0.00016650992775576952	5.589552408985022e-5	1.7012600854723607e-5	6.66438680200954e-6
5.0	-15.0	-2.0	0.24670152604072146	0.4419257759929695	0.628162361517191	0.7698730292574246	0.8636180060464258	0.921035107111242	0.9544493613611092	0.9728498942034138	0.9826129299373478	0.02388969054359067	0.011060691084532458	0.004316407141660622	0.0015052389665904545	0.0004990785974297601	0.00016511862597691824	5.026375125253964e-5	1.7224628237962988e-5	6.441106751616149e-6
6.0	-15.0	-2.0	0.2466093089476481	0.4418475158940213	0.6279569123282723	0.770089272493026	0.8639828358914069	0.9210088985949269	0.9543285284106737	0.9729253377330581	0.9826691457787486	0.0252302785398145	0.011720956425139817	0.004596286323415546	0.0016269031634118497	0.0005246231248227362	0.00016650992775576825	5.589552408984947e-5	1.7012600854723177e-5	6.664386802009292e-6
7.0	-15.0	-2.0	0.2466093089476482	0.44184751589402144	0.6279569123282724	0.770089272493026	0.8639828358914069	0.9210088985949269	0.9543285284106737	0.9729253377330581	0.9826691457787486	0.02523027853981451	0.011720956425139822	0.004596286323415548	0.0016269031634118507	0.0005246231248227369	0.00016650992775576863	5.5895524089849785e-5	1.7012600854723377e-5	6.664386802009412e-6
8.0	-15.0	-2.0	0.2467015260407214	0.44192577599296945	0.6281623615171907	0.7698730292574244	0.8636180060464257	0.9210351071112418	0.9544493613611091	0.9728498942034136	0.9826129299373476	0.023889690543590646	0.011060691084532432	0.004316407141660607	0.0015052389665904458	0.0004990785974297554	0.0001651186259769155	5.026375125253807e-5	1.7224628237962083e-5	6.441106751615632e-6
9.0	-15.0	-2.0	0.24660930894764815	0.44184751589402144	0.6279569123282724	0.770089272493026	0.8639828358914069	0.9210088985949269	0.9543285284106737	0.9729253377330581	0.9826691457787486	0.025230278539814514	0.011720956425139819	0.004596286323415548	0.0016269031634118505	0.0005246231248227369	0.0001665099277557685	5.58955240898497e-5	1.7012600854723316e-5	6.664386802009397e-6
10.0	-15.0	-2.0	0.2466093089476482	0.4418475158940216	0.6279569123282727	0.7700892724930262	0.8639828358914072	0.9210088985949272	0.9543285284106741	0.9729253377330583	0.982669145778749	0.025230278539814518	0.011720956425139822	0.0045962863234155485	0.001626903163411852	0.0005246231248227371	0.00016650992775576855	5.589552408984982e-5	1.701260085472339e-5	6.664386802009434e-6
11.0	-15.0	-2.0	0.24660930894764824	0.4418475158940216	0.6279569123282728	0.7700892724930262	0.8639828358914072	0.9210088985949272	0.9543285284106741	0.9729253377330583	0.982669145778749	0.025230278539814525	0.011720956425139815	0.004596286323415547	0.0016269031634118503	0.000524623124822736	0.00016650992775576817	5.58955240898495e-5	1.7012600854723197e-5	6.6643868020093405e-6
12.0	-15.0	-2.0	0.24670152604072157	0.44192577599296956	0.628162361517191	0.7698730292574246	0.8636180060464258	0.921035107111242	0.9544493613611092	0.9728498942034138	0.9826129299373478	0.02388969054359067	0.01106069108453245	0.004316407141660618	0.0015052389665904523	0.0004990785974297586	0.0001651186259769174	5.0263751252539164e-5	1.7224628237962727e-5	6.441106751616003e-6
13.0	-15.0	-2.0	0.2415015965748388	0.43255908520530506	0.6189684793794835	0.764056790392273	0.8608100848920271	0.919850128623277	0.9544471636007458	0.973425005960114	0.9838529092891131	0.039545097560625464	0.023330905241795687	0.010628517939615806	0.003962196596348494	0.0013207880212395002	0.0004264287705366192	0.00013393452224550156	4.148718011091046e-5	1.4777705375586358e-5
14.0	-15.0	-2.0	0.2415015965748388	0.43255908520530506	0.6189684793794835	0.7640567903922729	0.8608100848920269	0.9198501286232769	0.9544471636007456	0.9734250059601139	0.983852909289113	0.0395450975606255	0.02333090524179571	0.010628517939615823	0.003962196596348506	0.0013207880212395085	0.0004264287705366242	0.00013393452224550432	4.148718011091206e-5	1.4777705375587309e-5
15.0	-15.0	-2.0	0.23178579939386437	0.4155482708997602	0.6022804771794005	0.7531355982549764	0.8555411732802923	0.9174982145380903	0.9529430806401695	0.9726247414537118	0.9827810797630702	0.06713310963681071	0.042317821942777195	0.02039318117347073	0.007899415218537825	0.002624264819819216	0.0008030764665742271	0.0002499558694751369	7.262756537197666e-5	2.5005372102959683e-5
16.0	-15.0	-2.0	0.2497461151973063	0.4443252418380469	0.6291916340344215	0.7701012090820905	0.8638130274649968	0.9213307909354277	0.9543501131672433	0.9730954324467361	0.9827479490902947	0.024647547942734296	0.012301343608951071	0.005051329952968003	0.0018347549638548918	0.0006281477039639202	0.00020271592177307303	6.325281192148e-5	2.2556413142192405e-5	7.898385821291563e-6
17.0	-15.0	-2.0	0.24679319431685215	0.44211213477249034	0.6282593300736325	0.7702778649670646	0.8639494129813915	0.9209938673664662	0.9544637276414856	0.97296286573516	0.9828046246949926	0.028533283262835843	0.013358474137856197	0.005273042977846695	0.0018546363711093594	0.0006017738199097203	0.00019428491619803654	6.552772179707457e-5	1.9711685083402105e-5	7.747102170103258e-6
18.0	-15.0	-2.0	0.2317857993938644	0.4155482708997604	0.6022804771794007	0.7531355982549768	0.8555411732802927	0.9174982145380907	0.9529430806401699	0.972624741453712	0.9827810797630705	0.06713310963681074	0.04231782194277722	0.020393181173470748	0.007899415218537835	0.002624264819819223	0.0008030764665742309	0.00024995586947513886	7.262756537197774e-5	2.5005372102960283e-5
19.0	-15.0	-2.0	0.24150159657483888	0.4325590852053052	0.6189684793794837	0.7640567903922733	0.8608100848920273	0.9198501286232772	0.9544471636007459	0.9734250059601143	0.9838529092891133	0.039545097560625506	0.023330905241795714	0.010628517939615834	0.00396219659634851	0.0013207880212395106	0.00042642877053662525	0.00013393452224550497	4.148718011091238e-5	1.4777705375587463e-5
20.0	-15.0	-2.0	0.2317857993938644	0.4155482708997604	0.6022804771794007	0.7531355982549768	0.8555411732802927	0.9174982145380907	0.9529430806401699	0.972624741453712	0.9827810797630705	0.06713310963681066	0.04231782194277717	0.02039318117347069	0.007899415218537794	0.0026242648198191937	0.0008030764665742146	0.0002499558694751293	7.26275653719724e-5	2.5005372102957363e-5
21.0	-15.0	-2.0	0.24150159657483883	0.43255908520530506	0.6189684793794835	0.764056790392273	0.8608100848920271	0.919850128623277	0.9544471636007458	0.973425005960114	0.9838529092891131	0.03954509756062548	0.023330905241795683	0.010628517939615806	0.00396219659634849	0.0013207880212394996	0.0004264287705366183	0.0001339345222455011	4.148718011091019e-5	1.4777705375586223e-5
22.0	-15.0	-2.0	0.246793194316852	0.4421121347724902	0.6282593300736323	0.7702778649670643	0.863949412981391	0.9209938673664659	0.9544637276414852	0.9729628657351598	0.9828046246949923	0.02853328326283584	0.013358474137856189	0.005273042977846689	0.0018546363711093548	0.0006017738199097174	0.00019428491619803543	6.552772179707392e-5	1.9711685083401712e-5	7.747102170103065e-6
23.0	-15.0	-2.0	0.24974611519730636	0.444325241838047	0.6291916340344217	0.7701012090820906	0.8638130274649969	0.9213307909354279	0.9543501131672435	0.9730954324467364	0.9827479490902948	0.024647547942734303	0.012301343608951075	0.005051329952968008	0.0018347549638548925	0.0006281477039639212	0.00020271592177307363	6.325281192148027e-5	2.255641314219257e-5	7.898385821291666e-6
24.0	-15.0	-2.0	0.24150159657483883	0.4325590852053051	0.6189684793794837	0.7640567903922733	0.8608100848920273	0.9198501286232772	0.9544471636007459	0.9734250059601143	0.9838529092891133	0.0395450975606255	0.023330905241795704	0.010628517939615823	0.003962196596348503	0.0013207880212395072	0.00042642877053662313	0.00013393452224550365	4.148718011091169e-5	1.4777705375587109e-5
25.0	-15.0	-2.0	0.24974611519730633	0.444325241838047	0.6291916340344216	0.7701012090820905	0.8638130274649968	0.9213307909354277	0.9543501131672433	0.9730954324467361	0.9827479490902947	0.0246475479427343	0.012301343608951073	0.0050513299529680086	0.0018347549638548935	0.0006281477039639215	0.00020271592177307374	6.325281192148035e-5	2.255641314219265e-5	7.8983858212917e-6
26.0	-15.0	-2.0	0.24679319431685207	0.4421121347724903	0.6282593300736325	0.7702778649670646	0.8639494129813913	0.9209938673664662	0.9544637276414856	0.97296286573516	0.9828046246949926	0.028533283262835843	0.013358474137856196	0.005273042977846691	0.0018546363711093579	0.0006017738199097194	0.00019428491619803646	6.552772179707454e-5	1.9711685083402098e-5	7.74710217010325e-6
27.0	-15.0	-2.0	0.246793194316852	0.4421121347724901	0.6282593300736323	0.7702778649670643	0.863949412981391	0.9209938673664659	0.9544637276414852	0.9729628657351598	0.9828046246949923	0.02853328326283583	0.013358474137856187	0.005273042977846688	0.001854636371109355	0.0006017738199097175	0.00019428491619803543	6.552772179707386e-5	1.9711685083401722e-5	7.747102170103048e-6
28.0	-15.0	-2.0	0.24974611519730616	0.4443252418380467	0.6291916340344212	0.7701012090820901	0.8638130274649964	0.9213307909354274	0.9543501131672429	0.9730954324467358	0.9827479490902944	0.02464754794273429	0.012301343608951066	0.005051329952968002	0.0018347549638548894	0.0006281477039639187	0.0002027159217730722	6.325281192147945e-5	2.255641314219213e-5	7.898385821291414e-6
29.0	-15.0	-2.0	0.23178579939386437	0.41554827089976026	0.6022804771794005	0.7531355982549766	0.8555411732802924	0.9174982145380904	0.9529430806401697	0.9726247414537119	0.9827810797630704	0.06713310963681067	0.042317821942777174	0.0203931811734707	0.007899415218537802	0.0026242648198192015	0.0008030764665742183	0.00024995586947513203	7.262756537197391e-5	2.500537210295821e-5
30.0	-15.0	-2.0	0.24150159657483883	0.43255908520530506	0.6189684793794835	0.764056790392273	0.8608100848920271	0.9198501286232769	0.9544471636007458	0.973425005960114	0.9838529092891131	0.03954509756062545	0.023330905241795666	0.010628517939615785	0.003962196596348478	0.001320788021239491	0.00042642877053661364	0.0001339345222454984	4.1487180110908695e-5	1.4777705375585388e-5
31.0	-15.0	-2.0	0.2497461151973063	0.4443252418380469	0.6291916340344215	0.7701012090820905	0.8638130274649968	0.9213307909354277	0.9543501131672433	0.9730954324467361	0.9827479490902947	0.024647547942734303	0.012301343608951076	0.005051329952968006	0.0018347549638548922	0.0006281477039639207	0.0002027159217730734	6.325281192148006e-5	2.255641314219253e-5	7.89838582129164e-6
32.0	-15.0	-2.0	0.2317857993938644	0.4155482708997604	0.6022804771794007	0.7531355982549766	0.8555411732802924	0.9174982145380904	0.9529430806401697	0.9726247414537119	0.9827810797630704	0.06713310963681068	0.042317821942777153	0.020393181173470692	0.00789941521853779	0.0026242648198191924	0.0008030764665742137	0.0002499558694751293	7.262756537197231e-5	2.5005372102957383e-5
33.0	-15.0	-2.0	0.246793194316852	0.4421121347724902	0.6282593300736324	0.7702778649670644	0.8639494129813912	0.920993867366466	0.9544637276414853	0.9729628657351599	0.9828046246949925	0.028533283262835836	0.013358474137856194	0.005273042977846689	0.0018546363711093572	0.0006017738199097188	0.00019428491619803584	6.552772179707416e-5	1.9711685083401885e-5	7.747102170103143e-6
34.0	-15.0	-2.0	0.246793194316852	0.4421121347724902	0.6282593300736324	0.7702778649670644	0.8639494129813912	0.920993867366466	0.9544637276414853	0.9729628657351599	0.9828046246949925	0.02853328326283584	0.013358474137856192	0.005273042977846691	0.0018546363711093574	0.000601773819909719	0.00019428491619803614	6.552772179707435e-5	1.9711685083401976e-5	7.747102170103197e-6
35.0	-15.0	-2.0	0.24974611519730613	0.44432524183804667	0.629191634034421	0.7701012090820898	0.8638130274649961	0.921330790935427	0.9543501131672427	0.9730954324467356	0.9827479490902941	0.024647547942734275	0.012301343608951052	0.005051329952967992	0.0018347549638548844	0.0006281477039639157	0.00020271592177307046	6.32528119214786e-5	2.2556413142191613e-5	7.898385821291109e-6
36.0	-15.0	-2.0	0.24150159657483872	0.4325590852053049	0.6189684793794833	0.7640567903922729	0.8608100848920269	0.9198501286232766	0.9544471636007456	0.9734250059601139	0.983852909289113	0.039545097560625506	0.02333090524179572	0.010628517939615837	0.003962196596348517	0.001320788021239516	0.0004264287705366289	0.0001339345222455071	4.148718011091355e-5	1.4777705375588129e-5
37.0	-15.0	-2.0	0.2317857993938644	0.4155482708997604	0.6022804771794007	0.7531355982549766	0.8555411732802924	0.9174982145380904	0.9529430806401697	0.9726247414537119	0.9827810797630704	0.06713310963681073	0.042317821942777174	0.020393181173470724	0.00789941521853781	0.0026242648198192063	0.0008030764665742224	0.0002499558694751337	7.262756537197479e-5	2.500537210295867e-5
38.0	-15.0	-2.0	0.24974611519730613	0.4443252418380466	0.6291916340344211	0.7701012090820899	0.8638130274649963	0.921330790935427	0.9543501131672428	0.9730954324467357	0.9827479490902942	0.024647547942734264	0.012301343608951047	0.0050513299529679895	0.0018347549638548823	0.0006281477039639144	0.00020271592177306972	6.325281192147811e-5	2.2556413142191365e-5	7.898385821290965e-6
39.0	-15.0	-2.0	0.24679319431685215	0.44211213477249045	0.6282593300736328	0.770277864967065	0.8639494129813915	0.9209938673664664	0.9544637276414857	0.9729628657351602	0.9828046246949927	0.028533283262835864	0.01335847413785621	0.005273042977846699	0.0018546363711093629	0.0006017738199097223	0.00019428491619803795	6.552772179707538e-5	1.971168508340257e-5	7.74710217010352e-6
40.0	-15.0	-2.0	0.23178579939386448	0.4155482708997605	0.6022804771794007	0.7531355982549768	0.8555411732802927	0.9174982145380907	0.9529430806401699	0.972624741453712	0.9827810797630705	0.06713310963681074	0.04231782194277719	0.020393181173470717	0.007899415218537811	0.0026242648198192054	0.0008030764665742212	0.0002499558694751333	7.262756537197468e-5	2.5005372102958603e-5
41.0	-15.0	-2.0	0.246793194316852	0.4421121347724902	0.6282593300736324	0.7702778649670644	0.8639494129813912	0.920993867366466	0.9544637276414853	0.9729628657351598	0.9828046246949923	0.028533283262835843	0.013358474137856194	0.005273042977846693	0.0018546363711093577	0.0006017738199097197	0.0001942849161980365	6.552772179707449e-5	1.9711685083402064e-5	7.747102170103253e-6
42.0	-15.0	-2.0	0.23178579939386446	0.41554827089976043	0.6022804771794007	0.7531355982549768	0.8555411732802927	0.9174982145380907	0.9529430806401699	0.972624741453712	0.9827810797630705	0.06713310963681071	0.04231782194277721	0.020393181173470734	0.007899415218537823	0.002624264819819215	0.000803076466574226	0.00024995586947513604	7.262756537197616e-5	2.5005372102959423e-5
43.0	-15.0	-2.0	0.24974611519730622	0.44432524183804684	0.6291916340344214	0.7701012090820901	0.8638130274649964	0.9213307909354274	0.9543501131672429	0.9730954324467358	0.9827479490902944	0.02464754794273427	0.012301343608951052	0.005051329952967991	0.001834754963854884	0.0006281477039639152	0.0002027159217730703	6.32528119214784e-5	2.2556413142191514e-5	7.898385821291048e-6
44.0	-15.0	-2.0	0.24150159657483883	0.43255908520530506	0.6189684793794835	0.764056790392273	0.8608100848920271	0.9198501286232769	0.9544471636007458	0.973425005960114	0.9838529092891131	0.03954509756062547	0.02333090524179567	0.010628517939615787	0.00396219659634848	0.001320788021239492	0.00042642877053661446	0.00013393452224549877	4.148718011090885e-5	1.4777705375585484e-5
45.0	-15.0	-2.0	0.24173559531970323	0.43265437446513816	0.6189915929475446	0.7641237621961611	0.8609024842611871	0.9198497415529523	0.9544458937873526	0.9734404701322995	0.9838695152490888	0.0408686747178707	0.02394350968180709	0.010878680532518956	0.004050713035440636	0.0013434998277053536	0.0004311111664279106	0.00014085275805947415	4.162099028783086e-5	1.5093329428017462e-5
46.0	-15.0	-2.0	0.2417355953197032	0.432654374465138	0.6189915929475444	0.764123762196161	0.860902484261187	0.9198497415529522	0.9544458937873523	0.9734404701322994	0.9838695152490886	0.04086867471787066	0.023943509681807057	0.010878680532518928	0.0040507130354406175	0.0013434998277053422	0.00043111116642790447	0.00014085275805947046	4.162099028782883e-5	1.5093329428016334e-5
47.0	-15.0	-2.0	0.23161539962047914	0.4152817281600094	0.6020419572938013	0.7529335602334225	0.8551918134386154	0.91732517990051	0.9532038782420095	0.9724924269613521	0.9827565206913446	0.06738663138382357	0.042336908017913864	0.020341758583660517	0.007842825514416892	0.002612237688484549	0.0008193081966143026	0.00024823047089504507	7.461914595445054e-5	2.5350462170044517e-5
48.0	-15.0	-2.0	0.24976692107411025	0.4443727376503039	0.6292701988863396	0.7701447911739238	0.8637630295491596	0.9213438003695896	0.954378814389734	0.9730377401407748	0.9827438062944276	0.02488326065450817	0.012409991950787857	0.005091632084663152	0.0018454751449142335	0.0006306169517321459	0.00020842802742512942	6.34486116881448e-5	2.2586618823672603e-5	8.002576830092515e-6
49.0	-15.0	-2.0	0.2316153996204793	0.41528172816000974	0.6020419572938016	0.7529335602334228	0.8551918134386159	0.9173251799005104	0.95320387824201	0.9724924269613527	0.9827565206913452	0.0673866313838236	0.04233690801791387	0.020341758583660538	0.0078428255144169	0.002612237688484552	0.000819308196614303	0.00024823047089504545	7.461914595445075e-5	2.5350462170044636e-5
50.0	-15.0	-2.0	0.24173559531970318	0.432654374465138	0.6189915929475444	0.764123762196161	0.860902484261187	0.9198497415529522	0.9544458937873523	0.9734404701322994	0.9838695152490886	0.04086867471787065	0.02394350968180705	0.010878680532518926	0.004050713035440615	0.001343499827705341	0.00043111116642790355	0.0001408527580594703	4.162099028782865e-5	1.5093329428016273e-5
51.0	-15.0	-2.0	0.23161539962047922	0.4152817281600096	0.6020419572938015	0.7529335602334225	0.8551918134386154	0.91732517990051	0.9532038782420095	0.9724924269613521	0.9827565206913446	0.06738663138382354	0.042336908017913844	0.020341758583660503	0.007842825514416877	0.002612237688484537	0.0008193081966142943	0.00024823047089504046	7.46191459544481e-5	2.5350462170043162e-5
52.0	-15.0	-2.0	0.2417355953197033	0.43265437446513816	0.6189915929475446	0.7641237621961611	0.8609024842611871	0.9198497415529523	0.9544458937873526	0.9734404701322995	0.9838695152490888	0.040868674717870666	0.02394350968180707	0.010878680532518939	0.004050713035440624	0.0013434998277053456	0.00043111116642790615	0.00014085275805947152	4.162099028782932e-5	1.5093329428016612e-5
53.0	-15.0	-2.0	0.24976692107411022	0.44437273765030383	0.6292701988863396	0.7701447911739238	0.8637630295491594	0.9213438003695898	0.954378814389734	0.9730377401407748	0.9827438062944276	0.02488326065450817	0.012409991950787867	0.005091632084663161	0.0018454751449142358	0.0006306169517321477	0.00020842802742513058	6.344861168814544e-5	2.2586618823672986e-5	8.002576830092747e-6
54.0	-15.0	-2.0	0.23161539962047925	0.4152817281600098	0.6020419572938017	0.7529335602334228	0.8551918134386159	0.9173251799005104	0.95320387824201	0.9724924269613529	0.9827565206913452	0.06738663138382361	0.0423369080179139	0.020341758583660562	0.007842825514416916	0.002612237688484563	0.0008193081966143105	0.00024823047089504946	7.461914595445296e-5	2.535046217004591e-5
55.0	-15.0	-2.0	0.24173559531970323	0.4326543744651381	0.6189915929475444	0.764123762196161	0.860902484261187	0.9198497415529523	0.9544458937873526	0.9734404701322995	0.9838695152490888	0.04086867471787065	0.023943509681807057	0.010878680532518921	0.00405071303544061	0.0013434998277053359	0.00043111116642790046	0.0001408527580594683	4.162099028782754e-5	1.5093329428015636e-5
56.0	-15.0	-2.0	0.24976692107411014	0.44437273765030366	0.6292701988863393	0.7701447911739235	0.8637630295491591	0.9213438003695894	0.9543788143897337	0.9730377401407746	0.9827438062944273	0.024883260654508164	0.012409991950787864	0.005091632084663157	0.0018454751449142352	0.0006306169517321474	0.0002084280274251305	6.344861168814536e-5	2.2586618823672945e-5	8.00257683009274e-6
57.0	-15.0	-2.0	0.24976692107411022	0.44437273765030383	0.6292701988863396	0.7701447911739238	0.8637630295491594	0.9213438003695898	0.954378814389734	0.9730377401407748	0.9827438062944276	0.02488326065450816	0.012409991950787855	0.005091632084663149	0.0018454751449142324	0.0006306169517321454	0.0002084280274251293	6.344861168814476e-5	2.2586618823672545e-5	8.002576830092474e-6
58.0	-15.0	-2.0	0.24173559531970318	0.432654374465138	0.6189915929475442	0.7641237621961608	0.8609024842611868	0.919849741552952	0.9544458937873522	0.9734404701322993	0.9838695152490885	0.04086867471787065	0.023943509681807043	0.010878680532518923	0.004050713035440616	0.001343499827705342	0.000431111166427904	0.0001408527580594705	4.16209902878288e-5	1.5093329428016344e-5
59.0	-15.0	-2.0	0.24976692107411022	0.44437273765030383	0.6292701988863395	0.7701447911739238	0.8637630295491594	0.9213438003695898	0.954378814389734	0.9730377401407748	0.9827438062944276	0.02488326065450817	0.012409991950787866	0.00509163208466316	0.0018454751449142371	0.0006306169517321482	0.0002084280274251309	6.344861168814556e-5	2.2586618823673063e-5	8.002576830092806e-6
60.0	-15.0	-2.0	0.23161539962047914	0.4152817281600095	0.6020419572938013	0.7529335602334223	0.8551918134386153	0.9173251799005098	0.9532038782420095	0.9724924269613521	0.9827565206913446	0.06738663138382357	0.04233690801791388	0.020341758583660528	0.007842825514416896	0.002612237688484552	0.0008193081966143031	0.00024823047089504545	7.461914595445081e-5	2.5350462170044653e-5
61.0	-15.0	-2.0	0.2316153996204792	0.41528172816000974	0.6020419572938015	0.7529335602334225	0.8551918134386154	0.91732517990051	0.9532038782420095	0.9724924269613523	0.9827565206913446	0.06738663138382359	0.042336908017913885	0.02034175858366055	0.007842825514416908	0.0026122376884845614	0.0008193081966143092	0.00024823047089504865	7.461914595445257e-5	2.535046217004561e-5
62.0	-15.0	-2.0	0.24976692107411014	0.44437273765030366	0.6292701988863394	0.7701447911739236	0.8637630295491594	0.9213438003695896	0.9543788143897338	0.9730377401407747	0.9827438062944274	0.024883260654508157	0.012409991950787857	0.005091632084663153	0.0018454751449142337	0.0006306169517321461	0.00020842802742512966	6.344861168814483e-5	2.258661882367266e-5	8.002576830092559e-6
63.0	-15.0	-2.0	0.2417355953197033	0.43265437446513816	0.6189915929475446	0.7641237621961611	0.8609024842611871	0.9198497415529523	0.9544458937873526	0.9734404701322995	0.9838695152490888	0.0408686747178707	0.023943509681807085	0.01087868053251895	0.004050713035440631	0.0013434998277053493	0.00043111116642790875	0.00014085275805947293	4.162099028783023e-5	1.5093329428017133e-5
64.0	-15.0	-2.0	0.24976692107411014	0.44437273765030366	0.6292701988863393	0.7701447911739233	0.863763029549159	0.9213438003695892	0.9543788143897335	0.9730377401407744	0.982743806294427	0.024883260654508153	0.012409991950787852	0.005091632084663151	0.001845475144914231	0.000630616951732145	0.0002084280274251292	6.344861168814468e-5	2.258661882367253e-5	8.002576830092486e-6
65.0	-15.0	-2.0	0.24976692107411025	0.44437273765030383	0.6292701988863396	0.7701447911739238	0.8637630295491596	0.9213438003695896	0.954378814389734	0.9730377401407748	0.9827438062944276	0.024883260654508174	0.012409991950787867	0.00509163208466316	0.0018454751449142365	0.000630616951732148	0.00020842802742513094	6.344861168814566e-5	2.258661882367312e-5	8.002576830092844e-6
66.0	-15.0	-2.0	0.2417355953197032	0.432654374465138	0.6189915929475444	0.764123762196161	0.860902484261187	0.9198497415529522	0.9544458937873523	0.9734404701322994	0.9838695152490886	0.04086867471787065	0.023943509681807047	0.010878680532518923	0.004050713035440615	0.0013434998277053404	0.0004311111664279028	0.00014085275805946962	4.162099028782834e-5	1.5093329428016075e-5
67.0	-15.0	-2.0	0.23161539962047922	0.41528172816000963	0.6020419572938016	0.7529335602334226	0.8551918134386156	0.9173251799005101	0.9532038782420098	0.9724924269613526	0.9827565206913449	0.06738663138382356	0.04233690801791387	0.020341758583660514	0.007842825514416889	0.002612237688484545	0.0008193081966142996	0.00024823047089504344	7.461914595444963e-5	2.5350462170044e-5
68.0	-15.0	-2.0	0.23161539962047922	0.41528172816000974	0.6020419572938016	0.7529335602334228	0.8551918134386157	0.9173251799005102	0.9532038782420098	0.9724924269613524	0.9827565206913449	0.06738663138382354	0.042336908017913844	0.020341758583660496	0.007842825514416875	0.0026122376884845366	0.0008193081966142941	0.00024823047089504014	7.461914595444796e-5	2.5350462170043125e-5
69.0	-15.0	-2.0	0.24653030052313224	0.4419027346543622	0.6282396521234113	0.7701474782341339	0.863848307056783	0.9209413009161315	0.954463588034047	0.972872887281746	0.9826596047530917	0.02598390137921709	0.01207091893227592	0.00474565849719169	0.0016499153584405273	0.0005355076056278265	0.00017324838543042857	5.837977428840125e-5	1.759258187632246e-5	6.908494994703874e-6
70.0	-15.0	-2.0	0.24653030052313227	0.44190273465436225	0.6282396521234114	0.7701474782341339	0.863848307056783	0.9209413009161315	0.954463588034047	0.972872887281746	0.9826596047530917	0.02598390137921708	0.012070918932275913	0.004745658497191687	0.0016499153584405252	0.0005355076056278257	0.00017324838543042776	5.83797742884008e-5	1.7592581876322198e-5	6.908494994703709e-6
71.0	-15.0	-2.0	0.24653030052313243	0.4419027346543625	0.6282396521234116	0.7701474782341342	0.8638483070567833	0.9209413009161318	0.9544635880340473	0.9728728872817464	0.9826596047530919	0.025983901379217068	0.012070918932275902	0.0047456584971916765	0.0016499153584405202	0.0005355076056278224	0.000173248385430426	5.837977428839978e-5	1.7592581876321632e-5	6.908494994703388e-6
72.0	-15.0	-2.0	0.24653030052313232	0.44190273465436225	0.6282396521234112	0.7701474782341338	0.8638483070567828	0.9209413009161312	0.9544635880340469	0.9728728872817459	0.9826596047530914	0.025983901379217064	0.012070918932275902	0.004745658497191682	0.001649915358440523	0.0005355076056278235	0.00017324838543042676	5.837977428840032e-5	1.7592581876321886e-5	6.908494994703525e-6
73.0	-15.0	-2.0	0.2537707433980331	0.4499812522266288	0.6339612410396185	0.7729718955427848	0.8649959993884967	0.9215359157017164	0.954286248635931	0.9723260864179126	0.981604786804744	0.01530339897196384	0.0067745665766073965	0.002579019459460145	0.0008957817823969801	0.00029846247020083453	9.913736240767388e-5	3.0066141465891274e-5	1.0628520426296837e-5	4.0484882839611844e-6
74.0	-15.0	-2.0	0.25377206319193985	0.4499923851216917	0.6339819192259701	0.7729897819043874	0.8649975581673637	0.921512048920279	0.9542964529617785	0.9723197673437582	0.9816056585889122	0.01561554920170228	0.0068863865816024316	0.002613833450785539	0.0009057257899108493	0.00030120611129713583	9.996029627956577e-5	3.0383272710212848e-5	1.0690997059809327e-5	4.085759511229321e-6
75.0	-15.0	-2.0	0.2537720631919399	0.4499923851216917	0.63398191922597	0.7729897819043874	0.8649975581673638	0.9215120489202792	0.9542964529617787	0.9723197673437584	0.9816056585889125	0.015615549201702258	0.006886386581602417	0.0026138334507855277	0.0009057257899108438	0.0003012061112971315	9.99602962795634e-5	3.038327271021149e-5	1.0690997059808532e-5	4.085759511228841e-6
76.0	-15.0	-2.0	0.25377074339803307	0.44998125222662877	0.6339612410396184	0.7729718955427846	0.8649959993884966	0.9215359157017163	0.9542862486359309	0.9723260864179125	0.9816047868047438	0.015303398971963828	0.006774566576607388	0.002579019459460141	0.0008957817823969769	0.00029846247020083247	9.913736240767284e-5	3.0066141465890637e-5	1.0628520426296459e-5	4.048488283960949e-6
77.0	-15.0	-2.0	0.2537707433980331	0.4499812522266288	0.6339612410396185	0.7729718955427849	0.8649959993884969	0.9215359157017166	0.9542862486359313	0.9723260864179127	0.9816047868047442	0.015303398971963837	0.006774566576607393	0.002579019459460145	0.0008957817823969797	0.0002984624702008342	9.91373624076738e-5	3.006614146589123e-5	1.0628520426296784e-5	4.04848828396114e-6
78.0	-15.0	-2.0	0.2537720631919399	0.44999238512169176	0.6339819192259701	0.7729897819043875	0.8649975581673638	0.9215120489202792	0.9542964529617787	0.9723197673437584	0.9816056585889125	0.015615549201702269	0.006886386581602425	0.002613833450785532	0.0009057257899108458	0.0003012061112971334	9.99602962795645e-5	3.0383272710212153e-5	1.0690997059808907e-5	4.085759511229069e-6
79.0	-15.0	-2.0	0.2537720631919398	0.44999238512169154	0.6339819192259698	0.772989781904387	0.8649975581673631	0.9215120489202784	0.9542964529617779	0.9723197673437576	0.9816056585889117	0.015615549201702262	0.006886386581602418	0.002613833450785531	0.0009057257899108451	0.0003012061112971328	9.996029627956405e-5	3.038327271021195e-5	1.069099705980877e-5	4.085759511228986e-6
80.0	-15.0	-2.0	0.253770743398033	0.4499812522266286	0.6339612410396183	0.7729718955427844	0.8649959993884964	0.9215359157017161	0.9542862486359306	0.9723260864179122	0.9816047868047435	0.015303398971963842	0.006774566576607395	0.0025790194594601467	0.0008957817823969805	0.00029846247020083485	9.913736240767422e-5	3.006614146589152e-5	1.062852042629693e-5	4.0484882839612285e-6
81.0	-15.0	-2.0	0.2537707433980331	0.44998125222662877	0.6339612410396185	0.7729718955427848	0.8649959993884967	0.9215359157017164	0.954286248635931	0.9723260864179126	0.981604786804744	0.015303398971963818	0.006774566576607377	0.0025790194594601354	0.0008957817823969728	0.00029846247020083003	9.91373624076715e-5	3.006614146588991e-5	1.0628520426296053e-5	4.048488283960715e-6
82.0	-15.0	-2.0	0.2537720631919399	0.4499923851216916	0.6339819192259699	0.7729897819043872	0.8649975581673635	0.9215120489202788	0.9542964529617783	0.972319767343758	0.9816056585889121	0.01561554920170227	0.006886386581602423	0.002613833450785533	0.000905725789910846	0.0003012061112971335	9.99602962795644e-5	3.0383272710212123e-5	1.0690997059808874e-5	4.085759511229051e-6
83.0	-15.0	-2.0	0.25377074339803307	0.44998125222662866	0.6339612410396184	0.7729718955427848	0.8649959993884967	0.9215359157017164	0.954286248635931	0.9723260864179126	0.981604786804744	0.015303398971963832	0.0067745665766073895	0.0025790194594601415	0.0008957817823969784	0.0002984624702008332	9.913736240767327e-5	3.006614146589092e-5	1.0628520426296622e-5	4.048488283961047e-6
84.0	-15.0	-2.0	0.25377206319194	0.44999238512169193	0.6339819192259704	0.7729897819043877	0.8649975581673641	0.9215120489202795	0.9542964529617789	0.9723197673437587	0.9816056585889127	0.015615549201702267	0.006886386581602419	0.002613833450785529	0.0009057257899108444	0.000301206111297132	9.996029627956361e-5	3.0383272710211628e-5	1.069099705980861e-5	4.085759511228883e-6
85.0	-15.0	-2.0	0.2537720631919399	0.4499923851216917	0.63398191922597	0.7729897819043874	0.8649975581673638	0.9215120489202792	0.9542964529617787	0.9723197673437584	0.9816056585889125	0.01561554920170228	0.006886386581602434	0.0026138334507855377	0.000905725789910849	0.00030120611129713523	9.996029627956546e-5	3.0383272710212695e-5	1.0690997059809233e-5	4.085759511229256e-6
86.0	-15.0	-2.0	0.2537720631919399	0.4499923851216917	0.6339819192259701	0.7729897819043875	0.8649975581673639	0.9215120489202794	0.9542964529617788	0.9723197673437586	0.9816056585889126	0.015615549201702276	0.00688638658160243	0.002613833450785534	0.0009057257899108478	0.00030120611129713464	9.996029627956506e-5	3.038327271021249e-5	1.0690997059809078e-5	4.0857595112291725e-6
87.0	-15.0	-2.0	0.25377074339803307	0.44998125222662866	0.6339612410396184	0.7729718955427846	0.8649959993884966	0.9215359157017163	0.9542862486359307	0.9723260864179123	0.9816047868047436	0.015303398971963826	0.006774566576607385	0.00257901945946014	0.0008957817823969766	0.0002984624702008324	9.913736240767273e-5	3.0066141465890627e-5	1.0628520426296454e-5	4.048488283960936e-6
88.0	-15.0	-2.0	0.25377074339803307	0.44998125222662877	0.6339612410396183	0.7729718955427846	0.8649959993884966	0.9215359157017163	0.9542862486359307	0.9723260864179123	0.9816047868047436	0.015303398971963849	0.006774566576607397	0.0025790194594601475	0.000895781782396981	0.00029846247020083485	9.913736240767438e-5	3.0066141465891532e-5	1.0628520426296964e-5	4.048488283961252e-6
89.0	-15.0	-2.0	0.20917280344679293	0.37196171790510474	0.5480656657696638	0.7050602469213069	0.8243015017900276	0.9025013603331972	0.9472573657188178	0.9710986567774519	0.9832942693234683	0.13250611517503041	0.10282709338007509	0.06708124795937226	0.03712767819529543	0.01634871265473402	0.005489035580146238	0.0015224101799966127	0.0004132227199071986	0.0001154507581283378
90.0	-15.0	-2.0	0.20917280344679298	0.37196171790510474	0.5480656657696638	0.7050602469213069	0.8243015017900276	0.9025013603331972	0.9472573657188178	0.9710986567774519	0.9832942693234683	0.13250611517503047	0.10282709338007513	0.06708124795937231	0.03712767819529547	0.016348712654734036	0.0054890355801462416	0.0015224101799966119	0.00041322271990719704	0.00011545075812833684
91.0	-15.0	-2.0	0.2318231514764546	0.41558778428238263	0.6022024526866092	0.7530447085547596	0.8555606909601078	0.9175347546980952	0.9529349740377562	0.9726407610359664	0.9827747011825628	0.0717482639525997	0.045463785234174645	0.021989571545386485	0.008538059248236609	0.0028480789157401248	0.0008689910336064728	0.00026940967272148954	7.894672600371987e-5	2.7023154590139055e-5
92.0	-15.0	-2.0	0.209172803446793	0.3719617179051048	0.5480656657696639	0.705060246921307	0.8243015017900277	0.9025013603331975	0.9472573657188181	0.9710986567774522	0.9832942693234686	0.1325061151750305	0.10282709338007517	0.06708124795937237	0.03712767819529554	0.016348712654734116	0.005489035580146309	0.0015224101799966626	0.0004132227199072261	0.00011545075812835227
93.0	-15.0	-2.0	0.20917280344679298	0.37196171790510474	0.5480656657696636	0.7050602469213068	0.8243015017900274	0.9025013603331968	0.9472573657188175	0.9710986567774516	0.983294269323468	0.13250611517503044	0.1028270933800751	0.06708124795937229	0.03712767819529546	0.01634871265473403	0.0054890355801462416	0.0015224101799966108	0.00041322271990719704	0.00011545075812833696
94.0	-15.0	-2.0	0.23182315147645458	0.4155877842823827	0.6022024526866093	0.7530447085547597	0.8555606909601079	0.9175347546980954	0.9529349740377563	0.9726407610359665	0.9827747011825629	0.07174826395259974	0.04546378523417467	0.021989571545386492	0.008538059248236609	0.0028480789157401243	0.0008689910336064718	0.0002694096727214891	7.89467260037195e-5	2.702315459013885e-5
95.0	-15.0	-2.0	0.20917280344679304	0.3719617179051049	0.548065665769664	0.705060246921307	0.8243015017900277	0.9025013603331972	0.9472573657188178	0.9710986567774517	0.9832942693234681	0.13250611517503041	0.10282709338007508	0.06708124795937222	0.03712767819529541	0.01634871265473399	0.005489035580146214	0.0015224101799965954	0.00041322271990718864	0.00011545075812833267
96.0	-15.0	-2.0	0.23182315147645466	0.4155877842823828	0.6022024526866095	0.7530447085547599	0.8555606909601081	0.9175347546980958	0.9529349740377566	0.9726407610359669	0.9827747011825633	0.07174826395259973	0.04546378523417467	0.021989571545386503	0.008538059248236614	0.0028480789157401274	0.0008689910336064744	0.00026940967272149035	7.894672600372024e-5	2.7023154590139276e-5
97.0	-15.0	-2.0	0.2318231514764546	0.4155877842823827	0.6022024526866092	0.7530447085547596	0.8555606909601078	0.9175347546980952	0.9529349740377562	0.9726407610359664	0.9827747011825628	0.0717482639525997	0.04546378523417465	0.021989571545386454	0.008538059248236586	0.0028480789157401083	0.0008689910336064637	0.00026940967272148417	7.894672600371686e-5	2.702315459013739e-5
98.0	-15.0	-2.0	0.20917280344679293	0.37196171790510474	0.5480656657696638	0.7050602469213069	0.8243015017900274	0.902501360333197	0.9472573657188176	0.9710986567774517	0.9832942693234681	0.13250611517503036	0.10282709338007501	0.06708124795937218	0.03712767819529537	0.016348712654733942	0.005489035580146178	0.0015224101799965711	0.0004132227199071747	0.00011545075812832517
99.0	-15.0	-2.0	0.20917280344679298	0.3719617179051048	0.5480656657696639	0.7050602469213069	0.8243015017900276	0.9025013603331973	0.9472573657188179	0.971098656777452	0.9832942693234684	0.13250611517503041	0.10282709338007509	0.06708124795937226	0.03712767819529543	0.016348712654734	0.005489035580146219	0.001522410179996599	0.0004132227199071899	0.00011545075812833321
100.0	-15.0	-2.0	0.23182315147645466	0.4155877842823827	0.6022024526866093	0.7530447085547597	0.8555606909601078	0.9175347546980952	0.9529349740377562	0.9726407610359664	0.9827747011825628	0.07174826395259974	0.045463785234174686	0.021989571545386506	0.008538059248236618	0.002848078915740127	0.0008689910336064746	0.00026940967272149024	7.89467260037202e-5	2.7023154590139137e-5
101.0	-15.0	-2.0	0.2318231514764546	0.4155877842823827	0.6022024526866093	0.7530447085547597	0.8555606909601079	0.9175347546980954	0.9529349740377563	0.9726407610359665	0.9827747011825629	0.07174826395259978	0.04546378523417473	0.021989571545386544	0.008538059248236647	0.0028480789157401473	0.0008689910336064861	0.00026940967272149745	7.894672600372418e-5	2.702315459014139e-5
102.0	-15.0	-2.0	0.23182315147645458	0.41558778428238263	0.6022024526866092	0.7530447085547596	0.8555606909601077	0.9175347546980951	0.952934974037756	0.9726407610359662	0.9827747011825627	0.0717482639525997	0.04546378523417466	0.021989571545386485	0.008538059248236607	0.002848078915740124	0.000868991033606473	0.0002694096727214895	7.894672600371986e-5	2.7023154590139005e-5
103.0	-15.0	-2.0	0.2318231514764546	0.4155877842823827	0.6022024526866093	0.7530447085547597	0.8555606909601079	0.9175347546980954	0.9529349740377563	0.9726407610359665	0.9827747011825629	0.07174826395259974	0.04546378523417471	0.021989571545386524	0.008538059248236633	0.0028480789157401386	0.0008689910336064815	0.0002694096727214947	7.894672600372258e-5	2.702315459014057e-5
104.0	-15.0	-2.0	0.20917280344679298	0.3719617179051048	0.5480656657696639	0.7050602469213069	0.8243015017900276	0.9025013603331973	0.9472573657188179	0.971098656777452	0.9832942693234684	0.1325061151750304	0.10282709338007508	0.06708124795937222	0.037127678195295374	0.016348712654733952	0.0054890355801461765	0.0015224101799965687	0.00041322271990717254	0.00011545075812832406
105.0	-15.0	-2.0	0.253622581463683	0.44989554308586976	0.633908530070634	0.7729431808143479	0.8649935904586945	0.921564335692835	0.9542732755448646	0.9723329471792946	0.9816040009926957	0.0152010109525873	0.006718267821266452	0.0025561312253023433	0.0008881231690968287	0.0002961105657049986	9.836725730793467e-5	2.9742182589887587e-5	1.054758595270119e-5	3.99078285928253e-6
106.0	-15.0	-2.0	0.253622581463683	0.44989554308586976	0.633908530070634	0.7729431808143479	0.8649935904586945	0.921564335692835	0.9542732755448646	0.9723329471792946	0.9816040009926957	0.015201010952587298	0.00671826782126645	0.0025561312253023424	0.0008881231690968293	0.00029611056570499867	9.836725730793469e-5	2.974218258988762e-5	1.0547585952701206e-5	3.990782859282547e-6
107.0	-15.0	-2.0	0.253622581463683	0.4498955430858697	0.6339085300706339	0.7729431808143478	0.8649935904586944	0.9215643356928349	0.9542732755448645	0.9723329471792944	0.9816040009926956	0.015201010952587293	0.006718267821266446	0.0025561312253023394	0.0008881231690968276	0.0002961105657049975	9.836725730793404e-5	2.9742182589887194e-5	1.0547585952700993e-5	3.9907828592824115e-6
108.0	-15.0	-2.0	0.253622581463683	0.4498955430858697	0.633908530070634	0.7729431808143479	0.8649935904586945	0.921564335692835	0.9542732755448646	0.9723329471792946	0.9816040009926957	0.015201010952587312	0.006718267821266458	0.002556131225302348	0.0008881231690968326	0.0002961105657050007	9.836725730793593e-5	2.9742182589888295e-5	1.0547585952701604e-5	3.990782859282773e-6
109.0	-15.0	-2.0	0.2536225814636829	0.44989554308586954	0.6339085300706337	0.7729431808143478	0.8649935904586944	0.9215643356928349	0.9542732755448643	0.9723329471792943	0.9816040009926954	0.015201010952587307	0.0067182678212664515	0.0025561312253023437	0.0008881231690968292	0.0002961105657049987	9.836725730793467e-5	2.9742182589887594e-5	1.0547585952701215e-5	3.9907828592825445e-6
110.0	-15.0	-2.0	0.253622581463683	0.4498955430858699	0.633908530070634	0.7729431808143479	0.8649935904586945	0.921564335692835	0.9542732755448646	0.9723329471792946	0.9816040009926957	0.0152010109525873	0.006718267821266447	0.0025561312253023394	0.0008881231690968274	0.00029611056570499753	9.836725730793401e-5	2.9742182589887177e-5	1.0547585952700978e-5	3.990782859282397e-6
111.0	-15.0	-2.0	0.25362258146368305	0.4498955430858699	0.6339085300706342	0.772943180814348	0.8649935904586947	0.9215643356928351	0.9542732755448649	0.9723329471792947	0.9816040009926958	0.015201010952587322	0.006718267821266461	0.00255613122530235	0.0008881231690968334	0.00029611056570500095	9.836725730793605e-5	2.974218258988838e-5	1.0547585952701627e-5	3.9907828592827885e-6
112.0	-15.0	-2.0	0.253622581463683	0.44989554308586976	0.633908530070634	0.7729431808143479	0.8649935904586945	0.921564335692835	0.9542732755448646	0.9723329471792946	0.9816040009926957	0.015201010952587303	0.006718267821266456	0.0025561312253023446	0.0008881231690968306	0.00029611056570499954	9.836725730793512e-5	2.9742182589887845e-5	1.0547585952701362e-5	3.990782859282633e-6
113.0	-15.0	-2.0	0.2535739375053618	0.4497668742139728	0.6337263855477517	0.7729466644654428	0.8653381725985763	0.9216025161125223	0.9541424944329059	0.9724724725453544	0.9816196016766423	0.015210359201067789	0.006725082328709426	0.0025645463186842986	0.0008962108609966461	0.00030052798929164397	9.279727451185948e-5	3.019956882132738e-5	1.0172238867392063e-5	3.901894325918769e-6
114.0	-15.0	-2.0	0.2535739375053616	0.44976687421397243	0.6337263855477513	0.7729466644654424	0.8653381725985757	0.9216025161125216	0.9541424944329053	0.9724724725453536	0.9816196016766415	0.01521035920106776	0.0067250823287094055	0.002564546318684287	0.0008962108609966388	0.0003005279892916396	9.279727451185713e-5	3.0199568821326013e-5	1.017223886739129e-5	3.901894325918329e-6
115.0	-15.0	-2.0	0.2535739375053618	0.44976687421397277	0.6337263855477516	0.7729466644654428	0.8653381725985763	0.9216025161125223	0.9541424944329059	0.9724724725453544	0.9816196016766423	0.015210359201067765	0.006725082328709409	0.0025645463186842873	0.0008962108609966396	0.0003005279892916398	9.279727451185731e-5	3.019956882132616e-5	1.0172238867391382e-5	3.901894325918388e-6
116.0	-15.0	-2.0	0.25357393750536167	0.4497668742139726	0.6337263855477514	0.7729466644654425	0.8653381725985759	0.921602516112522	0.9541424944329057	0.9724724725453541	0.981619601676642	0.01521035920106776	0.006725082328709406	0.0025645463186842847	0.0008962108609966375	0.0003005279892916387	9.279727451185659e-5	3.019956882132574e-5	1.0172238867391108e-5	3.901894325918195e-6
117.0	-15.0	-2.0	0.25357393750536167	0.4497668742139726	0.6337263855477514	0.7729466644654425	0.8653381725985759	0.921602516112522	0.9541424944329057	0.972472472545354	0.9816196016766419	0.015210359201067766	0.006725082328709407	0.0025645463186842873	0.0008962108609966392	0.00030052798929163974	9.279727451185715e-5	3.019956882132606e-5	1.017223886739131e-5	3.901894325918325e-6
118.0	-15.0	-2.0	0.2535739375053617	0.44976687421397277	0.6337263855477515	0.7729466644654427	0.8653381725985761	0.9216025161125221	0.9541424944329058	0.9724724725453543	0.9816196016766421	0.01521035920106777	0.006725082328709409	0.0025645463186842856	0.0008962108609966381	0.00030052798929163925	9.279727451185677e-5	3.0199568821325823e-5	1.0172238867391169e-5	3.901894325918228e-6
119.0	-15.0	-2.0	0.2535739375053618	0.4497668742139728	0.6337263855477517	0.7729466644654428	0.8653381725985763	0.9216025161125223	0.9541424944329059	0.9724724725453544	0.9816196016766423	0.015210359201067761	0.006725082328709414	0.0025645463186842895	0.0008962108609966406	0.00030052798929164034	9.279727451185754e-5	3.0199568821326274e-5	1.0172238867391436e-5	3.901894325918415e-6
120.0	-15.0	-2.0	0.2535739375053617	0.4497668742139726	0.6337263855477514	0.7729466644654425	0.8653381725985758	0.9216025161125219	0.9541424944329054	0.972472472545354	0.9816196016766419	0.015210359201067761	0.006725082328709406	0.002564546318684285	0.000896210860996638	0.000300527989291639	9.279727451185674e-5	3.01995688213258e-5	1.017223886739116e-5	3.9018943259182315e-6
121.0	-15.0	-2.0	0.24667233496798877	0.4420982636706258	0.6284084844815137	0.7702052864354101	0.8638359202554178	0.9209668763918449	0.9545688414723971	0.9729327465287261	0.9827774212812707	0.027473666207559755	0.012779210886659544	0.005022352346241569	0.0017475917676885724	0.0005713254575094166	0.0001864398990341542	6.215042132534979e-5	1.89326144409454e-5	7.273144527573707e-6
122.0	-15.0	-2.0	0.2466723349679886	0.4420982636706255	0.6284084844815133	0.7702052864354096	0.8638359202554172	0.9209668763918445	0.9545688414723966	0.9729327465287256	0.9827774212812703	0.02747366620755974	0.012779210886659531	0.005022352346241559	0.0017475917676885691	0.0005713254575094144	0.000186439899034153	6.215042132534921e-5	1.8932614440944983e-5	7.2731445275735024e-6
123.0	-15.0	-2.0	0.2466723349679886	0.44209826367062555	0.6284084844815134	0.7702052864354096	0.8638359202554174	0.9209668763918446	0.9545688414723968	0.9729327465287259	0.9827774212812705	0.027473666207559738	0.012779210886659526	0.005022352346241557	0.0017475917676885674	0.0005713254575094138	0.00018643989903415262	6.215042132534895e-5	1.8932614440944868e-5	7.2731445275734076e-6
124.0	-15.0	-2.0	0.24667233496798863	0.44209826367062566	0.6284084844815137	0.77020528643541	0.8638359202554176	0.9209668763918448	0.954568841472397	0.972932746528726	0.9827774212812707	0.02747366620755975	0.012779210886659547	0.005022352346241569	0.0017475917676885743	0.000571325457509418	0.0001864398990341548	6.215042132535025e-5	1.8932614440945627e-5	7.273144527573869e-6
125.0	-15.0	-2.0	0.23166264163970615	0.4152716520503622	0.6018842161943219	0.7527039881863048	0.8551003073852596	0.9176862923896874	0.9530310460376022	0.9725843522238263	0.9827375186872951	0.07253548892558938	0.045724447294872184	0.02206284217231341	0.008546150060178528	0.0028668376090341323	0.0009029024793370548	0.0002622275709499575	8.534567797268265e-5	2.738869717122373e-5
126.0	-15.0	-2.0	0.20883440041996834	0.371538571273379	0.5477343446622682	0.7048692966831693	0.8241483942880545	0.9023447280419805	0.9471770708570486	0.971250166638538	0.9833089483570697	0.1368091773073362	0.1058920080444509	0.06871787399898455	0.037783183175977834	0.016578353767751696	0.005579289465752134	0.0015622077398141842	0.0004142912212461174	0.0001175287823778795
127.0	-15.0	-2.0	0.23166264163970615	0.4152716520503622	0.6018842161943221	0.7527039881863048	0.8551003073852596	0.9176862923896874	0.9530310460376022	0.9725843522238263	0.9827375186872951	0.07253548892558936	0.04572444729487218	0.0220628421723134	0.008546150060178524	0.0028668376090341284	0.0009029024793370525	0.0002622275709499563	8.534567797268207e-5	2.7388697171223464e-5
128.0	-15.0	-2.0	0.2088344004199683	0.37153857127337886	0.5477343446622681	0.7048692966831693	0.8241483942880544	0.9023447280419804	0.9471770708570484	0.9712501666385379	0.9833089483570696	0.13680917730733616	0.10589200804445087	0.06871787399898453	0.037783183175977834	0.016578353767751703	0.0055792894657521455	0.0015622077398141942	0.0004142912212461233	0.0001175287823778828
129.0	-15.0	-2.0	0.20883440041996845	0.3715385712733791	0.5477343446622683	0.7048692966831696	0.8241483942880548	0.9023447280419807	0.9471770708570488	0.9712501666385384	0.9833089483570701	0.13680917730733622	0.1058920080444509	0.06871787399898453	0.03778318317597782	0.016578353767751672	0.005579289465752115	0.0015622077398141695	0.00041429122124610884	0.00011752878237787515
130.0	-15.0	-2.0	0.20883440041996845	0.3715385712733791	0.5477343446622683	0.7048692966831696	0.8241483942880548	0.9023447280419807	0.9471770708570487	0.9712501666385382	0.98330894835707	0.13680917730733624	0.10589200804445087	0.06871787399898455	0.03778318317597782	0.016578353767751682	0.005579289465752127	0.0015622077398141803	0.0004142912212461152	0.00011752878237787819
131.0	-15.0	-2.0	0.24698118154769189	0.44215482005358797	0.6281552723804773	0.7697755407947418	0.8637443242125888	0.9213209181905991	0.9543483829534863	0.9730753486179142	0.9827496919306176	0.030005340305271966	0.014071403785505006	0.005537973544032062	0.0019582966667332563	0.0006602205032685555	0.00021152244481960906	6.555545781101194e-5	2.3364942221461066e-5	8.255360642188528e-6
132.0	-15.0	-2.0	0.23166264163970615	0.4152716520503622	0.601884216194322	0.7527039881863048	0.8551003073852596	0.9176862923896874	0.9530310460376022	0.9725843522238263	0.9827375186872951	0.07253548892558931	0.045724447294872135	0.022062842172313364	0.008546150060178498	0.002866837609034114	0.0009029024793370438	0.00026222757094995097	8.53456779726793e-5	2.7388697171221923e-5
133.0	-15.0	-2.0	0.20883440041996842	0.3715385712733791	0.5477343446622684	0.7048692966831697	0.8241483942880549	0.9023447280419808	0.9471770708570488	0.9712501666385384	0.9833089483570701	0.13680917730733622	0.10589200804445092	0.06871787399898457	0.03778318317597785	0.016578353767751706	0.00557928946575214	0.0015622077398141862	0.0004142912212461188	0.00011752878237788025
134.0	-15.0	-2.0	0.23166264163970615	0.4152716520503622	0.601884216194322	0.7527039881863047	0.8551003073852596	0.9176862923896874	0.9530310460376022	0.9725843522238263	0.9827375186872951	0.07253548892558932	0.045724447294872156	0.022062842172313375	0.008546150060178505	0.0028668376090341175	0.0009029024793370459	0.0002622275709499523	8.53456779726799e-5	2.7388697171222194e-5
135.0	-15.0	-2.0	0.24698118154769194	0.4421548200535881	0.6281552723804773	0.7697755407947418	0.8637443242125886	0.921320918190599	0.9543483829534862	0.9730753486179141	0.9827496919306173	0.03000534030527197	0.01407140378550501	0.005537973544032064	0.001958296666733256	0.0006602205032685556	0.00021152244481960908	6.555545781101196e-5	2.3364942221461083e-5	8.25536064218853e-6
136.0	-15.0	-2.0	0.20883440041996834	0.37153857127337886	0.5477343446622681	0.7048692966831692	0.8241483942880544	0.9023447280419804	0.9471770708570484	0.9712501666385379	0.9833089483570696	0.13680917730733616	0.10589200804445084	0.06871787399898449	0.03778318317597777	0.016578353767751648	0.005579289465752094	0.0015622077398141584	0.0004142912212461025	0.00011752878237787168
137.0	-15.0	-2.0	0.2469811815476918	0.44215482005358786	0.6281552723804771	0.7697755407947413	0.8637443242125884	0.9213209181905987	0.9543483829534859	0.9730753486179138	0.982749691930617	0.030005340305271945	0.014071403785504994	0.005537973544032052	0.0019582966667332506	0.0006602205032685526	0.00021152244481960738	6.555545781101106e-5	2.3364942221460547e-5	8.25536064218826e-6
138.0	-15.0	-2.0	0.23166264163970618	0.4152716520503623	0.6018842161943221	0.7527039881863049	0.8551003073852598	0.9176862923896875	0.9530310460376025	0.9725843522238264	0.9827375186872952	0.07253548892558935	0.045724447294872156	0.022062842172313378	0.008546150060178509	0.0028668376090341206	0.0009029024793370475	0.0002622275709499528	8.53456779726804e-5	2.738869717122251e-5
139.0	-15.0	-2.0	0.20883440041996842	0.3715385712733791	0.5477343446622684	0.7048692966831697	0.8241483942880549	0.9023447280419808	0.9471770708570488	0.9712501666385384	0.9833089483570701	0.1368091773073362	0.10589200804445086	0.06871787399898452	0.03778318317597779	0.01657835376775167	0.005579289465752114	0.0015622077398141738	0.00041429122124611215	0.00011752878237787686
140.0	-15.0	-2.0	0.23166264163970618	0.4152716520503622	0.6018842161943219	0.7527039881863047	0.8551003073852596	0.9176862923896875	0.9530310460376025	0.9725843522238264	0.9827375186872952	0.07253548892558942	0.04572444729487221	0.022062842172313437	0.008546150060178549	0.0028668376090341466	0.0009029024793370631	0.0002622275709499617	8.534567797268523e-5	2.7388697171225175e-5
141.0	-15.0	-2.0	0.23166264163970607	0.41527165205036215	0.6018842161943219	0.7527039881863045	0.8551003073852592	0.917686292389687	0.9530310460376019	0.972584352223826	0.9827375186872948	0.07253548892558934	0.045724447294872156	0.022062842172313378	0.008546150060178509	0.0028668376090341223	0.0009029024793370484	0.0002622275709499537	8.534567797268077e-5	2.738869717122272e-5
142.0	-15.0	-2.0	0.24698118154769197	0.4421548200535881	0.6281552723804774	0.7697755407947419	0.8637443242125886	0.921320918190599	0.9543483829534862	0.9730753486179141	0.9827496919306173	0.03000534030527197	0.014071403785505013	0.005537973544032066	0.001958296666733258	0.0006602205032685568	0.00021152244481960981	6.555545781101244e-5	2.336494222146131e-5	8.255360642188669e-6
143.0	-15.0	-2.0	0.20883440041996837	0.3715385712733789	0.5477343446622681	0.7048692966831693	0.8241483942880545	0.9023447280419805	0.9471770708570486	0.971250166638538	0.9833089483570697	0.1368091773073362	0.10589200804445088	0.06871787399898455	0.03778318317597785	0.016578353767751717	0.005579289465752158	0.0015622077398142016	0.00041429122124612706	0.00011752878237788485
144.0	-15.0	-2.0	0.23166264163970618	0.4152716520503622	0.601884216194322	0.7527039881863048	0.8551003073852596	0.9176862923896874	0.9530310460376022	0.9725843522238263	0.9827375186872951	0.07253548892558932	0.045724447294872135	0.022062842172313364	0.008546150060178496	0.0028668376090341123	0.0009029024793370434	0.0002622275709499507	8.534567797267905e-5	2.7388697171221787e-5
145.0	-15.0	-2.0	0.25376198161610725	0.45003747336806427	0.6340500568027002	0.7730469762684389	0.8650202815004897	0.9214876609916909	0.9543126532645908	0.9723100158561732	0.9816077865069051	0.016954663133437083	0.0075212559902566875	0.002866040546313762	0.0009947605065664634	0.0003308684817417236	0.00010986491352387035	3.359510204141146e-5	1.175110192950058e-5	4.534691477878921e-6
146.0	-15.0	-2.0	0.2537619816161072	0.4500374733680642	0.6340500568027	0.7730469762684388	0.8650202815004897	0.9214876609916909	0.9543126532645908	0.9723100158561732	0.9816077865069051	0.016954663133437093	0.007521255990256692	0.0028660405463137653	0.0009947605065664658	0.0003308684817417252	0.00010986491352387133	3.3595102041412015e-5	1.1751101929500918e-5	4.534691477879136e-6
147.0	-15.0	-2.0	0.2537619816161072	0.45003747336806427	0.6340500568027002	0.7730469762684389	0.8650202815004898	0.921487660991691	0.954312653264591	0.9723100158561733	0.9816077865069052	0.01695466313343707	0.007521255990256675	0.0028660405463137553	0.0009947605065664595	0.00033086848174172085	0.00010986491352386891	3.359510204141069e-5	1.1751101929500124e-5	4.5346914778786665e-6
148.0	-15.0	-2.0	0.2537619816161072	0.4500374733680642	0.6340500568027	0.7730469762684388	0.8650202815004896	0.9214876609916905	0.9543126532645906	0.9723100158561729	0.9816077865069047	0.016954663133437083	0.007521255990256692	0.002866040546313766	0.0009947605065664662	0.0003308684817417248	0.00010986491352387129	3.3595102041411934e-5	1.1751101929500877e-5	4.534691477879107e-6
149.0	-15.0	-2.0	0.25376198161610725	0.45003747336806427	0.6340500568027001	0.7730469762684388	0.8650202815004896	0.9214876609916905	0.9543126532645906	0.9723100158561729	0.9816077865069047	0.016954663133437107	0.007521255990256708	0.0028660405463137744	0.0009947605065664714	0.00033086848174172784	0.000109864913523873	3.3595102041412964e-5	1.1751101929501464e-5	4.534691477879461e-6
150.0	-15.0	-2.0	0.2537619816161072	0.45003747336806427	0.6340500568027001	0.7730469762684389	0.8650202815004897	0.9214876609916907	0.9543126532645907	0.9723100158561729	0.9816077865069048	0.016954663133437083	0.0075212559902566875	0.002866040546313763	0.000994760506566464	0.00033086848174172404	0.00010986491352387084	3.35951020414117e-5	1.1751101929500764e-5	4.5346914778790545e-6
151.0	-15.0	-2.0	0.2537619816161072	0.4500374733680642	0.6340500568027	0.7730469762684388	0.8650202815004896	0.9214876609916905	0.9543126532645906	0.9723100158561728	0.9816077865069047	0.016954663133437093	0.0075212559902566945	0.002866040546313766	0.0009947605065664658	0.00033086848174172535	0.00010986491352387135	3.3595102041412e-5	1.175110192950092e-5	4.534691477879137e-6
152.0	-15.0	-2.0	0.25376198161610736	0.4500374733680644	0.6340500568027002	0.7730469762684391	0.8650202815004898	0.921487660991691	0.954312653264591	0.9723100158561735	0.9816077865069052	0.016954663133437096	0.007521255990256696	0.002866040546313768	0.0009947605065664662	0.00033086848174172524	0.00010986491352387138	3.359510204141201e-5	1.1751101929500901e-5	4.534691477879119e-6
153.0	-15.0	-2.0	0.25374180904166116	0.45011476440812603	0.6342510764494309	0.7733226414193065	0.8651892949608272	0.9213636481515776	0.9543903490716734	0.972321630156225	0.9816497530211593	0.0163014720248867	0.007292139779120703	0.002800246278419898	0.000969842627412944	0.0003181744747014152	0.0001041302419941535	3.5374330639616296e-5	1.0923520833230941e-5	4.423352028111849e-6
154.0	-15.0	-2.0	0.253741809041661	0.45011476440812587	0.6342510764494307	0.7733226414193065	0.8651892949608272	0.9213636481515776	0.9543903490716734	0.972321630156225	0.9816497530211593	0.016301472024886687	0.007292139779120697	0.002800246278419893	0.000969842627412942	0.0003181744747014136	0.00010413024199415271	3.537433063961585e-5	1.0923520833230689e-5	4.423352028111738e-6
155.0	-15.0	-2.0	0.25374180904166094	0.4501147644081258	0.6342510764494307	0.7733226414193064	0.865189294960827	0.9213636481515775	0.9543903490716733	0.9723216301562249	0.9816497530211592	0.01630147202488669	0.007292139779120703	0.0028002462784198967	0.0009698426274129444	0.0003181744747014153	0.00010413024199415348	3.537433063961627e-5	1.092352083323094e-5	4.423352028111851e-6
156.0	-15.0	-2.0	0.2537418090416611	0.45011476440812603	0.634251076449431	0.7733226414193068	0.8651892949608275	0.9213636481515779	0.9543903490716737	0.9723216301562253	0.9816497530211596	0.01630147202488669	0.007292139779120701	0.002800246278419895	0.0009698426274129422	0.00031817447470141376	0.00010413024199415263	3.537433063961586e-5	1.0923520833230696e-5	4.423352028111736e-6
157.0	-15.0	-2.0	0.253741809041661	0.4501147644081258	0.6342510764494305	0.7733226414193062	0.8651892949608269	0.9213636481515773	0.9543903490716731	0.9723216301562246	0.981649753021159	0.016301472024886684	0.007292139779120698	0.002800246278419893	0.0009698426274129413	0.0003181744747014134	0.00010413024199415267	3.5374330639615856e-5	1.092352083323072e-5	4.423352028111748e-6
158.0	-15.0	-2.0	0.2537418090416612	0.4501147644081262	0.634251076449431	0.773322641419307	0.8651892949608275	0.9213636481515779	0.9543903490716737	0.9723216301562253	0.9816497530211596	0.016301472024886705	0.00729213977912071	0.0028002462784199	0.0009698426274129455	0.00031817447470141626	0.00010413024199415389	3.537433063961656e-5	1.0923520833231072e-5	4.423352028111952e-6
159.0	-15.0	-2.0	0.2537418090416611	0.45011476440812603	0.6342510764494309	0.7733226414193066	0.8651892949608273	0.9213636481515778	0.9543903490716736	0.9723216301562252	0.9816497530211595	0.016301472024886687	0.007292139779120698	0.0028002462784198954	0.0009698426274129423	0.00031817447470141403	0.00010413024199415295	3.537433063961598e-5	1.0923520833230765e-5	4.423352028111795e-6
160.0	-15.0	-2.0	0.253741809041661	0.45011476440812587	0.6342510764494307	0.7733226414193065	0.8651892949608272	0.9213636481515776	0.9543903490716734	0.972321630156225	0.9816497530211593	0.016301472024886684	0.007292139779120697	0.0028002462784198945	0.0009698426274129413	0.0003181744747014138	0.00010413024199415263	3.5374330639615876e-5	1.0923520833230684e-5	4.4233520281117346e-6
161.0	-15.0	-2.0	0.25361701004496373	0.44987558923786164	0.6338664066124344	0.7729117691761227	0.8650043057640225	0.921636849729053	0.9542478206077475	0.972353998291962	0.9816031695949063	0.015964908446226164	0.0071060486378327	0.0027167580325090164	0.0009475744442361227	0.0003168613388361046	0.00010532277874001177	3.171550048555973e-5	1.1316505422797576e-5	4.23127714038625e-6
162.0	-15.0	-2.0	0.25361974460932213	0.44989548859547757	0.6339008529182709	0.7729363213047327	0.8649982581904608	0.9215880849032598	0.954264495556213	0.972338946135123	0.9816035909954112	0.016278401225019584	0.007216768502106825	0.0027505214409280915	0.0009568307263910716	0.00031927569945631014	0.00010605558411224359	3.199308266776251e-5	1.1355938599875084e-5	4.2684975511142436e-6
163.0	-15.0	-2.0	0.2536197446093221	0.4498954885954775	0.6339008529182706	0.7729363213047324	0.8649982581904605	0.9215880849032595	0.9542644955562126	0.9723389461351226	0.9816035909954108	0.01627840122501958	0.0072167685021068215	0.002750521440928089	0.0009568307263910723	0.00031927569945631063	0.00010605558411224382	3.1993082667762626e-5	1.1355938599875186e-5	4.268497551114316e-6
164.0	-15.0	-2.0	0.2536170100449637	0.44987558923786164	0.6338664066124345	0.7729117691761228	0.8650043057640229	0.9216368497290534	0.9542478206077477	0.9723539982919623	0.9816031695949067	0.015964908446226164	0.007106048637832697	0.0027167580325090143	0.0009475744442361209	0.00031686133883610364	0.00010532277874001107	3.1715500485559365e-5	1.131650542279737e-5	4.231277140386128e-6
165.0	-15.0	-2.0	0.25361701004496373	0.44987558923786175	0.6338664066124347	0.7729117691761228	0.865004305764023	0.9216368497290535	0.9542478206077479	0.9723539982919625	0.9816031695949068	0.015964908446226164	0.0071060486378327	0.0027167580325090156	0.0009475744442361222	0.0003168613388361045	0.00010532277874001154	3.171550048555965e-5	1.1316505422797518e-5	4.231277140386213e-6
166.0	-15.0	-2.0	0.25361701004496373	0.44987558923786175	0.6338664066124347	0.7729117691761228	0.8650043057640229	0.9216368497290534	0.9542478206077477	0.9723539982919623	0.9816031695949067	0.01596490844622617	0.007106048637832705	0.002716758032509019	0.0009475744442361242	0.0003168613388361057	0.00010532277874001237	3.17155004855601e-5	1.1316505422797788e-5	4.2312771403863725e-6
167.0	-15.0	-2.0	0.253619744609322	0.4498954885954775	0.6339008529182707	0.7729363213047326	0.8649982581904606	0.9215880849032597	0.9542644955562127	0.9723389461351228	0.9816035909954111	0.0162784012250196	0.007216768502106841	0.0027505214409281023	0.0009568307263910793	0.00031927569945631475	0.0001060555841122462	3.1993082667764016e-5	1.1355938599875963e-5	4.268497551114775e-6
168.0	-15.0	-2.0	0.25361974460932196	0.44989548859547734	0.6339008529182704	0.7729363213047322	0.8649982581904603	0.9215880849032594	0.9542644955562124	0.9723389461351225	0.9816035909954107	0.01627840122501958	0.00721676850210683	0.0027505214409280936	0.0009568307263910744	0.0003192756994563119	0.0001060555841122446	3.199308266776313e-5	1.135593859987546e-5	4.268497551114482e-6
169.0	-15.0	-2.0	0.253619744609322	0.44989548859547734	0.6339008529182705	0.7729363213047324	0.8649982581904605	0.9215880849032595	0.9542644955562126	0.9723389461351226	0.9816035909954108	0.016278401225019577	0.007216768502106828	0.0027505214409280936	0.000956830726391074	0.00031927569945631177	0.00010605558411224452	3.199308266776305e-5	1.1355938599875411e-5	4.268497551114461e-6
170.0	-15.0	-2.0	0.25361701004496373	0.4498755892378618	0.6338664066124348	0.772911769176123	0.865004305764023	0.9216368497290535	0.9542478206077479	0.9723539982919625	0.9816031695949068	0.01596490844622616	0.007106048637832697	0.00271675803250901	0.000947574444236119	0.00031686133883610223	0.00010532277874001033	3.171550048555891e-5	1.1316505422797095e-5	4.231277140385949e-6
171.0	-15.0	-2.0	0.25361701004496384	0.44987558923786203	0.633866406612435	0.7729117691761233	0.8650043057640235	0.921636849729054	0.9542478206077484	0.9723539982919629	0.9816031695949073	0.015964908446226177	0.007106048637832709	0.0027167580325090203	0.0009475744442361254	0.0003168613388361061	0.00010532277874001253	3.171550048556013e-5	1.1316505422797783e-5	4.231277140386361e-6
172.0	-15.0	-2.0	0.253619744609322	0.44989548859547746	0.6339008529182705	0.7729363213047324	0.8649982581904605	0.9215880849032595	0.9542644955562126	0.9723389461351226	0.9816035909954108	0.016278401225019577	0.0072167685021068215	0.002750521440928089	0.0009568307263910714	0.0003192756994563098	0.00010605558411224333	3.199308266776234e-5	1.135593859987501e-5	4.2684975511141885e-6
173.0	-15.0	-2.0	0.253619744609322	0.4498954885954775	0.6339008529182707	0.7729363213047326	0.8649982581904606	0.9215880849032597	0.9542644955562127	0.9723389461351228	0.9816035909954111	0.01627840122501958	0.007216768502106823	0.0027505214409280915	0.0009568307263910726	0.00031927569945631074	0.00010605558411224386	3.199308266776267e-5	1.1355938599875177e-5	4.268497551114296e-6
174.0	-15.0	-2.0	0.2536170100449637	0.44987558923786164	0.6338664066124345	0.7729117691761227	0.8650043057640228	0.9216368497290532	0.9542478206077476	0.9723539982919621	0.9816031695949066	0.015964908446226157	0.007106048637832694	0.002716758032509013	0.0009475744442361196	0.0003168613388361028	0.00010532277874001073	3.171550048555914e-5	1.131650542279723e-5	4.231277140386044e-6
175.0	-15.0	-2.0	0.25361974460932213	0.44989548859547757	0.6339008529182709	0.7729363213047327	0.8649982581904608	0.9215880849032598	0.954264495556213	0.972338946135123	0.9816035909954112	0.01627840122501958	0.007216768502106821	0.0027505214409280884	0.0009568307263910707	0.0003192756994563098	0.00010605558411224355	3.199308266776244e-5	1.135593859987507e-5	4.268497551114265e-6
176.0	-15.0	-2.0	0.2536170100449637	0.44987558923786175	0.6338664066124347	0.7729117691761228	0.8650043057640229	0.9216368497290534	0.9542478206077477	0.9723539982919623	0.9816031695949067	0.01596490844622618	0.007106048637832707	0.0027167580325090195	0.0009475744442361244	0.0003168613388361056	0.00010532277874001216	3.171550048556002e-5	1.1316505422797728e-5	4.23127714038633e-6
177.0	-15.0	-2.0	0.2599524069448002	0.4568891430071806	0.6389533701832228	0.7759452917158811	0.8664956304686348	0.9217736178791022	0.953939955255555	0.9717986860003309	0.9804911751896793	0.004817135292810314	0.0019180185318944329	0.0006923094647230799	0.0002368614306590662	7.600442187384962e-5	2.4113091637148473e-5	8.317694364859017e-6	2.8909025229613635e-6	1.3449247466856073e-6
178.0	-15.0	-2.0	0.25994284604815876	0.4568121857333334	0.6388321839731359	0.7757852115488515	0.8665176250331162	0.921824201565578	0.9539296850174694	0.9718206305458457	0.9804814234049579	0.004828801034065719	0.0019140432343724596	0.0006899839850420435	0.00023585977956059982	7.715723209354345e-5	2.4128305342220113e-5	8.234129489294134e-6	2.935239713036673e-6	1.3464734110464464e-6
179.0	-15.0	-2.0	0.25994284604815887	0.45681218573333354	0.6388321839731361	0.7757852115488517	0.8665176250331165	0.9218242015655781	0.9539296850174696	0.9718206305458459	0.980481423404958	0.0048288010340657205	0.0019140432343724592	0.0006899839850420438	0.00023585977956059993	7.71572320935435e-5	2.4128305342220163e-5	8.234129489294158e-6	2.9352397130366886e-6	1.3464734110464603e-6
180.0	-15.0	-2.0	0.25994284604815876	0.45681218573333354	0.6388321839731361	0.7757852115488517	0.8665176250331165	0.9218242015655782	0.9539296850174697	0.971820630545846	0.9804814234049583	0.004828801034065722	0.0019140432343724607	0.0006899839850420449	0.00023585977956060036	7.715723209354376e-5	2.4128305342220316e-5	8.234129489294232e-6	2.935239713036729e-6	1.346473411046479e-6
181.0	-15.0	-2.0	0.2599524069448002	0.4568891430071806	0.6389533701832228	0.7759452917158811	0.8664956304686348	0.9217736178791022	0.953939955255555	0.9717986860003309	0.9804911751896793	0.0048171352928103135	0.0019180185318944305	0.0006923094647230786	0.00023686143065906575	7.600442187384926e-5	2.4113091637148283e-5	8.317694364858893e-6	2.890902522961274e-6	1.3449247466855343e-6
182.0	-15.0	-2.0	0.25994284604815876	0.45681218573333343	0.638832183973136	0.7757852115488515	0.8665176250331162	0.921824201565578	0.9539296850174694	0.9718206305458457	0.9804814234049579	0.004828801034065719	0.001914043234372459	0.0006899839850420433	0.0002358597795605995	7.715723209354331e-5	2.412830534222005e-5	8.23412948929409e-6	2.9352397130366437e-6	1.346473411046425e-6
183.0	-15.0	-2.0	0.2599428460481588	0.45681218573333354	0.6388321839731361	0.7757852115488518	0.8665176250331166	0.9218242015655784	0.9539296850174699	0.9718206305458461	0.9804814234049584	0.0048288010340657205	0.0019140432343724605	0.0006899839850420445	0.00023585977956060034	7.715723209354379e-5	2.412830534222032e-5	8.234129489294229e-6	2.9352397130367276e-6	1.3464734110464815e-6
184.0	-15.0	-2.0	0.2599524069448001	0.45688914300718036	0.6389533701832225	0.7759452917158804	0.8664956304686341	0.9217736178791016	0.9539399552555544	0.9717986860003303	0.9804911751896788	0.004817135292810309	0.0019180185318944292	0.0006923094647230774	0.00023686143065906502	7.600442187384892e-5	2.4113091637148073e-5	8.317694364858787e-6	2.890902522961227e-6	1.3449247466855222e-6
185.0	-15.0	-2.0	0.25994284604815876	0.45681218573333343	0.638832183973136	0.7757852115488515	0.8665176250331162	0.921824201565578	0.9539296850174694	0.9718206305458457	0.9804814234049579	0.00482880103406572	0.0019140432343724583	0.000689983985042043	0.00023585977956059947	7.715723209354323e-5	2.412830534222003e-5	8.234129489294071e-6	2.935239713036639e-6	1.3464734110464282e-6
186.0	-15.0	-2.0	0.25994284604815876	0.45681218573333343	0.638832183973136	0.7757852115488515	0.8665176250331162	0.921824201565578	0.9539296850174694	0.9718206305458457	0.9804814234049579	0.0048288010340657205	0.001914043234372459	0.0006899839850420436	0.00023585977956059963	7.715723209354334e-5	2.4128305342220082e-5	8.234129489294105e-6	2.9352397130366543e-6	1.346473411046436e-6
187.0	-15.0	-2.0	0.25994284604815887	0.4568121857333336	0.6388321839731361	0.7757852115488517	0.8665176250331165	0.9218242015655782	0.9539296850174697	0.971820630545846	0.9804814234049583	0.004828801034065725	0.0019140432343724622	0.0006899839850420452	0.00023585977956060072	7.715723209354396e-5	2.4128305342220434e-5	8.234129489294305e-6	2.9352397130367746e-6	1.3464734110465169e-6
188.0	-15.0	-2.0	0.25995240694480026	0.4568891430071806	0.6389533701832228	0.775945291715881	0.8664956304686345	0.9217736178791021	0.9539399552555549	0.9717986860003307	0.9804911751896792	0.004817135292810312	0.0019180185318944303	0.0006923094647230782	0.0002368614306590655	7.600442187384913e-5	2.4113091637148198e-5	8.317694364858868e-6	2.890902522961268e-6	1.3449247466855427e-6
189.0	-15.0	-2.0	0.25999545824442255	0.45675477204814807	0.6387196200860472	0.7755236956818023	0.8661421601747867	0.9219581196365167	0.9540269061027397	0.9717175349248615	0.980460582098441	0.004468139132713749	0.0017607070366149726	0.0006307510060028789	0.00021419806266862365	7.1294199109208e-5	2.3924753850333685e-5	7.380779886164291e-6	2.8430753656989668e-6	1.2455934696594881e-6
190.0	-15.0	-2.0	0.25999545824442233	0.45675477204814774	0.6387196200860469	0.7755236956818018	0.8661421601747862	0.9219581196365163	0.9540269061027392	0.9717175349248609	0.9804605820984406	0.004468139132713743	0.001760707036614971	0.0006307510060028781	0.0002141980626686227	7.129419910920746e-5	2.392475385033339e-5	7.3807798861641065e-6	2.843075365698865e-6	1.245593469659426e-6
191.0	-15.0	-2.0	0.2599542298268926	0.4567149310072619	0.6386752797624381	0.7755730490627994	0.8663749642948282	0.9219046451682499	0.953947924598521	0.9718413149323513	0.9804680751133991	0.0051569126887851015	0.0020402420988935685	0.000734029423082832	0.0002505067096433729	8.368590288007307e-5	2.613013617121334e-5	8.695164297436212e-6	3.2928264686854414e-6	1.4546946873679658e-6
192.0	-15.0	-2.0	0.25995422982689254	0.45671493100726185	0.6386752797624378	0.7755730490627993	0.8663749642948279	0.9219046451682495	0.9539479245985207	0.971841314932351	0.9804680751133987	0.005156912688785099	0.0020402420988935672	0.0007340294230828308	0.0002505067096433722	8.368590288007273e-5	2.6130136171213163e-5	8.69516429743611e-6	3.292826468685392e-6	1.4546946873679436e-6
1.0	-15.0	-2.5	0.22633143789498603	0.41507267927942554	0.606756067315602	0.7578068226254949	0.8581511243496788	0.9188615233148911	0.954133457443668	0.9733897328798312	0.983942617672708	0.05871550177083668	0.0303202050234065	0.012497562932561098	0.004392264507200544	0.0014128986772543597	0.0004473652153646037	0.0001374660804240315	4.249453794985525e-5	1.4867392250109589e-5
2.0	-15.0	-2.5	0.22626913023051323	0.41518497553603984	0.6069189994436767	0.7579995393982242	0.8584459798678591	0.9189351638085598	0.9539710020944183	0.973452869448706	0.9840042886767004	0.06170436129348984	0.03186878486310694	0.01318448056128857	0.004666281909249956	0.0014886095004560376	0.0004601807373682604	0.00014867698155322096	4.290488904661918e-5	1.5767836420240584e-5
3.0	-15.0	-2.5	0.22626913023051337	0.4151849755360401	0.606918999443677	0.7579995393982244	0.8584459798678594	0.9189351638085601	0.9539710020944187	0.9734528694487062	0.9840042886767008	0.061704361293489864	0.031868784863106944	0.01318448056128858	0.004666281909249959	0.0014886095004560396	0.0004601807373682614	0.00014867698155322134	4.2904889046619426e-5	1.576783642024065e-5
4.0	-15.0	-2.5	0.22626913023051332	0.41518497553604006	0.6069189994436769	0.7579995393982244	0.8584459798678593	0.9189351638085599	0.9539710020944185	0.9734528694487061	0.9840042886767005	0.06170436129348986	0.03186878486310695	0.013184480561288585	0.0046662819092499605	0.001488609500456042	0.00046018073736826305	0.0001486769815532222	4.290488904661991e-5	1.5767836420240964e-5
5.0	-15.0	-2.5	0.22633143789498603	0.41507267927942554	0.606756067315602	0.7578068226254949	0.8581511243496788	0.9188615233148911	0.954133457443668	0.9733897328798312	0.983942617672708	0.05871550177083664	0.030320205023406467	0.01249756293256108	0.00439226450720053	0.0014128986772543517	0.0004473652153645991	0.00013746608042402897	4.2494537949853917e-5	1.4867392250108847e-5
6.0	-15.0	-2.5	0.22626913023051332	0.41518497553604006	0.606918999443677	0.7579995393982244	0.8584459798678593	0.9189351638085599	0.9539710020944185	0.9734528694487061	0.9840042886767005	0.06170436129348985	0.03186878486310695	0.013184480561288578	0.004666281909249955	0.0014886095004560383	0.00046018073736826056	0.00014867698155322093	4.2904889046619175e-5	1.576783642024059e-5
7.0	-15.0	-2.5	0.2262691302305132	0.41518497553603984	0.6069189994436767	0.7579995393982242	0.8584459798678589	0.9189351638085597	0.9539710020944182	0.9734528694487058	0.9840042886767003	0.06170436129348985	0.03186878486310695	0.013184480561288585	0.004666281909249965	0.0014886095004560441	0.00046018073736826424	0.00014867698155322296	4.2904889046620314e-5	1.576783642024121e-5
8.0	-15.0	-2.5	0.22633143789498603	0.41507267927942554	0.606756067315602	0.7578068226254949	0.8581511243496788	0.9188615233148911	0.954133457443668	0.9733897328798312	0.983942617672708	0.05871550177083671	0.03032020502340654	0.01249756293256112	0.0043922645072005575	0.0014128986772543668	0.00044736521536460774	0.00013746608042403374	4.249453794985657e-5	1.4867392250110292e-5
9.0	-15.0	-2.5	0.22626913023051332	0.41518497553604006	0.6069189994436768	0.7579995393982243	0.8584459798678593	0.9189351638085599	0.9539710020944185	0.9734528694487061	0.9840042886767005	0.06170436129348987	0.03186878486310696	0.013184480561288583	0.004666281909249964	0.001488609500456044	0.00046018073736826435	0.00014867698155322293	4.290488904662031e-5	1.576783642024123e-5
10.0	-15.0	-2.5	0.22626913023051318	0.41518497553603984	0.6069189994436766	0.757999539398224	0.8584459798678589	0.9189351638085597	0.9539710020944182	0.9734528694487058	0.9840042886767003	0.061704361293489836	0.03186878486310692	0.013184480561288566	0.0046662819092499535	0.001488609500456037	0.0004601807373682604	0.0001486769815532208	4.2904889046619155e-5	1.576783642024055e-5
11.0	-15.0	-2.5	0.2262691302305133	0.41518497553603995	0.606918999443677	0.7579995393982244	0.8584459798678593	0.9189351638085599	0.9539710020944185	0.9734528694487061	0.9840042886767005	0.0617043612934899	0.031868784863106965	0.013184480561288596	0.004666281909249969	0.001488609500456048	0.00046018073736826587	0.000148676981553224	4.29048890466209e-5	1.5767836420241546e-5
12.0	-15.0	-2.5	0.226331437894986	0.41507267927942554	0.606756067315602	0.757806822625495	0.858151124349679	0.9188615233148913	0.9541334574436681	0.9733897328798314	0.9839426176727081	0.058715501770836696	0.030320205023406512	0.012497562932561105	0.004392264507200545	0.0014128986772543608	0.00044736521536460394	0.00013746608042403157	4.249453794985534e-5	1.4867392250109631e-5
13.0	-15.0	-2.5	0.2190176691355521	0.39782851604073427	0.5823475967972783	0.7357786480539811	0.8448239267380775	0.9127868797976937	0.9517600394823961	0.9730175747260363	0.9844943271219818	0.08482224744120183	0.05972182550518619	0.03660245880085081	0.01810375431371468	0.00684473412058125	0.002110256772161372	0.0006076043624822708	0.00016492489468482622	5.219044776454667e-5
14.0	-15.0	-2.5	0.21901766913555198	0.39782851604073405	0.582347596797278	0.7357786480539806	0.844823926738077	0.9127868797976932	0.9517600394823955	0.9730175747260358	0.9844943271219811	0.08482224744120176	0.059721825505186135	0.03660245880085075	0.018103754313714637	0.0068447341205812185	0.0021102567721613522	0.0006076043624822584	0.00016492489468481952	5.219044776454333e-5
15.0	-15.0	-2.5	0.20861982815129856	0.37022115418231094	0.5413893397039653	0.6971613377689082	0.81978420088243	0.9007379458548171	0.9466711602206839	0.9710471624978171	0.9831611916484468	0.12972265489133541	0.10518028051498696	0.07246509310685806	0.040098268095556326	0.017012734642955538	0.005552526408356567	0.0015435862188907094	0.000405393821161746	0.00011536858542522164
16.0	-15.0	-2.5	0.23423839994231607	0.4230990424804537	0.6116476376144355	0.759764327449288	0.858815272921893	0.9194965121756878	0.9540466614871672	0.9735666563065645	0.9839948970778907	0.05688563991493561	0.031706849969610894	0.01382365465160731	0.005085343357741895	0.001708742128369368	0.0005576360510651903	0.00016440703211928159	5.596348683884292e-5	1.8249710677029376e-5
17.0	-15.0	-2.5	0.22684574612052236	0.41615400026451904	0.6078067755511771	0.7584851802673178	0.8585002894390604	0.918962351330538	0.9541988720048212	0.9734344694972044	0.9840118034375064	0.07003590872863692	0.03611827050000431	0.014915336081185887	0.005268070670669556	0.0016975997203455648	0.0005385710453120427	0.0001711469892219745	5.112358234666212e-5	1.8043754429524217e-5
18.0	-15.0	-2.5	0.20861982815129865	0.3702211541823111	0.5413893397039655	0.6971613377689085	0.8197842008824304	0.9007379458548176	0.9466711602206843	0.9710471624978176	0.9831611916484474	0.1297226548913355	0.10518028051498698	0.07246509310685811	0.04009826809555639	0.017012734642955593	0.005552526408356608	0.0015435862188907371	0.0004053938211617612	0.00011536858542522964
19.0	-15.0	-2.5	0.219017669135552	0.3978285160407342	0.582347596797278	0.7357786480539807	0.8448239267380772	0.9127868797976934	0.9517600394823956	0.9730175747260359	0.9844943271219814	0.08482224744120183	0.05972182550518616	0.03660245880085077	0.01810375431371465	0.006844734120581224	0.0021102567721613527	0.0006076043624822583	0.00016492489468481942	5.21904477645433e-5
20.0	-15.0	-2.5	0.20861982815129854	0.37022115418231083	0.5413893397039651	0.697161337768908	0.8197842008824298	0.9007379458548169	0.9466711602206836	0.971047162497817	0.9831611916484467	0.12972265489133536	0.10518028051498687	0.07246509310685799	0.04009826809555629	0.017012734642955524	0.005552526408356561	0.0015435862188907096	0.0004053938211617465	0.00011536858542522182
21.0	-15.0	-2.5	0.21901766913555212	0.3978285160407344	0.5823475967972782	0.7357786480539809	0.8448239267380775	0.9127868797976938	0.9517600394823963	0.9730175747260366	0.9844943271219819	0.08482224744120184	0.05972182550518618	0.03660245880085078	0.01810375431371464	0.006844734120581216	0.0021102567721613483	0.000607604362482255	0.00016492489468481768	5.219044776454217e-5
22.0	-15.0	-2.5	0.22684574612052233	0.41615400026451893	0.607806775551177	0.7584851802673175	0.8585002894390601	0.9189623513305376	0.9541988720048209	0.973434469497204	0.984011803437506	0.07003590872863691	0.03611827050000431	0.014915336081185896	0.0052680706706695595	0.0016975997203455674	0.000538571045312044	0.00017114698922197544	5.112358234666257e-5	1.8043754429524508e-5
23.0	-15.0	-2.5	0.23423839994231607	0.4230990424804537	0.6116476376144355	0.7597643274492879	0.858815272921893	0.9194965121756878	0.9540466614871672	0.9735666563065645	0.9839948970778907	0.056885639914935615	0.031706849969610915	0.013823654651607318	0.005085343357741895	0.001708742128369369	0.0005576360510651902	0.0001644070321192817	5.5963486838843e-5	1.8249710677029406e-5
24.0	-15.0	-2.5	0.2190176691355521	0.39782851604073427	0.5823475967972782	0.7357786480539809	0.8448239267380772	0.9127868797976936	0.951760039482396	0.9730175747260362	0.9844943271219817	0.08482224744120184	0.05972182550518621	0.03660245880085083	0.01810375431371469	0.0068447341205812515	0.0021102567721613718	0.0006076043624822698	0.0001649248946848255	5.219044776454649e-5
25.0	-15.0	-2.5	0.23423839994231604	0.42309904248045366	0.6116476376144354	0.759764327449288	0.8588152729218929	0.9194965121756877	0.9540466614871671	0.9735666563065644	0.9839948970778906	0.0568856399149356	0.031706849969610894	0.013823654651607304	0.005085343357741889	0.0017087421283693627	0.0005576360510651877	0.00016440703211928001	5.596348683884197e-5	1.8249710677028796e-5
26.0	-15.0	-2.5	0.2268457461205224	0.4161540002645191	0.6078067755511772	0.7584851802673178	0.8585002894390604	0.9189623513305382	0.9541988720048213	0.9734344694972045	0.9840118034375066	0.07003590872863695	0.03611827050000433	0.01491533608118591	0.005268070670669571	0.0016975997203455735	0.0005385710453120478	0.00017114698922197742	5.112358234666375e-5	1.8043754429525148e-5
27.0	-15.0	-2.5	0.22684574612052227	0.41615400026451893	0.607806775551177	0.7584851802673175	0.8585002894390603	0.9189623513305378	0.9541988720048212	0.9734344694972044	0.9840118034375064	0.07003590872863691	0.03611827050000431	0.0149153360811859	0.005268070670669563	0.001697599720345569	0.000538571045312045	0.00017114698922197596	5.112358234666288e-5	1.804375442952466e-5
28.0	-15.0	-2.5	0.2342383999423159	0.42309904248045344	0.6116476376144351	0.7597643274492875	0.8588152729218923	0.9194965121756872	0.9540466614871667	0.9735666563065637	0.9839948970778899	0.05688563991493558	0.03170684996961088	0.0138236546516073	0.005085343357741887	0.0017087421283693623	0.0005576360510651869	0.00016440703211927958	5.596348683884181e-5	1.8249710677028732e-5
29.0	-15.0	-2.5	0.20861982815129862	0.370221154182311	0.5413893397039654	0.6971613377689085	0.8197842008824304	0.9007379458548176	0.9466711602206844	0.9710471624978178	0.9831611916484475	0.12972265489133541	0.10518028051498694	0.07246509310685806	0.04009826809555633	0.01701273464295556	0.005552526408356572	0.0015435862188907142	0.0004053938211617488	0.00011536858542522307
30.0	-15.0	-2.5	0.21901766913555218	0.39782851604073444	0.5823475967972784	0.7357786480539812	0.8448239267380778	0.9127868797976941	0.9517600394823966	0.973017574726037	0.9844943271219825	0.08482224744120194	0.05972182550518626	0.03660245880085086	0.01810375431371471	0.006844734120581262	0.0021102567721613774	0.0006076043624822725	0.000164924894684827	5.2190447764547235e-5
31.0	-15.0	-2.5	0.23423839994231607	0.4230990424804537	0.6116476376144355	0.759764327449288	0.8588152729218933	0.9194965121756882	0.9540466614871675	0.9735666563065648	0.983994897077891	0.05688563991493562	0.03170684996961092	0.013823654651607316	0.005085343357741899	0.001708742128369369	0.0005576360510651908	0.0001644070321192817	5.5963486838843076e-5	1.824971067702943e-5
32.0	-15.0	-2.5	0.20861982815129854	0.37022115418231094	0.5413893397039653	0.6971613377689081	0.8197842008824298	0.9007379458548169	0.9466711602206836	0.971047162497817	0.9831611916484467	0.12972265489133544	0.10518028051498693	0.07246509310685804	0.04009826809555634	0.01701273464295555	0.005552526408356582	0.0015435862188907196	0.0004053938211617515	0.00011536858542522437
33.0	-15.0	-2.5	0.22684574612052227	0.41615400026451904	0.607806775551177	0.7584851802673175	0.8585002894390604	0.918962351330538	0.9541988720048212	0.9734344694972044	0.9840118034375064	0.07003590872863691	0.03611827050000432	0.0149153360811859	0.005268070670669562	0.00169759972034557	0.0005385710453120448	0.00017114698922197577	5.1123582346662874e-5	1.804375442952467e-5
34.0	-15.0	-2.5	0.2268457461205224	0.4161540002645191	0.6078067755511772	0.7584851802673178	0.8585002894390606	0.9189623513305382	0.9541988720048213	0.9734344694972045	0.9840118034375066	0.07003590872863695	0.03611827050000433	0.014915336081185906	0.005268070670669571	0.0016975997203455737	0.0005385710453120473	0.0001711469892219771	5.112358234666358e-5	1.8043754429524972e-5
35.0	-15.0	-2.5	0.234238399942316	0.42309904248045355	0.6116476376144354	0.7597643274492878	0.8588152729218929	0.9194965121756877	0.9540466614871671	0.9735666563065644	0.9839948970778906	0.05688563991493562	0.031706849969610915	0.013823654651607325	0.005085343357741901	0.0017087421283693725	0.0005576360510651927	0.00016440703211928291	5.5963486838843686e-5	1.824971067702982e-5
36.0	-15.0	-2.5	0.2190176691355521	0.3978285160407342	0.5823475967972782	0.7357786480539809	0.8448239267380774	0.9127868797976937	0.951760039482396	0.9730175747260362	0.9844943271219817	0.08482224744120181	0.05972182550518618	0.03660245880085078	0.018103754313714644	0.006844734120581219	0.0021102567721613488	0.000607604362482256	0.00016492489468481806	5.2190447764542444e-5
37.0	-15.0	-2.5	0.20861982815129856	0.37022115418231094	0.5413893397039652	0.6971613377689082	0.81978420088243	0.9007379458548171	0.9466711602206839	0.9710471624978171	0.9831611916484468	0.12972265489133541	0.10518028051498693	0.07246509310685807	0.04009826809555632	0.01701273464295556	0.0055525264083565815	0.0015435862188907183	0.000405393821161751	0.00011536858542522427
38.0	-15.0	-2.5	0.2342383999423159	0.42309904248045355	0.6116476376144352	0.7597643274492878	0.8588152729218926	0.9194965121756875	0.9540466614871669	0.9735666563065641	0.9839948970778903	0.056885639914935594	0.03170684996961091	0.013823654651607314	0.005085343357741896	0.0017087421283693686	0.0005576360510651903	0.00016440703211928167	5.5963486838843015e-5	1.8249710677029382e-5
39.0	-15.0	-2.5	0.22684574612052233	0.41615400026451893	0.607806775551177	0.7584851802673175	0.8585002894390601	0.9189623513305374	0.9541988720048208	0.9734344694972038	0.9840118034375059	0.07003590872863695	0.03611827050000431	0.014915336081185903	0.005268070670669565	0.0016975997203455718	0.0005385710453120463	0.00017114698922197672	5.112358234666334e-5	1.8043754429524908e-5
40.0	-15.0	-2.5	0.20861982815129862	0.37022115418231094	0.5413893397039653	0.6971613377689082	0.81978420088243	0.9007379458548171	0.9466711602206839	0.9710471624978171	0.9831611916484468	0.12972265489133547	0.10518028051498696	0.07246509310685807	0.04009826809555634	0.01701273464295557	0.005552526408356587	0.0015435862188907222	0.0004053938211617535	0.00011536858542522589
41.0	-15.0	-2.5	0.2268457461205224	0.4161540002645191	0.6078067755511771	0.7584851802673178	0.8585002894390606	0.918962351330538	0.9541988720048213	0.9734344694972045	0.9840118034375066	0.07003590872863695	0.03611827050000434	0.014915336081185906	0.0052680706706695665	0.0016975997203455724	0.0005385710453120461	0.00017114698922197666	5.112358234666325e-5	1.804375442952491e-5
42.0	-15.0	-2.5	0.20861982815129856	0.37022115418231094	0.5413893397039651	0.6971613377689081	0.8197842008824298	0.9007379458548169	0.9466711602206836	0.971047162497817	0.9831611916484467	0.12972265489133533	0.1051802805149869	0.07246509310685796	0.04009826809555625	0.017012734642955475	0.00555252640835652	0.001543586218890681	0.00040539382116173067	0.0001153685854252134
43.0	-15.0	-2.5	0.23423839994231604	0.42309904248045366	0.6116476376144354	0.759764327449288	0.858815272921893	0.9194965121756878	0.9540466614871672	0.9735666563065645	0.9839948970778907	0.05688563991493558	0.03170684996961089	0.013823654651607295	0.005085343357741886	0.001708742128369362	0.0005576360510651864	0.00016440703211927944	5.596348683884176e-5	1.8249710677028708e-5
44.0	-15.0	-2.5	0.21901766913555207	0.39782851604073427	0.5823475967972783	0.7357786480539809	0.8448239267380775	0.9127868797976938	0.9517600394823961	0.9730175747260363	0.9844943271219818	0.08482224744120184	0.05972182550518621	0.036602458800850834	0.018103754313714693	0.00684473412058126	0.0021102567721613774	0.0006076043624822721	0.00016492489468482698	5.219044776454723e-5
45.0	-15.0	-2.5	0.21937834402448117	0.39787510750638405	0.5822017748842682	0.7357018498302197	0.8448413137652522	0.9128144554835365	0.9516863976400648	0.9730557760745847	0.984477405079394	0.08822983140735935	0.06157305807107109	0.037423489668675355	0.018406298478344456	0.006931911936279333	0.0021301691280768906	0.0006138387565809479	0.00016650538820418836	5.276022193696237e-5
46.0	-15.0	-2.5	0.2193783440244813	0.3978751075063842	0.5822017748842686	0.7357018498302202	0.8448413137652528	0.9128144554835369	0.9516863976400652	0.9730557760745853	0.9844774050793945	0.08822983140735934	0.061573058071071086	0.03742348966867532	0.0184062984783444	0.006931911936279279	0.002130169128076849	0.0006138387565809216	0.00016650538820417335	5.27602219369541e-5
47.0	-15.0	-2.5	0.2083962038108917	0.36954933407412394	0.5407774110569266	0.6967736174727529	0.8195755846935929	0.9006348185990429	0.9467205363489039	0.9709819631554872	0.9831871758005764	0.1311526088648724	0.10580731069631835	0.07264362499525377	0.04017106698916496	0.017053127699183254	0.005574258456465361	0.0015498119426964336	0.0003966776408040487	0.000115131948411257
48.0	-15.0	-2.5	0.2342766398189352	0.423125918389311	0.611659860250549	0.7597685351141152	0.8588199177097554	0.9195055312603365	0.9540447183981026	0.9735691818898359	0.9839951953758342	0.05729984182888159	0.03190338885758988	0.013903081236169386	0.005113901429098303	0.0017184690865534836	0.00056088219220369	0.0001653799723410004	5.633966487781676e-5	1.838536636738986e-5
49.0	-15.0	-2.5	0.2083962038108916	0.3695493340741239	0.5407774110569264	0.6967736174727528	0.8195755846935928	0.9006348185990427	0.9467205363489036	0.970981963155487	0.9831871758005762	0.13115260886487248	0.1058073106963184	0.07264362499525381	0.040171066989165	0.017053127699183296	0.005574258456465387	0.0015498119426964512	0.0003966776408040583	0.00011513194841126229
50.0	-15.0	-2.5	0.21937834402448125	0.39787510750638416	0.5822017748842684	0.73570184983022	0.8448413137652527	0.9128144554835368	0.951686397640065	0.973055776074585	0.9844774050793943	0.08822983140735935	0.06157305807107106	0.03742348966867529	0.018406298478344373	0.0069319119362792544	0.0021301691280768307	0.0006138387565809113	0.00016650538820416798	5.2760221936951316e-5
51.0	-15.0	-2.5	0.20839620381089172	0.36954933407412405	0.5407774110569268	0.6967736174727531	0.8195755846935933	0.9006348185990432	0.9467205363489042	0.9709819631554876	0.9831871758005767	0.1311526088648725	0.10580731069631842	0.07264362499525383	0.040171066989165005	0.017053127699183285	0.005574258456465377	0.0015498119426964447	0.00039667764080405463	0.0001151319484112602
52.0	-15.0	-2.5	0.21937834402448123	0.39787510750638405	0.5822017748842682	0.7357018498302197	0.8448413137652522	0.9128144554835365	0.9516863976400648	0.9730557760745847	0.984477405079394	0.08822983140735925	0.06157305807107097	0.037423489668675224	0.018406298478344324	0.006931911936279226	0.002130169128076815	0.000613838756580903	0.00016650538820416327	5.276022193694868e-5
53.0	-15.0	-2.5	0.23427663981893532	0.42312591838931135	0.6116598602505493	0.7597685351141156	0.8588199177097557	0.9195055312603369	0.9540447183981029	0.9735691818898362	0.9839951953758346	0.05729984182888164	0.03190338885758992	0.013903081236169422	0.005113901429098321	0.001718469086553495	0.0005608821922036968	0.0001653799723410043	5.6339664877818895e-5	1.8385366367391087e-5
54.0	-15.0	-2.5	0.2083962038108917	0.36954933407412394	0.5407774110569266	0.6967736174727529	0.8195755846935929	0.9006348185990429	0.9467205363489039	0.9709819631554872	0.9831871758005764	0.13115260886487246	0.1058073106963183	0.07264362499525372	0.04017106698916491	0.017053127699183226	0.005574258456465334	0.0015498119426964165	0.000396677640804039	0.00011513194841125164
55.0	-15.0	-2.5	0.21937834402448125	0.39787510750638416	0.5822017748842683	0.73570184983022	0.8448413137652525	0.9128144554835368	0.951686397640065	0.973055776074585	0.9844774050793943	0.08822983140735927	0.06157305807107098	0.037423489668675244	0.018406298478344348	0.006931911936279243	0.002130169128076828	0.0006138387565809105	0.00016650538820416744	5.2760221936950944e-5
56.0	-15.0	-2.5	0.23427663981893526	0.42312591838931113	0.6116598602505491	0.7597685351141152	0.8588199177097554	0.9195055312603365	0.9540447183981026	0.9735691818898359	0.9839951953758342	0.05729984182888162	0.0319033888575899	0.013903081236169406	0.005113901429098311	0.0017184690865534899	0.0005608821922036939	0.00016537997234100242	5.6339664877817947e-5	1.838536636739056e-5
57.0	-15.0	-2.5	0.2342766398189352	0.423125918389311	0.611659860250549	0.7597685351141152	0.8588199177097551	0.9195055312603362	0.9540447183981022	0.9735691818898357	0.9839951953758339	0.057299841828881586	0.03190338885758987	0.013903081236169384	0.005113901429098298	0.0017184690865534814	0.0005608821922036892	0.00016537997234099977	5.633966487781642e-5	1.8385366367389684e-5
58.0	-15.0	-2.5	0.2193783440244813	0.39787510750638416	0.5822017748842683	0.7357018498302199	0.8448413137652525	0.9128144554835366	0.9516863976400649	0.9730557760745849	0.9844774050793942	0.08822983140735932	0.06157305807107106	0.03742348966867532	0.018406298478344414	0.006931911936279295	0.0021301691280768654	0.0006138387565809327	0.00016650538820417977	5.276022193695773e-5
59.0	-15.0	-2.5	0.23427663981893523	0.423125918389311	0.611659860250549	0.7597685351141152	0.8588199177097551	0.9195055312603362	0.9540447183981022	0.9735691818898357	0.9839951953758339	0.057299841828881544	0.03190338885758985	0.013903081236169361	0.005113901429098285	0.001718469086553473	0.0005608821922036844	0.00016537997234099697	5.633966487781475e-5	1.838536636738868e-5
60.0	-15.0	-2.5	0.20839620381089158	0.36954933407412377	0.5407774110569263	0.6967736174727526	0.8195755846935926	0.9006348185990424	0.9467205363489035	0.9709819631554869	0.983187175800576	0.13115260886487243	0.10580731069631838	0.07264362499525381	0.040171066989164984	0.017053127699183292	0.00557425845646539	0.001549811942696453	0.0003966776408040598	0.00011513194841126298
61.0	-15.0	-2.5	0.20839620381089172	0.36954933407412394	0.5407774110569266	0.6967736174727529	0.8195755846935929	0.9006348185990429	0.9467205363489039	0.9709819631554872	0.9831871758005764	0.1311526088648725	0.1058073106963184	0.07264362499525381	0.04017106698916499	0.01705312769918329	0.005574258456465375	0.0015498119426964416	0.00039667764080405317	0.00011513194841125945
62.0	-15.0	-2.5	0.23427663981893523	0.4231259183893112	0.611659860250549	0.7597685351141152	0.8588199177097553	0.9195055312603363	0.9540447183981025	0.9735691818898358	0.9839951953758341	0.05729984182888163	0.0319033888575899	0.013903081236169413	0.0051139014290983165	0.0017184690865534927	0.0005608821922036952	0.00016537997234100343	5.6339664877818414e-5	1.838536636739082e-5
63.0	-15.0	-2.5	0.21937834402448134	0.3978751075063842	0.5822017748842684	0.7357018498302202	0.8448413137652528	0.9128144554835369	0.9516863976400652	0.9730557760745853	0.9844774050793945	0.08822983140735935	0.06157305807107106	0.037423489668675286	0.01840629847834437	0.006931911936279251	0.00213016912807683	0.0006138387565809096	0.00016650538820416673	5.276022193695065e-5
64.0	-15.0	-2.5	0.23427663981893534	0.4231259183893113	0.6116598602505493	0.7597685351141156	0.8588199177097557	0.9195055312603369	0.9540447183981029	0.9735691818898362	0.9839951953758346	0.05729984182888167	0.03190338885758995	0.013903081236169441	0.0051139014290983355	0.0017184690865535027	0.0005608821922037017	0.00016537997234100684	5.6339664877820386e-5	1.8385366367391917e-5
65.0	-15.0	-2.5	0.2342766398189352	0.423125918389311	0.6116598602505489	0.7597685351141151	0.858819917709755	0.9195055312603361	0.9540447183981021	0.9735691818898354	0.9839951953758338	0.057299841828881586	0.031903388857589886	0.013903081236169392	0.005113901429098307	0.0017184690865534864	0.0005608821922036924	0.00016537997234100147	5.633966487781738e-5	1.8385366367390196e-5
66.0	-15.0	-2.5	0.2193783440244813	0.39787510750638416	0.5822017748842683	0.7357018498302199	0.8448413137652525	0.9128144554835366	0.9516863976400649	0.9730557760745849	0.9844774050793942	0.08822983140735934	0.06157305807107108	0.037423489668675335	0.018406298478344414	0.006931911936279294	0.00213016912807686	0.0006138387565809295	0.00016650538820417798	5.276022193695676e-5
67.0	-15.0	-2.5	0.2083962038108917	0.36954933407412394	0.5407774110569266	0.6967736174727529	0.8195755846935929	0.9006348185990429	0.9467205363489039	0.9709819631554872	0.9831871758005764	0.13115260886487254	0.10580731069631846	0.07264362499525391	0.04017106698916507	0.017053127699183344	0.005574258456465422	0.0015498119426964707	0.00039667764080406927	0.00011513194841126792
68.0	-15.0	-2.5	0.20839620381089166	0.36954933407412377	0.5407774110569263	0.6967736174727527	0.8195755846935928	0.9006348185990427	0.9467205363489036	0.970981963155487	0.9831871758005762	0.13115260886487243	0.10580731069631838	0.07264362499525379	0.040171066989164964	0.017053127699183265	0.005574258456465366	0.0015498119426964358	0.00039667764080405	0.00011513194841125775
69.0	-15.0	-2.5	0.226104367907341	0.4150475762946276	0.6065732706682603	0.757544968533438	0.8583628039049054	0.9191565319628235	0.9538711771042119	0.9735654855927397	0.9839586817498446	0.06381088237764841	0.03306595338973066	0.01368895299939781	0.004840889505473766	0.0015791553740896818	0.000475613877662751	0.00014854998555697519	4.559854806058727e-5	1.5833765746744953e-5
70.0	-15.0	-2.5	0.22610436790734104	0.4150475762946276	0.6065732706682603	0.757544968533438	0.8583628039049054	0.9191565319628235	0.9538711771042119	0.9735654855927397	0.9839586817498446	0.06381088237764838	0.03306595338973063	0.013688952999397791	0.004840889505473754	0.001579155374089676	0.00047561387766274755	0.00014854998555697334	4.559854806058623e-5	1.5833765746744387e-5
71.0	-15.0	-2.5	0.22610436790734095	0.4150475762946276	0.6065732706682602	0.7575449685334378	0.8583628039049053	0.9191565319628233	0.9538711771042118	0.9735654855927396	0.9839586817498445	0.06381088237764837	0.03306595338973063	0.01368895299939779	0.004840889505473752	0.0015791553740896734	0.0004756138776627467	0.00014854998555697275	4.5598548060585914e-5	1.5833765746744245e-5
72.0	-15.0	-2.5	0.22610436790734104	0.41504757629462774	0.6065732706682603	0.7575449685334381	0.8583628039049056	0.9191565319628237	0.953871177104212	0.9735654855927398	0.9839586817498447	0.06381088237764841	0.03306595338973066	0.013688952999397807	0.004840889505473762	0.0015791553740896794	0.00047561387766275004	0.0001485499855569743	4.559854806058675e-5	1.583376574674464e-5
73.0	-15.0	-2.5	0.2420285472748192	0.435859129779626	0.6233096566012698	0.7671166874682025	0.8625620414656157	0.9209553543334699	0.9544000177175468	0.9733887858090332	0.9833249129351884	0.03555086274974185	0.017105650163390714	0.006775495815963879	0.002365774494153072	0.000777442553077142	0.0002451610336194205	7.429227447524574e-5	2.5565650032364632e-5	8.529629173727104e-6
74.0	-15.0	-2.5	0.24203552663254355	0.43586990082678634	0.6233236953217695	0.7671231365680018	0.8625499342650651	0.9209579809521621	0.9544062872045627	0.973375894078605	0.9833239228980795	0.03627745873292231	0.01736667242533852	0.0068525764629665835	0.00238653930559578	0.0007830344498475629	0.0002477784069683569	7.469218700758095e-5	2.5684009861612906e-5	8.584563511690084e-6
75.0	-15.0	-2.5	0.24203552663254344	0.4358699008267862	0.6233236953217693	0.7671231365680017	0.8625499342650649	0.920957980952162	0.9544062872045623	0.9733758940786047	0.9833239228980791	0.03627745873292232	0.017366672425338542	0.006852576462966598	0.002386539305595789	0.0007830344498475695	0.00024777840696836063	7.469218700758312e-5	2.568400986161404e-5	8.584563511690743e-6
76.0	-15.0	-2.5	0.24202854727481926	0.4358591297796261	0.62330965660127	0.7671166874682026	0.8625620414656158	0.92095535433347	0.9544000177175469	0.9733887858090333	0.9833249129351886	0.03555086274974187	0.017105650163390725	0.00677549581596389	0.0023657744941530763	0.0007774425530771446	0.0002451610336194219	7.42922744752465e-5	2.556565003236509e-5	8.529629173727362e-6
77.0	-15.0	-2.5	0.24202854727481926	0.4358591297796261	0.62330965660127	0.7671166874682026	0.862562041465616	0.9209553543334702	0.954400017717547	0.9733887858090335	0.9833249129351888	0.03555086274974186	0.01710565016339072	0.00677549581596389	0.0023657744941530776	0.0007774425530771451	0.0002451610336194225	7.429227447524672e-5	2.556565003236518e-5	8.529629173727438e-6
78.0	-15.0	-2.5	0.24203552663254355	0.43586990082678634	0.6233236953217695	0.7671231365680018	0.8625499342650651	0.9209579809521621	0.9544062872045627	0.973375894078605	0.9833239228980795	0.03627745873292233	0.01736667242533854	0.006852576462966599	0.00238653930559579	0.0007830344498475691	0.00024777840696836	7.469218700758282e-5	2.568400986161392e-5	8.584563511690663e-6
79.0	-15.0	-2.5	0.24203552663254344	0.4358699008267862	0.6233236953217692	0.7671231365680015	0.8625499342650648	0.9209579809521617	0.9544062872045622	0.9733758940786046	0.9833239228980789	0.036277458732922305	0.017366672425338528	0.0068525764629665895	0.0023865393055957857	0.0007830344498475665	0.0002477784069683588	7.46921870075823e-5	2.5684009861613554e-5	8.584563511690443e-6
80.0	-15.0	-2.5	0.2420285472748192	0.435859129779626	0.6233096566012698	0.7671166874682026	0.8625620414656157	0.9209553543334699	0.9544000177175468	0.9733887858090332	0.9833249129351884	0.035550862749741854	0.017105650163390714	0.0067754958159638844	0.002365774494153076	0.0007774425530771439	0.00024516103361942146	7.429227447524615e-5	2.5565650032364968e-5	8.529629173727323e-6
81.0	-15.0	-2.5	0.24202854727481926	0.43585912977962593	0.62330965660127	0.7671166874682028	0.8625620414656158	0.92095535433347	0.9544000177175469	0.9733887858090333	0.9833249129351886	0.03555086274974188	0.017105650163390742	0.006775495815963901	0.002365774494153085	0.0007774425530771496	0.00024516103361942477	7.429227447524806e-5	2.5565650032366042e-5	8.529629173727904e-6
82.0	-15.0	-2.5	0.24203552663254357	0.4358699008267865	0.6233236953217697	0.7671231365680021	0.8625499342650654	0.9209579809521624	0.954406287204563	0.9733758940786054	0.9833239228980797	0.036277458732922346	0.01736667242533855	0.0068525764629666025	0.0023865393055957935	0.0007830344498475707	0.00024777840696836134	7.46921870075834e-5	2.568400986161424e-5	8.584563511690845e-6
83.0	-15.0	-2.5	0.24202854727481907	0.43585912977962576	0.6233096566012698	0.7671166874682023	0.8625620414656154	0.9209553543334698	0.9544000177175465	0.9733887858090329	0.9833249129351881	0.03555086274974185	0.01710565016339071	0.006775495815963879	0.0023657744941530724	0.0007774425530771423	0.00024516103361942065	7.429227447524571e-5	2.5565650032364656e-5	8.529629173727113e-6
84.0	-15.0	-2.5	0.24203552663254355	0.43586990082678634	0.6233236953217696	0.767123136568002	0.8625499342650652	0.9209579809521623	0.9544062872045629	0.9733758940786051	0.9833239228980796	0.03627745873292238	0.017366672425338577	0.006852576462966619	0.0023865393055958026	0.0007830344498475765	0.0002477784069683645	7.469218700758534e-5	2.5684009861615268e-5	8.584563511691453e-6
85.0	-15.0	-2.5	0.24203552663254363	0.43586990082678645	0.6233236953217696	0.767123136568002	0.8625499342650652	0.9209579809521623	0.9544062872045629	0.9733758940786051	0.9833239228980796	0.03627745873292235	0.017366672425338542	0.006852576462966599	0.002386539305595791	0.0007830344498475688	0.0002477784069683598	7.469218700758273e-5	2.5684009861613818e-5	8.584563511690589e-6
86.0	-15.0	-2.5	0.24203552663254355	0.43586990082678634	0.6233236953217696	0.767123136568002	0.8625499342650652	0.9209579809521623	0.9544062872045629	0.9733758940786051	0.9833239228980796	0.036277458732922305	0.017366672425338518	0.006852576462966577	0.002386539305595776	0.0007830344498475603	0.0002477784069683555	7.469218700758008e-5	2.568400986161237e-5	8.584563511689793e-6
87.0	-15.0	-2.5	0.24202854727481926	0.4358591297796261	0.62330965660127	0.7671166874682029	0.8625620414656161	0.9209553543334703	0.9544000177175472	0.9733887858090337	0.9833249129351889	0.03555086274974186	0.017105650163390742	0.006775495815963897	0.0023657744941530823	0.0007774425530771478	0.0002451610336194236	7.429227447524749e-5	2.5565650032365693e-5	8.529629173727728e-6
88.0	-15.0	-2.5	0.2420285472748192	0.435859129779626	0.6233096566012699	0.7671166874682026	0.8625620414656157	0.9209553543334699	0.9544000177175468	0.9733887858090332	0.9833249129351884	0.03555086274974184	0.017105650163390728	0.006775495815963885	0.0023657744941530754	0.0007774425530771447	0.0002451610336194216	7.429227447524628e-5	2.556565003236503e-5	8.529629173727326e-6
89.0	-15.0	-2.5	0.18233875475134403	0.312625306557722	0.4539406559363289	0.5957031094401437	0.7239279150527003	0.824700055637991	0.8976877849452412	0.9471409580863385	0.9750937269385107	0.2210702948323953	0.20451130627436093	0.1674224695498975	0.1216977646249694	0.0804338546426578	0.04868114980490097	0.025405387957155242	0.010071508373291597	0.0027407784711258095
90.0	-15.0	-2.5	0.1823387547513441	0.312625306557722	0.45394065593632893	0.5957031094401437	0.7239279150527004	0.8247000556379911	0.8976877849452413	0.9471409580863387	0.9750937269385108	0.22107029483239524	0.20451130627436087	0.16742246954989742	0.12169776462496934	0.08043385464265776	0.04868114980490092	0.025405387957155193	0.010071508373291562	0.002740778471125786
91.0	-15.0	-2.5	0.20867388849436413	0.37027757388052046	0.5414262356624648	0.6971642852743715	0.819764244043491	0.9007159208663327	0.9466927999876101	0.9710288467979107	0.9831686381064089	0.13790141669612252	0.11241138137607232	0.07780623387163776	0.043232366637746	0.01841502982090113	0.0060314264956723845	0.001679060783977888	0.00043348317915244453	0.00012500550067303051
92.0	-15.0	-2.5	0.1823387547513441	0.312625306557722	0.45394065593632893	0.5957031094401437	0.7239279150527004	0.824700055637991	0.8976877849452409	0.9471409580863384	0.9750937269385106	0.2210702948323952	0.2045113062743609	0.1674224695498974	0.12169776462496931	0.08043385464265772	0.04868114980490088	0.025405387957155162	0.01007150837329153	0.002740778471125753
93.0	-15.0	-2.5	0.18233875475134403	0.31262530655772197	0.45394065593632876	0.5957031094401435	0.7239279150527002	0.8247000556379906	0.8976877849452408	0.9471409580863382	0.9750937269385103	0.22107029483239515	0.20451130627436084	0.16742246954989734	0.1216977646249693	0.08043385464265773	0.04868114980490091	0.025405387957155197	0.010071508373291566	0.0027407784711257956
94.0	-15.0	-2.5	0.20867388849436422	0.3702775738805206	0.5414262356624652	0.6971642852743719	0.8197642440434917	0.9007159208663335	0.9466927999876109	0.9710288467979115	0.9831686381064096	0.1379014166961225	0.11241138137607229	0.07780623387163775	0.043232366637745975	0.018415029820901107	0.006031426495672359	0.001679060783977872	0.0004334831791524353	0.00012500550067302555
95.0	-15.0	-2.5	0.18233875475134403	0.31262530655772197	0.45394065593632876	0.5957031094401435	0.7239279150527002	0.8247000556379908	0.8976877849452409	0.9471409580863384	0.9750937269385106	0.2210702948323953	0.20451130627436084	0.1674224695498974	0.12169776462496931	0.0804338546426577	0.04868114980490089	0.025405387957155183	0.010071508373291556	0.0027407784711257813
96.0	-15.0	-2.5	0.2086738884943641	0.3702775738805205	0.5414262356624651	0.6971642852743717	0.8197642440434912	0.900715920866333	0.9466927999876105	0.971028846797911	0.9831686381064092	0.1379014166961225	0.11241138137607228	0.07780623387163775	0.043232366637745975	0.018415029820901103	0.00603142649567236	0.001679060783977873	0.0004334831791524362	0.00012500550067302607
97.0	-15.0	-2.5	0.2086738884943642	0.3702775738805206	0.5414262356624652	0.6971642852743718	0.8197642440434914	0.900715920866333	0.9466927999876105	0.971028846797911	0.9831686381064092	0.13790141669612252	0.11241138137607226	0.07780623387163775	0.04323236663774597	0.018415029820901103	0.0060314264956723655	0.0016790607839778772	0.00043348317915243873	0.00012500550067302761
98.0	-15.0	-2.5	0.18233875475134403	0.312625306557722	0.4539406559363289	0.5957031094401436	0.7239279150527003	0.8247000556379908	0.8976877849452409	0.9471409580863384	0.9750937269385106	0.2210702948323953	0.20451130627436084	0.1674224695498974	0.1216977646249693	0.0804338546426577	0.048681149804900875	0.025405387957155152	0.010071508373291526	0.0027407784711257553
99.0	-15.0	-2.5	0.18233875475134412	0.3126253065577221	0.45394065593632893	0.5957031094401438	0.7239279150527004	0.8247000556379911	0.8976877849452413	0.9471409580863387	0.9750937269385107	0.22107029483239524	0.20451130627436087	0.16742246954989742	0.12169776462496937	0.08043385464265777	0.048681149804900924	0.0254053879571552	0.01007150837329157	0.002740778471125802
100.0	-15.0	-2.5	0.20867388849436422	0.3702775738805207	0.5414262356624653	0.697164285274372	0.8197642440434917	0.9007159208663335	0.9466927999876109	0.9710288467979115	0.9831686381064096	0.13790141669612246	0.11241138137607226	0.07780623387163774	0.04323236663774595	0.018415029820901083	0.006031426495672339	0.0016790607839778594	0.00043348317915242816	0.00012500550067302176
101.0	-15.0	-2.5	0.20867388849436425	0.3702775738805207	0.5414262356624653	0.6971642852743719	0.8197642440434917	0.9007159208663335	0.9466927999876109	0.9710288467979115	0.9831686381064096	0.13790141669612246	0.11241138137607222	0.0778062338716377	0.04323236663774591	0.018415029820901044	0.006031426495672318	0.0016790607839778458	0.0004334831791524207	0.0001250055006730177
102.0	-15.0	-2.5	0.2086738884943642	0.3702775738805206	0.5414262356624652	0.6971642852743718	0.8197642440434914	0.9007159208663331	0.9466927999876107	0.9710288467979111	0.9831686381064093	0.13790141669612252	0.11241138137607234	0.07780623387163778	0.04323236663774602	0.01841502982090114	0.006031426495672385	0.001679060783977888	0.0004334831791524443	0.00012500550067303035
103.0	-15.0	-2.5	0.20867388849436422	0.3702775738805206	0.5414262356624653	0.6971642852743719	0.8197642440434915	0.9007159208663333	0.9466927999876108	0.9710288467979113	0.9831686381064094	0.13790141669612258	0.11241138137607234	0.07780623387163782	0.04323236663774605	0.01841502982090117	0.006031426495672414	0.0016790607839779052	0.00043348317915245407	0.00012500550067303537
104.0	-15.0	-2.5	0.18233875475134403	0.31262530655772197	0.4539406559363289	0.5957031094401436	0.7239279150527003	0.824700055637991	0.8976877849452412	0.9471409580863385	0.9750937269385106	0.22107029483239526	0.2045113062743609	0.16742246954989737	0.12169776462496931	0.08043385464265772	0.04868114980490089	0.025405387957155166	0.010071508373291547	0.002740778471125789
105.0	-15.0	-2.5	0.24174951896577287	0.4357317199513451	0.6232517479658081	0.7671119457908138	0.8626339677653808	0.9209339460851639	0.9543749380552061	0.9734294141392708	0.9833299597108318	0.03529969748642745	0.016979447186697916	0.006727412742456177	0.0023519144742449555	0.0007737880610391244	0.0002403983640475559	7.420426346314957e-5	2.520885649763987e-5	8.445218915384931e-6
106.0	-15.0	-2.5	0.24174951896577287	0.43573171995134496	0.6232517479658081	0.7671119457908138	0.8626339677653808	0.9209339460851639	0.9543749380552059	0.9734294141392706	0.9833299597108316	0.035299697486427466	0.016979447186697923	0.00672741274245618	0.002351914474244962	0.0007737880610391282	0.0002403983640475579	7.420426346315076e-5	2.5208856497640552e-5	8.445218915385332e-6
107.0	-15.0	-2.5	0.2417495189657728	0.4357317199513449	0.623251747965808	0.7671119457908138	0.8626339677653808	0.9209339460851639	0.9543749380552061	0.9734294141392708	0.9833299597108318	0.035299697486427424	0.016979447186697905	0.006727412742456164	0.0023519144742449485	0.0007737880610391199	0.0002403983640475532	7.420426346314806e-5	2.520885649763904e-5	8.445218915384457e-6
108.0	-15.0	-2.5	0.24174951896577285	0.4357317199513449	0.623251747965808	0.7671119457908138	0.8626339677653808	0.9209339460851639	0.9543749380552061	0.9734294141392708	0.9833299597108318	0.035299697486427445	0.01697944718669791	0.006727412742456166	0.0023519144742449533	0.0007737880610391223	0.00024039836404755462	7.420426346314873e-5	2.5208856497639444e-5	8.44521891538468e-6
109.0	-15.0	-2.5	0.24174951896577285	0.4357317199513449	0.623251747965808	0.7671119457908138	0.862633967765381	0.9209339460851641	0.9543749380552062	0.973429414139271	0.9833299597108319	0.035299697486427466	0.016979447186697926	0.006727412742456182	0.002351914474244964	0.000773788061039128	0.00024039836404755803	7.420426346315086e-5	2.5208856497640623e-5	8.445218915385368e-6
110.0	-15.0	-2.5	0.2417495189657729	0.43573171995134496	0.6232517479658081	0.7671119457908138	0.8626339677653808	0.9209339460851639	0.9543749380552061	0.9734294141392708	0.9833299597108318	0.03529969748642744	0.01697944718669791	0.0067274127424561654	0.0023519144742449503	0.0007737880610391203	0.00024039836404755345	7.420426346314817e-5	2.520885649763914e-5	8.4452189153845e-6
111.0	-15.0	-2.5	0.24174951896577287	0.4357317199513449	0.623251747965808	0.7671119457908137	0.8626339677653807	0.9209339460851638	0.9543749380552058	0.9734294141392705	0.9833299597108315	0.03529969748642745	0.016979447186697916	0.006727412742456172	0.0023519144742449576	0.0007737880610391246	0.00024039836404755606	7.42042634631496e-5	2.5208856497639945e-5	8.445218915384997e-6
112.0	-15.0	-2.5	0.24174951896577285	0.4357317199513449	0.623251747965808	0.7671119457908138	0.8626339677653808	0.9209339460851639	0.9543749380552059	0.9734294141392706	0.9833299597108316	0.03529969748642741	0.016979447186697888	0.006727412742456147	0.0023519144742449416	0.000773788061039115	0.00024039836404755042	7.42042634631465e-5	2.5208856497638197e-5	8.445218915383977e-6
113.0	-15.0	-2.5	0.24174774834524193	0.43593223290518435	0.6236810430852464	0.7675737622647884	0.8627053101615854	0.9206170107666231	0.9546153477733792	0.9732462864387799	0.9833536097562591	0.03546644963301434	0.017003247453560418	0.006720761127696259	0.002330637572284207	0.0007522510896819563	0.0002398481489675639	7.788710656744112e-5	2.3210138255054848e-5	8.458629663944797e-6
114.0	-15.0	-2.5	0.241747748345242	0.4359322329051845	0.6236810430852465	0.7675737622647886	0.8627053101615856	0.9206170107666232	0.9546153477733794	0.97324628643878	0.9833536097562593	0.03546644963301434	0.01700324745356042	0.006720761127696262	0.002330637572284207	0.0007522510896819558	0.0002398481489675636	7.788710656744094e-5	2.321013825505482e-5	8.45862966394479e-6
115.0	-15.0	-2.5	0.24174774834524204	0.43593223290518474	0.6236810430852469	0.767573762264789	0.8627053101615861	0.9206170107666238	0.9546153477733802	0.9732462864387806	0.9833536097562598	0.03546644963301433	0.017003247453560404	0.006720761127696252	0.002330637572284202	0.0007522510896819528	0.00023984814896756178	7.788710656743989e-5	2.3210138255054167e-5	8.458629663944402e-6
116.0	-15.0	-2.5	0.241747748345242	0.4359322329051846	0.6236810430852466	0.7675737622647887	0.8627053101615857	0.9206170107666233	0.9546153477733795	0.9732462864387802	0.9833536097562593	0.03546644963301435	0.017003247453560435	0.0067207611276962715	0.0023306375722842113	0.0007522510896819587	0.00023984814896756525	7.788710656744185e-5	2.3210138255055312e-5	8.458629663945056e-6
117.0	-15.0	-2.5	0.241747748345242	0.4359322329051845	0.6236810430852464	0.7675737622647884	0.8627053101615854	0.9206170107666231	0.9546153477733792	0.9732462864387799	0.983353609756259	0.03546644963301431	0.017003247453560407	0.006720761127696252	0.0023306375722842	0.0007522510896819518	0.00023984814896756137	7.788710656743968e-5	2.321013825505405e-5	8.458629663944341e-6
118.0	-15.0	-2.5	0.2417477483452421	0.4359322329051847	0.6236810430852467	0.7675737622647888	0.862705310161586	0.9206170107666236	0.9546153477733799	0.9732462864387804	0.9833536097562597	0.03546644963301435	0.017003247453560435	0.006720761127696274	0.002330637572284214	0.0007522510896819595	0.0002398481489675656	7.78871065674421e-5	2.3210138255055424e-5	8.45862966394513e-6
119.0	-15.0	-2.5	0.241747748345242	0.4359322329051845	0.6236810430852464	0.7675737622647886	0.8627053101615856	0.9206170107666232	0.9546153477733794	0.97324628643878	0.9833536097562593	0.03546644963301434	0.017003247453560414	0.006720761127696259	0.0023306375722842074	0.000752251089681956	0.0002398481489675638	7.788710656744101e-5	2.3210138255054814e-5	8.45862966394477e-6
120.0	-15.0	-2.5	0.24174774834524204	0.43593223290518474	0.6236810430852469	0.7675737622647888	0.8627053101615859	0.9206170107666233	0.9546153477733796	0.9732462864387803	0.9833536097562596	0.035466449633014346	0.017003247453560428	0.006720761127696264	0.002330637572284209	0.0007522510896819567	0.00023984814896756422	7.788710656744127e-5	2.3210138255054933e-5	8.45862966394481e-6
121.0	-15.0	-2.5	0.226554365898074	0.4159351579857126	0.607416432876053	0.7581057749381235	0.8587613780302392	0.9191452991690761	0.9539376078607192	0.9735527212594298	0.9840391347420259	0.0678747110549992	0.03488005224925786	0.014372690718509773	0.005095775985883946	0.0016585303100562733	0.0005037587127320115	0.00016154703712830537	4.748489714173815e-5	1.6878420434126167e-5
122.0	-15.0	-2.5	0.226554365898074	0.4159351579857126	0.607416432876053	0.7581057749381236	0.8587613780302394	0.9191452991690762	0.9539376078607195	0.97355272125943	0.984039134742026	0.06787471105499925	0.034880052249257894	0.014372690718509789	0.005095775985883957	0.0016585303100562796	0.0005037587127320154	0.00016154703712830748	4.7484897141739344e-5	1.687842043412686e-5
123.0	-15.0	-2.5	0.22655436589807393	0.41593515798571246	0.6074164328760526	0.7581057749381231	0.8587613780302389	0.9191452991690755	0.9539376078607188	0.9735527212594294	0.9840391347420254	0.06787471105499916	0.034880052249257824	0.01437269071850975	0.005095775985883932	0.001658530310056266	0.0005037587127320068	0.0001615470371283031	4.748489714173692e-5	1.687842043412542e-5
124.0	-15.0	-2.5	0.22655436589807382	0.4159351579857123	0.6074164328760524	0.7581057749381229	0.8587613780302388	0.9191452991690754	0.9539376078607187	0.9735527212594293	0.9840391347420252	0.06787471105499916	0.03488005224925782	0.014372690718509749	0.005095775985883934	0.001658530310056267	0.0005037587127320078	0.00016154703712830342	4.748489714173708e-5	1.6878420434125574e-5
125.0	-15.0	-2.5	0.20852120272075383	0.36962663065222773	0.5407641580562675	0.6967405477735799	0.8195776124308336	0.900689937163385	0.9469556307521034	0.9708810727333336	0.9832289096496136	0.14017445948844307	0.11345524648387614	0.07817291074589339	0.043392482317196945	0.018490513195133763	0.006063242808879425	0.0016796755559489308	0.00043362550421954284	0.0001251646444126005
126.0	-15.0	-2.5	0.18203385528534738	0.3118647522030358	0.4534566089135347	0.5951731645353783	0.7233780570758742	0.8242726996846406	0.8974612382100041	0.9471208488664545	0.975098579534708	0.22927470625794094	0.21151054399972355	0.17278857904316408	0.12519514816866423	0.08234086482659513	0.04955361470814047	0.02576768517218632	0.010200011059486704	0.0027498698296978645
127.0	-15.0	-2.5	0.20852120272075375	0.3696266306522277	0.5407641580562673	0.6967405477735795	0.8195776124308333	0.9006899371633846	0.9469556307521032	0.9708810727333332	0.9832289096496133	0.1401744594884431	0.11345524648387618	0.07817291074589341	0.043392482317197	0.018490513195133815	0.006063242808879466	0.001679675555948956	0.0004336255042195567	0.00012516464441260778
128.0	-15.0	-2.5	0.18203385528534738	0.3118647522030359	0.45345660891353473	0.5951731645353784	0.7233780570758742	0.8242726996846406	0.8974612382100041	0.9471208488664544	0.975098579534708	0.2292747062579408	0.21151054399972347	0.172788579043164	0.1251951481686641	0.08234086482659501	0.049553614708140375	0.025767685172186233	0.01020001105948664	0.0027498698296978133
129.0	-15.0	-2.5	0.18203385528534738	0.3118647522030359	0.4534566089135347	0.5951731645353783	0.7233780570758742	0.8242726996846406	0.8974612382100041	0.9471208488664544	0.975098579534708	0.22927470625794083	0.21151054399972347	0.17278857904316397	0.12519514816866412	0.082340864826595	0.04955361470814039	0.025767685172186233	0.010200011059486624	0.002749869829697787
130.0	-15.0	-2.5	0.18203385528534732	0.3118647522030358	0.4534566089135346	0.5951731645353782	0.7233780570758741	0.8242726996846405	0.897461238210004	0.9471208488664544	0.975098579534708	0.22927470625794089	0.21151054399972355	0.17278857904316403	0.1251951481686642	0.08234086482659506	0.04955361470814041	0.025767685172186267	0.01020001105948665	0.002749869829697814
131.0	-15.0	-2.5	0.22714268211777958	0.4161762445001149	0.6074976097514404	0.7579874443903631	0.8583318429308845	0.9193410562447445	0.953953985331209	0.97363501406132	0.9840011476708985	0.07299372720525543	0.037849631404988496	0.01568019304886516	0.005567195096685515	0.0018319198946583294	0.0005702358729849668	0.00017309241114651095	5.788912731787605e-5	1.89839146996972e-5
132.0	-15.0	-2.5	0.20852120272075375	0.3696266306522277	0.5407641580562674	0.6967405477735795	0.8195776124308333	0.9006899371633846	0.9469556307521032	0.9708810727333332	0.9832289096496133	0.14017445948844304	0.11345524648387607	0.07817291074589329	0.043392482317196855	0.018490513195133687	0.006063242808879368	0.0016796755559488961	0.000433625504219523	0.00012516464441258995
133.0	-15.0	-2.5	0.1820338552853474	0.3118647522030359	0.45345660891353473	0.5951731645353783	0.7233780570758744	0.8242726996846408	0.8974612382100045	0.9471208488664549	0.9750985795347084	0.22927470625794086	0.21151054399972355	0.172788579043164	0.12519514816866417	0.08234086482659506	0.04955361470814042	0.025767685172186267	0.010200011059486685	0.0027498698296978884
134.0	-15.0	-2.5	0.20852120272075375	0.3696266306522277	0.5407641580562674	0.6967405477735796	0.8195776124308333	0.9006899371633846	0.9469556307521032	0.9708810727333332	0.9832289096496133	0.1401744594884432	0.1134552464838763	0.0781729107458935	0.04339248231719706	0.018490513195133854	0.006063242808879489	0.0016796755559489703	0.00043362550421956485	0.00012516464441261212
135.0	-15.0	-2.5	0.22714268211777958	0.4161762445001149	0.6074976097514403	0.7579874443903633	0.8583318429308845	0.9193410562447445	0.953953985331209	0.97363501406132	0.9840011476708985	0.07299372720525542	0.03784963140498845	0.015680193048865133	0.005567195096685497	0.001831919894658318	0.00057023587298496	0.00017309241114650707	5.7889127317873754e-5	1.8983914699695877e-5
136.0	-15.0	-2.5	0.18203385528534738	0.3118647522030358	0.4534566089135347	0.5951731645353783	0.7233780570758742	0.8242726996846406	0.8974612382100041	0.9471208488664545	0.975098579534708	0.22927470625794086	0.21151054399972344	0.17278857904316394	0.1251951481686641	0.08234086482659503	0.049553614708140396	0.025767685172186264	0.010200011059486667	0.002749869829697853
137.0	-15.0	-2.5	0.22714268211777958	0.4161762445001149	0.6074976097514403	0.7579874443903633	0.8583318429308845	0.9193410562447447	0.9539539853312092	0.9736350140613202	0.9840011476708987	0.07299372720525543	0.03784963140498848	0.015680193048865153	0.005567195096685512	0.0018319198946583275	0.0005702358729849652	0.00017309241114651022	5.7889127317875644e-5	1.898391469969699e-5
138.0	-15.0	-2.5	0.20852120272075375	0.36962663065222773	0.5407641580562675	0.6967405477735799	0.8195776124308334	0.9006899371633849	0.9469556307521033	0.9708810727333334	0.9832289096496134	0.14017445948844307	0.11345524648387616	0.07817291074589337	0.04339248231719694	0.018490513195133753	0.006063242808879409	0.0016796755559489195	0.000433625504219536	0.00012516464441259708
139.0	-15.0	-2.5	0.18203385528534738	0.31186475220303583	0.4534566089135346	0.5951731645353782	0.7233780570758741	0.8242726996846403	0.897461238210004	0.9471208488664542	0.9750985795347079	0.22927470625794086	0.21151054399972347	0.172788579043164	0.12519514816866414	0.08234086482659504	0.049553614708140396	0.025767685172186253	0.010200011059486659	0.0027498698296978302
140.0	-15.0	-2.5	0.20852120272075372	0.3696266306522276	0.5407641580562673	0.6967405477735796	0.8195776124308333	0.9006899371633846	0.9469556307521032	0.9708810727333332	0.9832289096496133	0.1401744594884431	0.11345524648387624	0.07817291074589346	0.043392482317197015	0.018490513195133815	0.006063242808879465	0.001679675555948956	0.00043362550421955606	0.00012516464441260746
141.0	-15.0	-2.5	0.20852120272075378	0.3696266306522277	0.5407641580562675	0.6967405477735799	0.8195776124308334	0.9006899371633849	0.9469556307521033	0.9708810727333334	0.9832289096496134	0.14017445948844315	0.11345524648387621	0.07817291074589346	0.043392482317197015	0.01849051319513382	0.006063242808879472	0.0016796755559489594	0.00043362550421955867	0.00012516464441260887
142.0	-15.0	-2.5	0.2271426821177797	0.4161762445001151	0.6074976097514404	0.7579874443903634	0.8583318429308846	0.9193410562447448	0.9539539853312093	0.9736350140613204	0.9840011476708989	0.07299372720525543	0.037849631404988496	0.015680193048865153	0.00556719509668551	0.0018319198946583264	0.0005702358729849648	0.00017309241114650984	5.788912731787525e-5	1.8983914699696748e-5
143.0	-15.0	-2.5	0.18203385528534738	0.31186475220303583	0.4534566089135346	0.5951731645353782	0.7233780570758741	0.8242726996846403	0.897461238210004	0.9471208488664544	0.975098579534708	0.22927470625794089	0.2115105439997235	0.17278857904316403	0.12519514816866417	0.08234086482659506	0.04955361470814042	0.025767685172186267	0.010200011059486654	0.0027498698296978177
144.0	-15.0	-2.5	0.20852120272075378	0.36962663065222784	0.5407641580562675	0.6967405477735799	0.8195776124308337	0.9006899371633851	0.9469556307521036	0.9708810727333337	0.9832289096496137	0.14017445948844307	0.1134552464838762	0.07817291074589341	0.04339248231719698	0.01849051319513378	0.006063242808879434	0.0016796755559489334	0.00043362550421954365	0.00012516464441260114
145.0	-15.0	-2.5	0.24196964258500298	0.4358768014542355	0.6233191414390413	0.7673408510802313	0.8629539577631571	0.9207785735128303	0.9543788596464076	0.9733623339845748	0.9833608156051035	0.03921978085249833	0.01891096780985246	0.007516638737439079	0.0026367205167824813	0.0008560253592951535	0.0002636622830565198	8.537995168746734e-5	2.5702773805137817e-5	9.415861682117893e-6
146.0	-15.0	-2.5	0.2419696425850029	0.43587680145423535	0.623319141439041	0.767340851080231	0.8629539577631564	0.9207785735128298	0.9543788596464071	0.9733623339845744	0.983360815605103	0.03921978085249835	0.018910967809852464	0.007516638737439086	0.0026367205167824857	0.0008560253592951565	0.00026366228305652154	8.537995168746834e-5	2.5702773805138366e-5	9.4158616821182e-6
147.0	-15.0	-2.5	0.24196964258500295	0.43587680145423535	0.623319141439041	0.767340851080231	0.8629539577631566	0.92077857351283	0.9543788596464072	0.9733623339845746	0.9833608156051031	0.03921978085249829	0.018910967809852425	0.007516638737439054	0.0026367205167824653	0.0008560253592951436	0.00026366228305651395	8.537995168746414e-5	2.5702773805136045e-5	9.4158616821169e-6
148.0	-15.0	-2.5	0.2419696425850029	0.4358768014542353	0.623319141439041	0.767340851080231	0.8629539577631564	0.9207785735128298	0.9543788596464071	0.9733623339845744	0.983360815605103	0.039219780852498304	0.018910967809852443	0.00751663873743907	0.0026367205167824766	0.000856025359295151	0.0002636622830565181	8.53799516874666e-5	2.5702773805137414e-5	9.415861682117693e-6
149.0	-15.0	-2.5	0.24196964258500306	0.4358768014542356	0.6233191414390414	0.7673408510802314	0.8629539577631572	0.9207785735128304	0.9543788596464077	0.9733623339845751	0.9833608156051036	0.0392197808524983	0.01891096780985243	0.007516638737439053	0.0026367205167824644	0.0008560253592951433	0.00026366228305651406	8.537995168746405e-5	2.5702773805135987e-5	9.415861682116877e-6
150.0	-15.0	-2.5	0.2419696425850029	0.43587680145423535	0.6233191414390411	0.767340851080231	0.8629539577631566	0.92077857351283	0.9543788596464072	0.9733623339845746	0.9833608156051031	0.03921978085249832	0.01891096780985245	0.007516638737439074	0.0026367205167824774	0.0008560253592951516	0.00026366228305651823	8.537995168746666e-5	2.5702773805137427e-5	9.41586168211767e-6
151.0	-15.0	-2.5	0.2419696425850029	0.43587680145423535	0.623319141439041	0.767340851080231	0.8629539577631566	0.92077857351283	0.9543788596464072	0.9733623339845746	0.9833608156051031	0.039219780852498304	0.01891096780985244	0.007516638737439061	0.0026367205167824705	0.0008560253592951483	0.0002636622830565166	8.537995168746557e-5	2.570277380513683e-5	9.415861682117358e-6
152.0	-15.0	-2.5	0.24196964258500298	0.4358768014542354	0.6233191414390412	0.7673408510802312	0.862953957763157	0.9207785735128301	0.9543788596464075	0.9733623339845747	0.9833608156051032	0.03921978085249832	0.018910967809852453	0.007516638737439074	0.0026367205167824774	0.0008560253592951507	0.00026366228305651845	8.537995168746651e-5	2.5702773805137356e-5	9.41586168211764e-6
153.0	-15.0	-2.5	0.24199247839230953	0.4358131601621641	0.6232315100608301	0.767108493372999	0.8627191389840201	0.9209023949690749	0.9543666790702676	0.973423982417562	0.9833358091140583	0.037910752286931394	0.01840068589208429	0.007334905174434964	0.0025745183436112085	0.0008488695434566544	0.00026115166660924956	8.19416301932967e-5	2.655171644048659e-5	9.252863271838629e-6
154.0	-15.0	-2.5	0.24199247839230953	0.43581316016216415	0.6232315100608303	0.7671084933729991	0.8627191389840202	0.9209023949690752	0.954366679070268	0.9734239824175623	0.9833358091140586	0.03791075228693145	0.018400685892084333	0.007334905174434997	0.0025745183436112293	0.0008488695434566661	0.00026115166660925623	8.194163019330057e-5	2.6551716440488756e-5	9.25286327183988e-6
155.0	-15.0	-2.5	0.2419924783923096	0.43581316016216426	0.6232315100608303	0.7671084933729991	0.8627191389840202	0.9209023949690752	0.954366679070268	0.9734239824175623	0.9833358091140586	0.0379107522869314	0.01840068589208429	0.007334905174434971	0.002574518343611212	0.0008488695434566559	0.0002611516666092502	8.194163019329701e-5	2.6551716440486805e-5	9.252863271838754e-6
156.0	-15.0	-2.5	0.24199247839230964	0.4358131601621643	0.6232315100608306	0.7671084933729994	0.8627191389840204	0.9209023949690753	0.9543666790702682	0.9734239824175625	0.9833358091140587	0.037910752286931394	0.018400685892084278	0.007334905174434958	0.002574518343611204	0.0008488695434566507	0.00026115166660924734	8.194163019329546e-5	2.6551716440485873e-5	9.252863271838227e-6
157.0	-15.0	-2.5	0.2419924783923097	0.4358131601621643	0.6232315100608306	0.7671084933729995	0.8627191389840205	0.9209023949690756	0.9543666790702683	0.9734239824175626	0.9833358091140588	0.037910752286931436	0.018400685892084316	0.007334905174434983	0.002574518343611221	0.0008488695434566607	0.00026115166660925314	8.194163019329869e-5	2.655171644048773e-5	9.25286327183927e-6
158.0	-15.0	-2.5	0.24199247839230953	0.4358131601621641	0.62323151006083	0.767108493372999	0.8627191389840201	0.9209023949690749	0.9543666790702676	0.973423982417562	0.9833358091140583	0.037910752286931436	0.018400685892084327	0.007334905174434996	0.002574518343611227	0.0008488695434566652	0.00026115166660925574	8.194163019330033e-5	2.6551716440488645e-5	9.252863271839798e-6
159.0	-15.0	-2.5	0.24199247839230964	0.4358131601621643	0.6232315100608304	0.7671084933729995	0.8627191389840205	0.9209023949690756	0.9543666790702683	0.9734239824175626	0.9833358091140588	0.03791075228693141	0.018400685892084302	0.007334905174434968	0.002574518343611211	0.0008488695434566547	0.0002611516666092497	8.194163019329671e-5	2.6551716440486615e-5	9.252863271838646e-6
160.0	-15.0	-2.5	0.2419924783923095	0.43581316016216404	0.62323151006083	0.7671084933729987	0.86271913898402	0.9209023949690748	0.9543666790702675	0.9734239824175618	0.983335809114058	0.037910752286931394	0.018400685892084295	0.007334905174434969	0.0025745183436112133	0.0008488695434566563	0.0002611516666092507	8.194163019329728e-5	2.6551716440486954e-5	9.252863271838842e-6
161.0	-15.0	-2.5	0.24174578705146654	0.43572943380078716	0.6232364701948978	0.767129582967318	0.8627207427221041	0.9209055504254372	0.9543606985882336	0.9734246113634769	0.9833355740675523	0.03724111384127053	0.01807271787965449	0.007202894472563264	0.0025280709989402876	0.0008334549616457488	0.00025659496561140243	8.032796673471682e-5	2.6218714302550115e-5	9.040968751029123e-6
162.0	-15.0	-2.5	0.2417572844163067	0.43574260687326366	0.623250066217902	0.7671299969905626	0.8626986624782711	0.9209144553270714	0.9543632402118087	0.9734265812510862	0.9833340002533317	0.03797439127924302	0.018332371799487556	0.007279028869498767	0.0025486286206084516	0.0008391024254566284	0.0002587140466030752	8.066753187718613e-5	2.6593926680449963e-5	9.094521141288914e-6
163.0	-15.0	-2.5	0.24175728441630673	0.4357426068732637	0.6232500662179021	0.7671299969905628	0.8626986624782711	0.9209144553270714	0.9543632402118087	0.9734265812510862	0.9833340002533317	0.037974391279242986	0.018332371799487532	0.007279028869498751	0.002548628620608439	0.0008391024254566213	0.00025871404660307096	8.066753187718385e-5	2.6593926680448662e-5	9.094521141288192e-6
164.0	-15.0	-2.5	0.24174578705146663	0.43572943380078727	0.623236470194898	0.7671295829673184	0.8627207427221046	0.9209055504254376	0.9543606985882341	0.9734246113634775	0.983335574067553	0.037241113841270566	0.018072717879654525	0.007202894472563287	0.002528070998940302	0.0008334549616457564	0.0002565949656114068	8.032796673471938e-5	2.6218714302551453e-5	9.040968751029889e-6
165.0	-15.0	-2.5	0.24174578705146657	0.43572943380078716	0.6232364701948977	0.767129582967318	0.8627207427221041	0.9209055504254372	0.9543606985882337	0.973424611363477	0.9833355740675526	0.03724111384127052	0.01807271787965448	0.007202894472563259	0.0025280709989402845	0.0008334549616457464	0.0002565949656114009	8.032796673471601e-5	2.62187143025496e-5	9.040968751028843e-6
166.0	-15.0	-2.5	0.24174578705146646	0.435729433800787	0.6232364701948976	0.7671295829673177	0.8627207427221039	0.9209055504254369	0.9543606985882332	0.9734246113634766	0.9833355740675521	0.0372411138412705	0.018072717879654473	0.007202894472563252	0.0025280709989402793	0.0008334549616457437	0.00025659496561139934	8.032796673471522e-5	2.6218714302549132e-5	9.040968751028564e-6
167.0	-15.0	-2.5	0.2417572844163067	0.4357426068732637	0.6232500662179021	0.7671299969905628	0.8626986624782713	0.9209144553270716	0.9543632402118088	0.9734265812510863	0.9833340002533318	0.03797439127924303	0.01833237179948758	0.00727902886949878	0.0025486286206084625	0.000839102425456635	0.0002587140466030788	8.066753187718831e-5	2.6593926680451122e-5	9.0945211412896e-6
168.0	-15.0	-2.5	0.2417572844163067	0.4357426068732638	0.6232500662179022	0.767129996990563	0.8626986624782714	0.9209144553270717	0.9543632402118091	0.9734265812510865	0.9833340002533321	0.03797439127924301	0.018332371799487556	0.007279028869498765	0.0025486286206084503	0.0008391024254566278	0.0002587140466030748	8.066753187718596e-5	2.6593926680449838e-5	9.094521141288892e-6
169.0	-15.0	-2.5	0.24175728441630662	0.43574260687326355	0.623250066217902	0.7671299969905626	0.8626986624782711	0.9209144553270714	0.9543632402118087	0.9734265812510862	0.9833340002533317	0.037974391279242986	0.018332371799487542	0.007279028869498757	0.002548628620608445	0.0008391024254566249	0.0002587140466030729	8.066753187718504e-5	2.659392668044932e-5	9.094521141288541e-6
170.0	-15.0	-2.5	0.24174578705146663	0.43572943380078727	0.6232364701948981	0.7671295829673184	0.8627207427221046	0.9209055504254376	0.9543606985882341	0.9734246113634775	0.983335574067553	0.03724111384127055	0.01807271787965452	0.007202894472563287	0.002528070998940301	0.0008334549616457566	0.00025659496561140693	8.032796673471937e-5	2.62187143025515e-5	9.040968751029924e-6
171.0	-15.0	-2.5	0.24174578705146654	0.43572943380078716	0.6232364701948977	0.767129582967318	0.8627207427221041	0.9209055504254372	0.9543606985882337	0.973424611363477	0.9833355740675526	0.037241113841270546	0.018072717879654508	0.007202894472563272	0.0025280709989402928	0.0008334549616457514	0.00025659496561140384	8.032796673471755e-5	2.621871430255051e-5	9.040968751029326e-6
172.0	-15.0	-2.5	0.2417572844163067	0.4357426068732637	0.6232500662179021	0.7671299969905628	0.8626986624782713	0.9209144553270716	0.9543632402118088	0.9734265812510863	0.9833340002533318	0.03797439127924301	0.018332371799487546	0.0072790288694987585	0.0025486286206084477	0.000839102425456626	0.0002587140466030739	8.066753187718547e-5	2.6593926680449584e-5	9.094521141288734e-6
173.0	-15.0	-2.5	0.24175728441630664	0.43574260687326366	0.623250066217902	0.7671299969905626	0.8626986624782711	0.9209144553270714	0.9543632402118087	0.9734265812510862	0.9833340002533317	0.037974391279242965	0.01833237179948751	0.00727902886949873	0.0025486286206084304	0.0008391024254566153	0.0002587140466030677	8.0667531877182e-5	2.6593926680447575e-5	9.09452114128756e-6
174.0	-15.0	-2.5	0.24174578705146663	0.43572943380078727	0.623236470194898	0.7671295829673184	0.8627207427221044	0.9209055504254375	0.9543606985882338	0.9734246113634771	0.9833355740675527	0.037241113841270476	0.018072717879654452	0.007202894472563237	0.0025280709989402685	0.0008334549616457373	0.0002565949656113956	8.032796673471294e-5	2.62187143025479e-5	9.040968751027857e-6
175.0	-15.0	-2.5	0.24175728441630676	0.4357426068732638	0.6232500662179022	0.767129996990563	0.8626986624782714	0.9209144553270717	0.9543632402118091	0.9734265812510865	0.9833340002533321	0.03797439127924302	0.018332371799487553	0.007279028869498763	0.0025486286206084494	0.0008391024254566274	0.0002587140466030746	8.066753187718583e-5	2.659392668044974e-5	9.09452114128881e-6
176.0	-15.0	-2.5	0.24174578705146665	0.43572943380078727	0.623236470194898	0.7671295829673181	0.8627207427221043	0.9209055504254373	0.9543606985882337	0.973424611363477	0.9833355740675526	0.03724111384127051	0.018072717879654473	0.007202894472563253	0.002528070998940279	0.0008334549616457433	0.00025659496561139907	8.032796673471494e-5	2.6218714302548966e-5	9.040968751028486e-6
177.0	-15.0	-2.5	0.25620440648236864	0.4532823829900864	0.6365451173918371	0.7745834380569762	0.8660794501157877	0.9221752753315668	0.9546507965402856	0.9731726298857657	0.9826438991527807	0.008029913828956245	0.0031789560981018675	0.001139610246908592	0.0003873195150537774	0.00012886983383809817	4.023044377027649e-5	1.2903184286797863e-5	4.762984741504145e-6	1.823064107689226e-6
178.0	-15.0	-2.5	0.25620002525058555	0.4532787648368997	0.636545523437425	0.7745958445356507	0.866108388879187	0.9221653412465634	0.9546449127484196	0.9731730256290431	0.9826455465886167	0.008029851265415203	0.003179925628011888	0.0011404572082284827	0.000387792253171275	0.00012906197416851783	4.0097554945870696e-5	1.293140878358199e-5	4.709415076283565e-6	1.8227801800365152e-6
179.0	-15.0	-2.5	0.2562000252505856	0.4532787648368997	0.636545523437425	0.7745958445356507	0.866108388879187	0.9221653412465634	0.9546449127484196	0.9731730256290431	0.9826455465886167	0.0080298512654152	0.0031799256280118883	0.001140457208228483	0.00038779225317127526	0.00012906197416851794	4.009755494587077e-5	1.2931408783582058e-5	4.709415076283596e-6	1.8227801800365377e-6
180.0	-15.0	-2.5	0.2562000252505856	0.4532787648368998	0.636545523437425	0.7745958445356508	0.8661083888791872	0.9221653412465634	0.9546449127484197	0.9731730256290432	0.9826455465886169	0.008029851265415205	0.00317992562801189	0.001140457208228484	0.0003877922531712757	0.0001290619741685182	4.009755494587092e-5	1.2931408783582151e-5	4.709415076283649e-6	1.8227801800365698e-6
181.0	-15.0	-2.5	0.2562044064823688	0.4532823829900866	0.6365451173918374	0.7745834380569766	0.8660794501157882	0.9221752753315674	0.9546507965402863	0.9731726298857662	0.9826438991527814	0.008029913828956252	0.0031789560981018723	0.0011396102469085941	0.00038731951505377877	0.00012886983383809884	4.0230443770276846e-5	1.2903184286798076e-5	4.762984741504241e-6	1.8230641076892558e-6
182.0	-15.0	-2.5	0.2562000252505855	0.45327876483689966	0.6365455234374249	0.7745958445356507	0.866108388879187	0.9221653412465634	0.9546449127484196	0.9731730256290431	0.9826455465886167	0.008029851265415203	0.003179925628011887	0.0011404572082284827	0.000387792253171275	0.00012906197416851775	4.009755494587071e-5	1.2931408783582014e-5	4.709415076283564e-6	1.8227801800365095e-6
183.0	-15.0	-2.5	0.2562000252505856	0.4532787648368997	0.636545523437425	0.7745958445356507	0.866108388879187	0.9221653412465634	0.9546449127484196	0.9731730256290431	0.9826455465886167	0.008029851265415205	0.003179925628011889	0.0011404572082284832	0.0003877922531712755	0.00012906197416851813	4.009755494587087e-5	1.2931408783582127e-5	4.709415076283638e-6	1.8227801800365688e-6
184.0	-15.0	-2.5	0.2562044064823688	0.45328238299008644	0.6365451173918371	0.7745834380569762	0.8660794501157877	0.9221752753315668	0.9546507965402856	0.9731726298857657	0.9826438991527807	0.008029913828956245	0.0031789560981018657	0.001139610246908591	0.00038731951505377676	0.0001288698338380978	4.023044377027625e-5	1.2903184286797746e-5	4.762984741504063e-6	1.8230641076891613e-6
185.0	-15.0	-2.5	0.25620002525058555	0.45327876483689966	0.6365455234374248	0.7745958445356503	0.8661083888791867	0.9221653412465628	0.9546449127484192	0.9731730256290427	0.9826455465886165	0.008029851265415201	0.003179925628011886	0.0011404572082284812	0.0003877922531712743	0.00012906197416851742	4.00975549458705e-5	1.2931408783581889e-5	4.709415076283507e-6	1.822780180036487e-6
186.0	-15.0	-2.5	0.2562000252505856	0.4532787648368998	0.636545523437425	0.7745958445356508	0.8661083888791873	0.9221653412465636	0.95464491274842	0.9731730256290435	0.9826455465886172	0.008029851265415205	0.00317992562801189	0.0011404572082284845	0.00038779225317127597	0.0001290619741685183	4.009755494587096e-5	1.2931408783582187e-5	4.709415076283663e-6	1.8227801800365726e-6
187.0	-15.0	-2.5	0.25620002525058555	0.45327876483689966	0.6365455234374248	0.7745958445356506	0.8661083888791868	0.922165341246563	0.9546449127484193	0.9731730256290428	0.9826455465886166	0.0080298512654152	0.0031799256280118857	0.001140457208228481	0.00038779225317127434	0.00012906197416851737	4.009755494587043e-5	1.2931408783581877e-5	4.7094150762835055e-6	1.8227801800364932e-6
188.0	-15.0	-2.5	0.2562044064823687	0.4532823829900864	0.636545117391837	0.7745834380569762	0.8660794501157877	0.9221752753315668	0.9546507965402856	0.9731726298857657	0.9826438991527807	0.008029913828956245	0.0031789560981018653	0.0011396102469085905	0.0003873195150537766	0.0001288698338380978	4.023044377027624e-5	1.2903184286797741e-5	4.7629847415040765e-6	1.823064107689185e-6
189.0	-15.0	-2.5	0.25622052926660466	0.4533649822619848	0.6366675755718496	0.7746025985889792	0.8658906062774033	0.9221071691399043	0.9547674811098491	0.9730159120356268	0.9826354008090726	0.007452926475288342	0.0029415456566743896	0.001049785367565072	0.0003543123887847184	0.00011712624480631937	3.903200921560702e-5	1.1808746124450833e-5	4.282399476501107e-6	1.6885131158746132e-6
190.0	-15.0	-2.5	0.25622052926660455	0.45336498226198474	0.6366675755718495	0.7746025985889788	0.865890606277403	0.922107169139904	0.9547674811098488	0.9730159120356264	0.9826354008090723	0.007452926475288343	0.0029415456566743935	0.001049785367565072	0.00035431238878471874	0.00011712624480631971	3.9032009215607174e-5	1.1808746124450933e-5	4.282399476501178e-6	1.6885131158746725e-6
191.0	-15.0	-2.5	0.25617903079445353	0.45345447853918136	0.6369452936661253	0.7749810080741583	0.8661386448677622	0.9219266668778632	0.9547727850531023	0.9730449241570792	0.9827022541505855	0.008596466988520988	0.003432268418691634	0.001237237317141566	0.000413133447586249	0.0001324738989256627	4.282077329379512e-5	1.4708321504007006e-5	4.635289314048019e-6	1.9475165479742353e-6
192.0	-15.0	-2.5	0.2561790307944536	0.4534544785391814	0.6369452936661254	0.7749810080741585	0.8661386448677623	0.9219266668778634	0.9547727850531025	0.9730449241570793	0.9827022541505858	0.00859646698852099	0.003432268418691633	0.001237237317141566	0.0004131334475862491	0.0001324738989256625	4.2820773293795066e-5	1.470832150400701e-5	4.635289314048016e-6	1.9475165479742416e-6
1.0	-15.0	-3.0	0.19854571687393002	0.36559167124428676	0.5557970184052293	0.7240322226181741	0.8418514796369138	0.912305758749439	0.951565784064698	0.9730602437186381	0.9844342767377331	0.124062320147968	0.08094022970802026	0.04013330911097996	0.015398388548768977	0.0049020593052993364	0.0014280438731897411	0.00041988485339658434	0.00011653172065736821	3.851938043526012e-5
2.0	-15.0	-3.0	0.19863171996718346	0.3658553404373046	0.5560004728155434	0.7241289338240534	0.8418751878451031	0.9122936854601739	0.951589489026018	0.9730413794954756	0.9844425473546852	0.12931964727183495	0.08445816199478326	0.041944642457628585	0.016132331079764126	0.005142151380461933	0.001500455347501354	0.0004422923657438686	0.00012187133098470695	4.03277312503494e-5
3.0	-15.0	-3.0	0.19863171996718357	0.3658553404373048	0.5560004728155438	0.724128933824054	0.8418751878451035	0.9122936854601743	0.9515894890260185	0.9730413794954761	0.9844425473546856	0.12931964727183493	0.08445816199478323	0.04194464245762854	0.01613233107976408	0.005142151380461904	0.0015004553475013373	0.0004422923657438595	0.00012187133098470222	4.0327731250346796e-5
4.0	-15.0	-3.0	0.19863171996718362	0.3658553404373049	0.5560004728155439	0.724128933824054	0.8418751878451035	0.9122936854601743	0.9515894890260185	0.9730413794954761	0.9844425473546856	0.12931964727183493	0.08445816199478327	0.04194464245762858	0.01613233107976412	0.005142151380461925	0.001500455347501348	0.00044229236574386466	0.00012187133098470469	4.032773125034794e-5
5.0	-15.0	-3.0	0.19854571687393	0.3655916712442867	0.5557970184052293	0.7240322226181741	0.8418514796369138	0.912305758749439	0.951565784064698	0.9730602437186381	0.9844342767377331	0.12406232014796799	0.08094022970802026	0.04013330911097998	0.015398388548768988	0.004902059305299343	0.0014280438731897444	0.0004198848533965852	0.00011653172065736843	3.851938043526012e-5
6.0	-15.0	-3.0	0.19863171996718354	0.3658553404373046	0.5560004728155435	0.7241289338240537	0.8418751878451032	0.912293685460174	0.9515894890260181	0.9730413794954758	0.9844425473546853	0.12931964727183493	0.08445816199478322	0.041944642457628536	0.01613233107976408	0.005142151380461905	0.0015004553475013386	0.00044229236574386017	0.00012187133098470254	4.0327731250346966e-5
7.0	-15.0	-3.0	0.19863171996718357	0.3658553404373048	0.5560004728155438	0.724128933824054	0.8418751878451035	0.9122936854601744	0.9515894890260187	0.9730413794954762	0.9844425473546857	0.12931964727183504	0.08445816199478333	0.04194464245762863	0.01613233107976415	0.005142151380461943	0.0015004553475013592	0.00044229236574387133	0.00012187133098470832	4.032773125035001e-5
8.0	-15.0	-3.0	0.19854571687393	0.36559167124428676	0.5557970184052293	0.7240322226181741	0.8418514796369136	0.9123057587494389	0.9515657840646979	0.9730602437186379	0.9844342767377329	0.1240623201479679	0.08094022970802016	0.040133309110979884	0.015398388548768923	0.004902059305299303	0.0014280438731897214	0.00041988485339657306	0.00011653172065736198	3.851938043525668e-5
9.0	-15.0	-3.0	0.19863171996718357	0.3658553404373048	0.5560004728155435	0.7241289338240537	0.8418751878451032	0.912293685460174	0.9515894890260181	0.9730413794954758	0.9844425473546853	0.1293196472718349	0.0844581619947832	0.0419446424576285	0.016132331079764074	0.0051421513804619	0.0015004553475013362	0.0004422923657438586	0.00012187133098470146	4.032773125034639e-5
10.0	-15.0	-3.0	0.19863171996718357	0.3658553404373048	0.5560004728155438	0.7241289338240539	0.8418751878451034	0.9122936854601741	0.9515894890260184	0.9730413794954759	0.9844425473546855	0.12931964727183493	0.08445816199478323	0.04194464245762853	0.01613233107976409	0.005142151380461909	0.0015004553475013397	0.00044229236574386076	0.00012187133098470273	4.0327731250347e-5
11.0	-15.0	-3.0	0.19863171996718354	0.3658553404373046	0.5560004728155434	0.7241289338240535	0.8418751878451032	0.912293685460174	0.9515894890260181	0.9730413794954758	0.9844425473546853	0.1293196472718349	0.08445816199478323	0.04194464245762855	0.016132331079764094	0.005142151380461914	0.0015004553475013423	0.0004422923657438622	0.00012187133098470351	4.032773125034744e-5
12.0	-15.0	-3.0	0.19854571687392994	0.3655916712442867	0.5557970184052293	0.7240322226181741	0.8418514796369136	0.9123057587494389	0.9515657840646979	0.9730602437186379	0.9844342767377329	0.12406232014796793	0.08094022970802021	0.04013330911097992	0.015398388548768951	0.004902059305299322	0.0014280438731897307	0.0004198848533965784	0.00011653172065736485	3.851938043525829e-5
13.0	-15.0	-3.0	0.19036139829068557	0.3442148392258793	0.5189088640367243	0.677437723621423	0.7979268049467219	0.8826497948817813	0.9373226385651088	0.967917204703857	0.9830556463473187	0.15529486815517085	0.12208234292123132	0.08340206832143299	0.05413260850624604	0.03230807238394316	0.015670202274496677	0.005568145480306553	0.0014359149397770064	0.00033353518724349
14.0	-15.0	-3.0	0.1903613982906856	0.3442148392258793	0.5189088640367243	0.6774377236214232	0.7979268049467221	0.8826497948817815	0.937322638565109	0.9679172047038572	0.9830556463473189	0.15529486815517093	0.12208234292123141	0.08340206832143306	0.054132608506246085	0.0323080723839432	0.0156702022744967	0.005568145480306571	0.001435914939777014	0.0003335351872434941
15.0	-15.0	-3.0	0.18648277618866368	0.3253252263098072	0.4734479483682874	0.6096973422151374	0.7293856433431318	0.8323360388559438	0.9102710769492339	0.9567742856595034	0.9789844574034603	0.1995496493043731	0.1746988086609311	0.14221918599419173	0.10833233311815615	0.07345821929254023	0.040862173095666046	0.016840311535366935	0.004858053583812639	0.0011126481343631661
16.0	-15.0	-3.0	0.2124445774178181	0.38473666613803253	0.5717740567885298	0.7327503372625774	0.8451659782721269	0.9133832191961192	0.9522024817990333	0.9730263770036746	0.9844513156240354	0.11391837221062423	0.07939065472154828	0.04084702671559785	0.016297912941277682	0.005444317230287198	0.0016765068592774998	0.0004893764091763485	0.0001472571438269724	4.7768741414695785e-5
17.0	-15.0	-3.0	0.19954447145651402	0.3682382164996549	0.5594130377895763	0.7266858692649999	0.8430005338992425	0.9126537747880038	0.9520243447052044	0.9729927049483877	0.9844608404378565	0.14867121018696247	0.09596207543321447	0.046861437069719104	0.017832248919983914	0.005708549339981488	0.0017013147125167502	0.0005127077524984746	0.00014291653299857332	4.7559524301544546e-5
18.0	-15.0	-3.0	0.18648277618866368	0.32532522630980726	0.4734479483682875	0.6096973422151374	0.7293856433431318	0.8323360388559438	0.9102710769492339	0.9567742856595034	0.9789844574034603	0.19954964930437308	0.17469880866093107	0.14221918599419173	0.10833233311815615	0.07345821929254023	0.040862173095666046	0.01684031153536695	0.0048580535838126495	0.0011126481343631755
19.0	-15.0	-3.0	0.19036139829068566	0.3442148392258794	0.5189088640367244	0.6774377236214233	0.7979268049467222	0.8826497948817816	0.9373226385651091	0.9679172047038576	0.9830556463473193	0.15529486815517096	0.12208234292123141	0.08340206832143301	0.05413260850624601	0.0323080723839431	0.015670202274496607	0.005568145480306474	0.0014359149397769372	0.00033353518724344556
20.0	-15.0	-3.0	0.1864827761886637	0.3253252263098073	0.4734479483682875	0.6096973422151374	0.7293856433431318	0.8323360388559438	0.9102710769492339	0.9567742856595034	0.9789844574034603	0.1995496493043732	0.17469880866093113	0.14221918599419184	0.10833233311815625	0.07345821929254033	0.04086217309566614	0.01684031153536704	0.004858053583812723	0.0011126481343632214
21.0	-15.0	-3.0	0.1903613982906856	0.34421483922587937	0.5189088640367243	0.6774377236214233	0.7979268049467222	0.8826497948817816	0.9373226385651091	0.9679172047038573	0.9830556463473192	0.1552948681551709	0.12208234292123138	0.08340206832143301	0.05413260850624604	0.03230807238394315	0.01567020227449666	0.005568145480306533	0.0014359149397769843	0.0003335351872434756
22.0	-15.0	-3.0	0.19954447145651408	0.36823821649965494	0.5594130377895765	0.7266858692650002	0.8430005338992428	0.9126537747880041	0.9520243447052047	0.972992704948388	0.9844608404378569	0.14867121018696247	0.0959620754332145	0.046861437069719125	0.01783224891998393	0.0057085493399814955	0.001701314712516755	0.000512707752498477	0.00014291653299857476	4.7559524301545305e-5
23.0	-15.0	-3.0	0.21244457741781805	0.3847366661380325	0.5717740567885297	0.7327503372625774	0.8451659782721269	0.9133832191961192	0.9522024817990333	0.9730263770036746	0.9844513156240354	0.11391837221062413	0.07939065472154822	0.04084702671559777	0.016297912941277633	0.005444317230287167	0.0016765068592774818	0.0004893764091763386	0.00014725714382696656	4.776874141469257e-5
24.0	-15.0	-3.0	0.19036139829068568	0.3442148392258795	0.5189088640367244	0.6774377236214234	0.7979268049467223	0.8826497948817817	0.9373226385651092	0.9679172047038576	0.9830556463473193	0.155294868155171	0.1220823429212314	0.08340206832143303	0.05413260850624606	0.032308072383943155	0.01567020227449666	0.005568145480306531	0.0014359149397769845	0.0003335351872434752
25.0	-15.0	-3.0	0.2124445774178181	0.38473666613803253	0.5717740567885298	0.7327503372625775	0.845165978272127	0.9133832191961193	0.9522024817990336	0.9730263770036747	0.9844513156240355	0.1139183722106242	0.07939065472154826	0.04084702671559781	0.01629791294127766	0.005444317230287186	0.0016765068592774917	0.0004893764091763442	0.00014725714382696962	4.776874141469423e-5
26.0	-15.0	-3.0	0.19954447145651408	0.36823821649965494	0.5594130377895765	0.7266858692650002	0.8430005338992428	0.912653774788004	0.9520243447052046	0.9729927049483879	0.9844608404378566	0.1486712101869625	0.09596207543321446	0.04686143706971907	0.01783224891998389	0.005708549339981475	0.0017013147125167422	0.0005127077524984704	0.0001429165329985713	4.755952430154344e-5
27.0	-15.0	-3.0	0.199544471456514	0.36823821649965477	0.5594130377895763	0.7266858692649999	0.8430005338992425	0.9126537747880037	0.9520243447052043	0.9729927049483875	0.9844608404378563	0.1486712101869624	0.09596207543321439	0.046861437069719056	0.017832248919983872	0.0057085493399814625	0.0017013147125167366	0.0005127077524984671	0.0001429165329985692	4.755952430154224e-5
28.0	-15.0	-3.0	0.2124445774178181	0.3847366661380325	0.5717740567885297	0.7327503372625774	0.8451659782721269	0.9133832191961192	0.9522024817990333	0.9730263770036746	0.9844513156240354	0.11391837221062419	0.07939065472154826	0.040847026715597805	0.016297912941277665	0.005444317230287184	0.0016765068592774928	0.0004893764091763447	0.0001472571438269701	4.7768741414694444e-5
29.0	-15.0	-3.0	0.1864827761886637	0.3253252263098073	0.4734479483682875	0.6096973422151377	0.729385643343132	0.8323360388559441	0.9102710769492341	0.9567742856595037	0.9789844574034606	0.19954964930437324	0.1746988086609313	0.14221918599419195	0.10833233311815643	0.07345821929254048	0.040862173095666296	0.016840311535367174	0.004858053583812829	0.0011126481343632908
30.0	-15.0	-3.0	0.1903613982906856	0.34421483922587937	0.5189088640367244	0.6774377236214233	0.7979268049467222	0.8826497948817817	0.9373226385651092	0.9679172047038576	0.9830556463473193	0.15529486815517102	0.12208234292123145	0.08340206832143307	0.054132608506246085	0.03230807238394319	0.01567020227449668	0.0055681454803065454	0.0014359149397769944	0.00033353518724348063
31.0	-15.0	-3.0	0.2124445774178181	0.38473666613803253	0.5717740567885297	0.7327503372625774	0.8451659782721269	0.9133832191961192	0.9522024817990333	0.9730263770036746	0.9844513156240354	0.11391837221062423	0.07939065472154828	0.040847026715597826	0.01629791294127767	0.005444317230287197	0.0016765068592774978	0.0004893764091763477	0.00014725714382697193	4.7768741414695514e-5
32.0	-15.0	-3.0	0.18648277618866363	0.3253252263098072	0.4734479483682874	0.6096973422151374	0.7293856433431318	0.8323360388559438	0.9102710769492339	0.9567742856595034	0.9789844574034603	0.1995496493043732	0.17469880866093115	0.14221918599419184	0.1083323331181563	0.07345821929254037	0.04086217309566618	0.01684031153536708	0.004858053583812758	0.001112648134363246
33.0	-15.0	-3.0	0.199544471456514	0.3682382164996549	0.5594130377895763	0.7266858692650001	0.8430005338992428	0.912653774788004	0.9520243447052046	0.9729927049483879	0.9844608404378566	0.1486712101869625	0.09596207543321447	0.0468614370697191	0.01783224891998391	0.0057085493399814825	0.0017013147125167479	0.0005127077524984736	0.00014291653299857283	4.755952430154413e-5
34.0	-15.0	-3.0	0.19954447145651408	0.36823821649965494	0.5594130377895764	0.7266858692650001	0.8430005338992425	0.9126537747880038	0.9520243447052044	0.9729927049483877	0.9844608404378565	0.14867121018696244	0.09596207543321443	0.04686143706971907	0.017832248919983886	0.00570854933998147	0.0017013147125167398	0.000512707752498469	0.00014291653299857026	4.7559524301542655e-5
35.0	-15.0	-3.0	0.21244457741781805	0.38473666613803237	0.5717740567885297	0.7327503372625772	0.8451659782721267	0.9133832191961191	0.9522024817990332	0.9730263770036743	0.9844513156240353	0.11391837221062419	0.07939065472154826	0.04084702671559779	0.016297912941277647	0.005444317230287177	0.0016765068592774878	0.0004893764091763421	0.0001472571438269684	4.776874141469356e-5
36.0	-15.0	-3.0	0.19036139829068566	0.3442148392258795	0.5189088640367244	0.6774377236214234	0.7979268049467225	0.882649794881782	0.9373226385651094	0.9679172047038577	0.9830556463473195	0.15529486815517102	0.12208234292123143	0.08340206832143307	0.054132608506246085	0.03230807238394318	0.015670202274496687	0.005568145480306549	0.001435914939776995	0.0003335351872434816
37.0	-15.0	-3.0	0.18648277618866368	0.3253252263098073	0.4734479483682874	0.6096973422151375	0.7293856433431318	0.8323360388559438	0.9102710769492337	0.9567742856595033	0.9789844574034602	0.19954964930437308	0.1746988086609311	0.14221918599419178	0.10833233311815624	0.07345821929254033	0.04086217309566614	0.016840311535367046	0.004858053583812729	0.0011126481343632297
38.0	-15.0	-3.0	0.2124445774178181	0.38473666613803253	0.5717740567885298	0.7327503372625774	0.8451659782721269	0.9133832191961192	0.9522024817990333	0.9730263770036746	0.9844513156240354	0.11391837221062417	0.07939065472154823	0.04084702671559778	0.016297912941277633	0.0054443172302871675	0.0016765068592774796	0.000489376409176337	0.00014725714382696572	4.776874141469196e-5
39.0	-15.0	-3.0	0.19954447145651397	0.36823821649965477	0.5594130377895762	0.7266858692649998	0.8430005338992423	0.9126537747880037	0.9520243447052043	0.9729927049483875	0.9844608404378563	0.1486712101869624	0.09596207543321436	0.04686143706971902	0.017832248919983845	0.005708549339981449	0.0017013147125167264	0.0005127077524984618	0.00014291653299856608	4.755952430154038e-5
40.0	-15.0	-3.0	0.18648277618866368	0.32532522630980726	0.4734479483682874	0.6096973422151375	0.7293856433431318	0.8323360388559438	0.9102710769492339	0.9567742856595034	0.9789844574034603	0.19954964930437316	0.17469880866093115	0.14221918599419187	0.1083323331181563	0.07345821929254039	0.04086217309566619	0.01684031153536709	0.004858053583812767	0.0011126481343632516
41.0	-15.0	-3.0	0.19954447145651402	0.3682382164996549	0.5594130377895763	0.7266858692649999	0.8430005338992425	0.9126537747880038	0.9520243447052044	0.9729927049483877	0.9844608404378565	0.14867121018696244	0.09596207543321442	0.04686143706971907	0.01783224891998389	0.005708549339981474	0.0017013147125167416	0.00051270775249847	0.00014291653299857083	4.7559524301543116e-5
42.0	-15.0	-3.0	0.1864827761886637	0.32532522630980737	0.4734479483682876	0.6096973422151377	0.729385643343132	0.8323360388559439	0.910271076949234	0.9567742856595036	0.9789844574034605	0.19954964930437316	0.17469880866093118	0.1422191859941919	0.10833233311815635	0.07345821929254044	0.040862173095666254	0.016840311535367143	0.004858053583812808	0.0011126481343632791
43.0	-15.0	-3.0	0.21244457741781814	0.38473666613803265	0.5717740567885299	0.7327503372625775	0.8451659782721271	0.9133832191961193	0.9522024817990336	0.9730263770036747	0.9844513156240355	0.1139183722106242	0.07939065472154824	0.04084702671559778	0.016297912941277633	0.005444317230287166	0.0016765068592774813	0.0004893764091763383	0.00014725714382696648	4.776874141469256e-5
44.0	-15.0	-3.0	0.1903613982906856	0.34421483922587937	0.5189088640367244	0.6774377236214232	0.7979268049467222	0.8826497948817816	0.9373226385651091	0.9679172047038573	0.9830556463473192	0.15529486815517093	0.12208234292123137	0.08340206832143299	0.05413260850624603	0.032308072383943134	0.015670202274496645	0.00556814548030651	0.0014359149397769671	0.0003335351872434652
45.0	-15.0	-3.0	0.19091914505709967	0.3443313211057022	0.5185662936726119	0.6769585613720226	0.7975616753706867	0.8824604565935327	0.9372537293275396	0.967898193353811	0.9830506571449282	0.16156517654792804	0.12649320099527428	0.08584691552847001	0.055259634655754106	0.032784335600268985	0.015847797735893326	0.0056204671329948925	0.001448151808134393	0.00033630150822294024
46.0	-15.0	-3.0	0.19091914505709967	0.34433132110570225	0.5185662936726119	0.6769585613720226	0.7975616753706865	0.8824604565935326	0.9372537293275395	0.9678981933538108	0.9830506571449281	0.16156517654792796	0.12649320099527417	0.0858469155284699	0.055259634655753995	0.0327843356002689	0.01584779773589325	0.005620467132994832	0.0014481518081343465	0.00033630150822291173
47.0	-15.0	-3.0	0.18663381018944863	0.3246339635798194	0.4722808984524455	0.6087080826930017	0.7287682354775141	0.8320012160284775	0.9101352683811078	0.9567442724942666	0.9789767002063491	0.2019409074018516	0.1765322849177184	0.14333484207131053	0.10888407728414656	0.07373952707557241	0.04099529384768277	0.01689294033920114	0.004867807129071465	0.0011130687500352139
48.0	-15.0	-3.0	0.21250350800516396	0.38477200757934676	0.5717830427871536	0.7327438394311329	0.8451568600814086	0.9133962108855082	0.9521921904187532	0.973027361195608	0.9844495659416889	0.11466241078353366	0.07976663052645723	0.04100354597960854	0.016356415799702928	0.005464750327094978	0.0016836004099872906	0.0004892414955472229	0.00014830867811248846	4.795094487204852e-5
49.0	-15.0	-3.0	0.1866338101894487	0.32463396357981933	0.4722808984524453	0.6087080826930015	0.7287682354775139	0.8320012160284773	0.9101352683811077	0.9567442724942664	0.978976700206349	0.2019409074018516	0.17653228491771844	0.1433348420713106	0.10888407728414665	0.07373952707557246	0.040995293847682863	0.01689294033920122	0.004867807129071525	0.0011130687500352538
50.0	-15.0	-3.0	0.19091914505709967	0.3443313211057022	0.5185662936726119	0.6769585613720226	0.7975616753706865	0.8824604565935323	0.9372537293275393	0.9678981933538107	0.983050657144928	0.16156517654792793	0.12649320099527414	0.08584691552846985	0.055259634655753925	0.032784335600268825	0.01584779773589319	0.005620467132994777	0.0014481518081343047	0.0003363015082228867
51.0	-15.0	-3.0	0.18663381018944872	0.32463396357981944	0.4722808984524454	0.6087080826930017	0.7287682354775141	0.8320012160284775	0.9101352683811078	0.9567442724942666	0.9789767002063491	0.2019409074018516	0.17653228491771836	0.1433348420713105	0.10888407728414655	0.07373952707557238	0.040995293847682766	0.01689294033920112	0.004867807129071442	0.0011130687500351983
52.0	-15.0	-3.0	0.19091914505709964	0.344331321105702	0.5185662936726115	0.6769585613720224	0.7975616753706863	0.8824604565935322	0.9372537293275391	0.9678981933538104	0.9830506571449278	0.16156517654792796	0.12649320099527414	0.08584691552846987	0.055259634655754	0.03278433560026892	0.015847797735893277	0.005620467132994863	0.0014481518081343723	0.00033630150822292864
53.0	-15.0	-3.0	0.21250350799538764	0.38477200754579277	0.5717830426836275	0.7327438391975468	0.8451568599198858	0.9133962113113345	0.9521921901436097	0.973027361162267	0.9844495659288394	0.11466241089990922	0.0797666305571207	0.04100354602199305	0.01635641586018121	0.00546475039011402	0.0016836004445461746	0.0004892414277558296	0.0001483086938260746	4.795094331470645e-5
54.0	-15.0	-3.0	0.18663381018944875	0.3246339635798195	0.4722808984524455	0.6087080826930017	0.7287682354775141	0.8320012160284775	0.9101352683811078	0.9567442724942666	0.9789767002063491	0.20194090740185164	0.17653228491771847	0.1433348420713106	0.10888407728414663	0.07373952707557245	0.040995293847682884	0.016892940339201228	0.004867807129071541	0.0011130687500352661
55.0	-15.0	-3.0	0.1909191450570997	0.34433132110570225	0.5185662936726119	0.6769585613720226	0.7975616753706867	0.8824604565935327	0.9372537293275396	0.967898193353811	0.9830506571449282	0.16156517654792804	0.12649320099527422	0.08584691552846994	0.05525963465575403	0.032784335600268916	0.015847797735893253	0.005620467132994828	0.0014481518081343413	0.00033630150822290886
56.0	-15.0	-3.0	0.21250350799538772	0.38477200754579294	0.5717830426836277	0.7327438391975472	0.8451568599198861	0.9133962113113351	0.9521921901436101	0.9730273611622674	0.9844495659288398	0.1146624108999093	0.07976663055712077	0.041003546021993076	0.01635641586018123	0.0054647503901140305	0.00168360044454618	0.0004892414277558326	0.00014830869382607625	4.795094331470735e-5
57.0	-15.0	-3.0	0.21250350799538753	0.38477200754579266	0.5717830426836271	0.7327438391975465	0.8451568599198854	0.9133962113113343	0.9521921901436093	0.9730273611622666	0.984449565928839	0.11466241089990918	0.0797666305571206	0.04100354602199298	0.016356415860181155	0.005464750390113989	0.0016836004445461563	0.0004892414277558193	0.00014830869382606894	4.795094331470335e-5
58.0	-15.0	-3.0	0.1909191450570997	0.34433132110570225	0.5185662936726119	0.6769585613720226	0.7975616753706865	0.8824604565935326	0.9372537293275395	0.9678981933538108	0.9830506571449281	0.16156517654792799	0.1264932009952742	0.08584691552846994	0.05525963465575407	0.03278433560026897	0.01584779773589333	0.005620467132994894	0.0014481518081343946	0.00033630150822294187
59.0	-15.0	-3.0	0.21250350800516393	0.3847720075793467	0.5717830427871535	0.7327438394311327	0.8451568600814084	0.913396210885508	0.952192190418753	0.9730273611956078	0.9844495659416888	0.11466241078353363	0.07976663052645723	0.041003545979608536	0.01635641579970292	0.005464750327094971	0.0016836004099872867	0.0004892414955472205	0.00014830867811248732	4.7950944872047743e-5
60.0	-15.0	-3.0	0.18663381018944875	0.3246339635798195	0.47228089845244553	0.6087080826930017	0.7287682354775141	0.8320012160284775	0.9101352683811078	0.9567442724942666	0.9789767002063491	0.2019409074018517	0.17653228491771852	0.14333484207131061	0.10888407728414665	0.07373952707557249	0.04099529384768288	0.016892940339201253	0.00486780712907156	0.0011130687500352798
61.0	-15.0	-3.0	0.18663381018944875	0.32463396357981955	0.47228089845244564	0.6087080826930019	0.7287682354775145	0.8320012160284779	0.9101352683811081	0.9567442724942669	0.9789767002063494	0.2019409074018517	0.1765322849177185	0.14333484207131061	0.10888407728414666	0.07373952707557242	0.04099529384768286	0.0168929403392012	0.004867807129071515	0.0011130687500352494
62.0	-15.0	-3.0	0.2125035079953876	0.38477200754579277	0.5717830426836273	0.7327438391975465	0.8451568599198858	0.9133962113113344	0.9521921901436096	0.9730273611622668	0.9844495659288391	0.11466241089990925	0.07976663055712072	0.041003546021993034	0.016356415860181203	0.005464750390114019	0.0016836004445461743	0.0004892414277558297	0.00014830869382607484	4.79509433147066e-5
63.0	-15.0	-3.0	0.1909191450570997	0.34433132110570225	0.5185662936726119	0.6769585613720226	0.7975616753706867	0.8824604565935326	0.9372537293275395	0.9678981933538108	0.9830506571449281	0.16156517654792793	0.12649320099527414	0.08584691552846989	0.05525963465575395	0.03278433560026886	0.015847797735893204	0.005620467132994786	0.0014481518081343096	0.0003363015082228889
64.0	-15.0	-3.0	0.2125035079953876	0.38477200754579277	0.5717830426836275	0.7327438391975468	0.845156859919886	0.9133962113113347	0.9521921901436099	0.9730273611622672	0.9844495659288395	0.11466241089990924	0.0797666305571207	0.04100354602199302	0.01635641586018119	0.00546475039011401	0.0016836004445461691	0.0004892414277558269	0.00014830869382607327	4.795094331470592e-5
65.0	-15.0	-3.0	0.21250350799538753	0.38477200754579266	0.5717830426836275	0.7327438391975466	0.845156859919886	0.9133962113113345	0.9521921901436097	0.973027361162267	0.9844495659288394	0.11466241089990925	0.0797666305571207	0.041003546021993055	0.016356415860181214	0.005464750390114024	0.001683600444546176	0.0004892414277558301	0.00014830869382607487	4.795094331470663e-5
66.0	-15.0	-3.0	0.1909191450570997	0.34433132110570225	0.5185662936726119	0.6769585613720226	0.7975616753706865	0.8824604565935322	0.9372537293275391	0.9678981933538104	0.9830506571449278	0.16156517654792799	0.12649320099527417	0.08584691552846992	0.055259634655754	0.03278433560026891	0.015847797735893253	0.005620467132994838	0.001448151808134349	0.0003363015082229138
67.0	-15.0	-3.0	0.18663381018944863	0.32463396357981933	0.4722808984524454	0.6087080826930017	0.7287682354775141	0.8320012160284775	0.9101352683811078	0.9567442724942666	0.9789767002063491	0.2019409074018516	0.17653228491771844	0.14333484207131053	0.10888407728414656	0.07373952707557241	0.04099529384768281	0.01689294033920117	0.004867807129071486	0.0011130687500352293
68.0	-15.0	-3.0	0.18663381018944875	0.3246339635798195	0.47228089845244553	0.6087080826930017	0.7287682354775141	0.8320012160284775	0.9101352683811078	0.9567442724942666	0.9789767002063491	0.20194090740185167	0.17653228491771844	0.14333484207131053	0.10888407728414652	0.07373952707557233	0.04099529384768273	0.016892940339201083	0.004867807129071406	0.0011130687500351762
69.0	-15.0	-3.0	0.19865773982694168	0.3661401009623253	0.5563588918399742	0.7243841723669443	0.8419232074335133	0.9125641375569407	0.9516067417575184	0.9730944069706523	0.9843956935505053	0.13297836854985107	0.0871793017848205	0.04339064403147074	0.01677864874906894	0.005393772948745753	0.0015696824124337763	0.00044470259123077636	0.0001387794153196665	4.2041363732415795e-5
70.0	-15.0	-3.0	0.1986577398269417	0.36614010096232535	0.5563588918399743	0.7243841723669445	0.8419232074335133	0.9125641375569407	0.9516067417575184	0.9730944069706523	0.9843956935505053	0.13297836854985104	0.08717930178482053	0.043390644031470735	0.016778648749068942	0.005393772948745755	0.001569682412433781	0.00044470259123077923	0.00013877941531966842	4.2041363732416954e-5
71.0	-15.0	-3.0	0.19865773982694154	0.3661401009623253	0.5563588918399741	0.7243841723669443	0.8419232074335132	0.9125641375569405	0.9516067417575182	0.9730944069706521	0.984395693550505	0.13297836854985112	0.0871793017848205	0.04339064403147074	0.01677864874906895	0.005393772948745759	0.0015696824124337818	0.00044470259123077907	0.00013877941531966815	4.2041363732416636e-5
72.0	-15.0	-3.0	0.19865773982694168	0.36614010096232535	0.5563588918399741	0.7243841723669442	0.8419232074335132	0.9125641375569405	0.9516067417575182	0.9730944069706521	0.984395693550505	0.13297836854985104	0.08717930178482047	0.04339064403147071	0.01677864874906893	0.005393772948745744	0.0015696824124337727	0.0004447025912307744	0.00013877941531966566	4.2041363732415335e-5
73.0	-15.0	-3.0	0.22447736209126712	0.4091792683708682	0.5992912286074376	0.7525012544341788	0.855665008266871	0.918273308458532	0.9536559025777457	0.9735418424052935	0.984209557471843	0.07482468403488113	0.04366647568312058	0.019745518133257825	0.007238372164113651	0.0023271630328021427	0.0007050673543961537	0.00020439531966004028	6.592267859703362e-5	2.0830377015472026e-5
74.0	-15.0	-3.0	0.22449344955675313	0.4091988151167378	0.5993056110101508	0.7525080711120153	0.8556589465539397	0.9182754270796084	0.9536632846816744	0.9735319810189305	0.9842089426690248	0.07635901961376591	0.044298974528313884	0.019942541875038425	0.007290071336783341	0.002340081743161549	0.0007103055772482733	0.00020513631024961687	6.611311536429702e-5	2.092051176158306e-5
75.0	-15.0	-3.0	0.22449344955675304	0.4091988151167377	0.5993056110101506	0.7525080711120151	0.8556589465539394	0.9182754270796079	0.9536632846816738	0.9735319810189298	0.9842089426690243	0.07635901961376589	0.04429897452831385	0.019942541875038397	0.007290071336783319	0.002340081743161533	0.0007103055772482643	0.00020513631024961235	6.611311536429437e-5	2.092051176158159e-5
76.0	-15.0	-3.0	0.22447736209126717	0.4091792683708683	0.5992912286074377	0.7525012544341789	0.8556650082668712	0.9182733084585322	0.9536559025777458	0.9735418424052937	0.9842095574718431	0.0748246840348811	0.04366647568312053	0.01974551813325777	0.00723837216411361	0.002327163032802116	0.000705067354396138	0.00020439531966003126	6.59226785970287e-5	2.0830377015469326e-5
77.0	-15.0	-3.0	0.22447736209126706	0.4091792683708682	0.5992912286074374	0.7525012544341787	0.8556650082668709	0.9182733084585318	0.9536559025777455	0.9735418424052934	0.9842095574718429	0.07482468403488109	0.0436664756831205	0.019745518133257756	0.007238372164113601	0.0023271630328021106	0.0007050673543961342	0.0002043953196600291	6.592267859702762e-5	2.083037701546867e-5
78.0	-15.0	-3.0	0.22449344955675316	0.40919881511673784	0.5993056110101509	0.7525080711120156	0.8556589465539398	0.9182754270796085	0.9536632846816746	0.9735319810189306	0.984208942669025	0.0763590196137659	0.04429897452831382	0.019942541875038376	0.0072900713367833065	0.0023400817431615266	0.00071030557724826	0.0002051363102496095	6.611311536429296e-5	2.092051176158075e-5
79.0	-15.0	-3.0	0.22449344955675316	0.4091988151167378	0.5993056110101508	0.7525080711120153	0.8556589465539397	0.9182754270796084	0.9536632846816744	0.9735319810189305	0.9842089426690248	0.0763590196137659	0.044298974528313835	0.019942541875038387	0.007290071336783311	0.0023400817431615288	0.0007103055772482616	0.00020513631024961064	6.611311536429351e-5	2.092051176158108e-5
80.0	-15.0	-3.0	0.22447736209126704	0.40917926837086804	0.5992912286074373	0.7525012544341784	0.8556650082668705	0.9182733084585315	0.9536559025777452	0.9735418424052931	0.9842095574718426	0.07482468403488107	0.043666475683120494	0.019745518133257742	0.007238372164113596	0.002327163032802107	0.0007050673543961332	0.00020439531966002855	6.592267859702721e-5	2.0830377015468485e-5
81.0	-15.0	-3.0	0.22447736209126704	0.40917926837086804	0.5992912286074373	0.7525012544341784	0.8556650082668705	0.9182733084585315	0.9536559025777452	0.9735418424052931	0.9842095574718426	0.07482468403488111	0.04366647568312051	0.019745518133257756	0.00723837216411361	0.0023271630328021145	0.0007050673543961371	0.00020439531966003096	6.59226785970286e-5	2.0830377015469204e-5
82.0	-15.0	-3.0	0.22449344955675316	0.40919881511673784	0.5993056110101508	0.7525080711120153	0.8556589465539397	0.9182754270796084	0.9536632846816744	0.9735319810189305	0.9842089426690248	0.07635901961376589	0.04429897452831383	0.019942541875038383	0.007290071336783305	0.0023400817431615244	0.0007103055772482593	0.0002051363102496093	6.61131153642927e-5	2.0920511761580646e-5
83.0	-15.0	-3.0	0.22447736209126706	0.40917926837086815	0.5992912286074376	0.7525012544341787	0.8556650082668709	0.9182733084585318	0.9536559025777455	0.9735418424052934	0.9842095574718429	0.07482468403488107	0.0436664756831205	0.019745518133257766	0.007238372164113608	0.0023271630328021136	0.0007050673543961361	0.00020439531966003034	6.59226785970283e-5	2.0830377015469075e-5
84.0	-15.0	-3.0	0.22449344955675316	0.40919881511673784	0.5993056110101509	0.7525080711120156	0.8556589465539398	0.9182754270796085	0.9536632846816746	0.9735319810189306	0.984208942669025	0.07635901961376597	0.0442989745283139	0.019942541875038442	0.007290071336783347	0.0023400817431615505	0.000710305577248274	0.00020513631024961752	6.611311536429727e-5	2.0920511761583194e-5
85.0	-15.0	-3.0	0.22449344955675304	0.4091988151167376	0.5993056110101506	0.7525080711120149	0.8556589465539393	0.9182754270796077	0.9536632846816736	0.9735319810189297	0.984208942669024	0.0763590196137659	0.04429897452831384	0.01994254187503841	0.007290071336783325	0.00234008174316154	0.0007103055772482688	0.0002051363102496144	6.611311536429565e-5	2.0920511761582306e-5
86.0	-15.0	-3.0	0.22449344955675318	0.40919881511673795	0.599305611010151	0.7525080711120156	0.8556589465539398	0.9182754270796085	0.9536632846816746	0.9735319810189306	0.984208942669025	0.0763590196137659	0.044298974528313835	0.019942541875038387	0.00729007133678331	0.00234008174316153	0.0007103055772482623	0.00020513631024961056	6.611311536429347e-5	2.0920511761581076e-5
87.0	-15.0	-3.0	0.22447736209126706	0.40917926837086815	0.5992912286074374	0.7525012544341785	0.8556650082668706	0.9182733084585316	0.9536559025777454	0.9735418424052933	0.9842095574718427	0.07482468403488103	0.04366647568312045	0.019745518133257714	0.007238372164113578	0.0023271630328020954	0.0007050673543961257	0.0002043953196600245	6.592267859702498e-5	2.083037701546723e-5
88.0	-15.0	-3.0	0.22447736209126706	0.40917926837086815	0.5992912286074374	0.7525012544341785	0.8556650082668706	0.9182733084585316	0.9536559025777454	0.9735418424052933	0.9842095574718427	0.07482468403488111	0.04366647568312056	0.019745518133257794	0.0072383721641136305	0.0023271630328021283	0.0007050673543961452	0.0002043953196600352	6.592267859703094e-5	2.083037701547054e-5
89.0	-15.0	-3.0	0.16127961327326523	0.2680427494915809	0.3790108893547476	0.48363324494667054	0.5861109600209128	0.6895062227910236	0.7823470486401735	0.851663965895848	0.9017087089292612	0.29850686662837234	0.286353964300771	0.26253559541492205	0.22869687250339082	0.1856710383306372	0.13922163376273766	0.09698939817818467	0.06490842559892071	0.041541334660889086
90.0	-15.0	-3.0	0.16127961327326526	0.268042749491581	0.3790108893547477	0.4836332449466707	0.5861109600209132	0.6895062227910239	0.782347048640174	0.8516639658958486	0.9017087089292617	0.29850686662837256	0.2863539643007712	0.26253559541492233	0.22869687250339113	0.18567103833063747	0.13922163376273802	0.096989398178185	0.06490842559892106	0.041541334660889453
91.0	-15.0	-3.0	0.186549485328011	0.32537324782998334	0.4735067053529578	0.6097663195484107	0.7294477725011533	0.8323986464228434	0.910279104282227	0.9567575856012086	0.9789832506827473	0.21070853749658613	0.18517218516239164	0.15155662733233174	0.11602029514346579	0.07895879091376538	0.04402819268927653	0.01817916790682164	0.005265613909558844	0.0012093153637486682
92.0	-15.0	-3.0	0.16127961327326523	0.2680427494915809	0.3790108893547476	0.48363324494667054	0.5861109600209128	0.6895062227910235	0.7823470486401733	0.8516639658958479	0.901708708929261	0.2985068666283723	0.28635396430077104	0.262535595414922	0.2286968725033908	0.18567103833063717	0.1392216337627377	0.09698939817818471	0.06490842559892077	0.041541334660889176
93.0	-15.0	-3.0	0.16127961327326523	0.2680427494915809	0.37901088935474764	0.4836332449466706	0.5861109600209129	0.6895062227910237	0.7823470486401737	0.8516639658958483	0.9017087089292614	0.29850686662837234	0.28635396430077115	0.26253559541492216	0.22869687250339094	0.1856710383306373	0.13922163376273786	0.09698939817818485	0.06490842559892089	0.04154133466088927
94.0	-15.0	-3.0	0.18654948532801097	0.32537324782998334	0.4735067053529578	0.6097663195484107	0.7294477725011531	0.8323986464228433	0.9102791042822269	0.9567575856012085	0.9789832506827472	0.2107085374965861	0.18517218516239167	0.1515566273323317	0.11602029514346578	0.07895879091376534	0.04402819268927652	0.018179167906821628	0.005265613909558841	0.00120931536374867
95.0	-15.0	-3.0	0.1612796132732652	0.2680427494915809	0.3790108893547476	0.4836332449466705	0.5861109600209128	0.6895062227910236	0.7823470486401735	0.851663965895848	0.9017087089292612	0.2985068666283723	0.286353964300771	0.26253559541492194	0.22869687250339074	0.18567103833063708	0.1392216337627376	0.0969893981781846	0.06490842559892063	0.04154133466088903
96.0	-15.0	-3.0	0.1865494853280109	0.32537324782998334	0.47350670535295775	0.6097663195484104	0.729447772501153	0.8323986464228431	0.9102791042822267	0.9567575856012083	0.9789832506827469	0.210708537496586	0.18517218516239153	0.15155662733233155	0.1160202951434656	0.07895879091376515	0.04402819268927634	0.018179167906821444	0.005265613909558675	0.0012093153637485546
97.0	-15.0	-3.0	0.186549485328011	0.3253732478299834	0.4735067053529579	0.6097663195484108	0.7294477725011533	0.8323986464228434	0.910279104282227	0.9567575856012086	0.9789832506827473	0.2107085374965861	0.18517218516239162	0.1515566273323316	0.11602029514346568	0.07895879091376524	0.044028192689276414	0.018179167906821517	0.00526561390955874	0.0012093153637485977
98.0	-15.0	-3.0	0.16127961327326526	0.2680427494915809	0.3790108893547476	0.4836332449466705	0.5861109600209128	0.6895062227910236	0.7823470486401735	0.851663965895848	0.9017087089292612	0.2985068666283722	0.286353964300771	0.262535595414922	0.2286968725033908	0.18567103833063717	0.1392216337627377	0.09698939817818471	0.06490842559892075	0.041541334660889155
99.0	-15.0	-3.0	0.16127961327326523	0.2680427494915809	0.3790108893547476	0.48363324494667054	0.5861109600209128	0.6895062227910236	0.7823470486401735	0.851663965895848	0.9017087089292612	0.2985068666283724	0.286353964300771	0.26253559541492194	0.22869687250339082	0.18567103833063714	0.1392216337627377	0.09698939817818464	0.06490842559892068	0.04154133466088907
100.0	-15.0	-3.0	0.18654948532801088	0.32537324782998317	0.4735067053529576	0.6097663195484102	0.7294477725011528	0.832398646422843	0.9102791042822266	0.9567575856012082	0.9789832506827468	0.21070853749658588	0.1851721851623914	0.1515566273323314	0.11602029514346547	0.07895879091376508	0.044028192689276276	0.018179167906821413	0.0052656139095586625	0.0012093153637485511
101.0	-15.0	-3.0	0.186549485328011	0.32537324782998345	0.4735067053529579	0.6097663195484108	0.7294477725011534	0.8323986464228438	0.9102791042822274	0.9567575856012089	0.9789832506827476	0.210708537496586	0.18517218516239156	0.1515566273323316	0.11602029514346565	0.07895879091376523	0.04402819268927641	0.01817916790682152	0.00526561390955874	0.0012093153637485988
102.0	-15.0	-3.0	0.18654948532801097	0.3253732478299833	0.47350670535295764	0.6097663195484103	0.7294477725011528	0.832398646422843	0.9102791042822266	0.9567575856012082	0.9789832506827468	0.21070853749658602	0.18517218516239153	0.1515566273323316	0.11602029514346565	0.07895879091376524	0.04402819268927642	0.018179167906821544	0.005265613909558767	0.0012093153637486188
103.0	-15.0	-3.0	0.18654948532801097	0.32537324782998334	0.4735067053529579	0.6097663195484108	0.7294477725011533	0.8323986464228434	0.910279104282227	0.9567575856012086	0.9789832506827473	0.21070853749658608	0.18517218516239162	0.1515566273323316	0.11602029514346571	0.07895879091376527	0.04402819268927645	0.01817916790682155	0.005265613909558765	0.0012093153637486155
104.0	-15.0	-3.0	0.1612796132732652	0.26804274949158086	0.37901088935474747	0.48363324494667037	0.5861109600209128	0.6895062227910235	0.7823470486401733	0.8516639658958479	0.901708708929261	0.2985068666283722	0.286353964300771	0.26253559541492194	0.2286968725033908	0.18567103833063708	0.13922163376273766	0.09698939817818462	0.06490842559892068	0.04154133466088907
105.0	-15.0	-3.0	0.22418834079355987	0.40921850699742285	0.5994088361331246	0.7525709441523079	0.8557111608029638	0.9182750506787062	0.9536427471867007	0.9735683369863974	0.9842111977772123	0.07394410098035968	0.04322860069265616	0.019559080357340868	0.007178136773300513	0.0023109722090550637	0.0006972178702267528	0.0002037009168476511	6.577805187772142e-5	2.0701004929320384e-5
106.0	-15.0	-3.0	0.22418834079355995	0.40921850699742307	0.5994088361331247	0.7525709441523081	0.855711160802964	0.9182750506787063	0.9536427471867008	0.9735683369863976	0.9842111977772126	0.07394410098035961	0.04322860069265608	0.0195590803573408	0.007178136773300463	0.0023109722090550325	0.0006972178702267346	0.0002037009168476407	6.577805187771562e-5	2.070100492931712e-5
107.0	-15.0	-3.0	0.22418834079355984	0.40921850699742274	0.5994088361331243	0.7525709441523077	0.8557111608029637	0.9182750506787061	0.9536427471867005	0.9735683369863973	0.9842111977772122	0.07394410098035957	0.043228600692656036	0.019559080357340768	0.007178136773300438	0.002310972209055019	0.0006972178702267274	0.00020370091684763673	6.577805187771334e-5	2.070100492931585e-5
108.0	-15.0	-3.0	0.22418834079355998	0.409218506997423	0.5994088361331247	0.7525709441523082	0.8557111608029642	0.9182750506787065	0.9536427471867012	0.9735683369863979	0.9842111977772128	0.0739441009803597	0.04322860069265617	0.01955908035734087	0.007178136773300509	0.002310972209055064	0.0006972178702267526	0.00020370091684765063	6.577805187772134e-5	2.0701004929320312e-5
109.0	-15.0	-3.0	0.22418834079355993	0.4092185069974229	0.5994088361331247	0.7525709441523079	0.8557111608029638	0.9182750506787062	0.9536427471867007	0.9735683369863974	0.9842111977772123	0.07394410098035968	0.043228600692656154	0.019559080357340854	0.007178136773300506	0.0023109722090550585	0.0006972178702267498	0.00020370091684764928	6.577805187772036e-5	2.0701004929319814e-5
110.0	-15.0	-3.0	0.22418834079355993	0.4092185069974229	0.5994088361331247	0.7525709441523081	0.8557111608029642	0.9182750506787066	0.9536427471867012	0.9735683369863979	0.9842111977772128	0.07394410098035974	0.043228600692656174	0.019559080357340882	0.007178136773300517	0.0023109722090550676	0.0006972178702267549	0.00020370091684765183	6.577805187772199e-5	2.0701004929320726e-5
111.0	-15.0	-3.0	0.22418834079355998	0.40921850699742307	0.5994088361331249	0.7525709441523082	0.8557111608029642	0.9182750506787066	0.9536427471867012	0.9735683369863979	0.9842111977772128	0.07394410098035968	0.04322860069265613	0.019559080357340834	0.007178136773300485	0.0023109722090550477	0.0006972178702267433	0.00020370091684764557	6.57780518777185e-5	2.0701004929318737e-5
112.0	-15.0	-3.0	0.22418834079356004	0.40921850699742307	0.5994088361331249	0.7525709441523082	0.8557111608029643	0.9182750506787069	0.9536427471867015	0.9735683369863982	0.9842111977772131	0.07394410098035972	0.0432286006926562	0.0195590803573409	0.007178136773300529	0.0023109722090550746	0.0006972178702267586	0.00020370091684765435	6.577805187772322e-5	2.0701004929321363e-5
113.0	-15.0	-3.0	0.2242799347773447	0.40928353172397286	0.5994731719046549	0.7526295962554485	0.8556166927244494	0.917997462538495	0.9538019817399959	0.9734432777887931	0.9842077586122291	0.07452920125564784	0.04345439439078947	0.019590615643537326	0.007160589518915013	0.0022963302920500483	0.0007025817047575415	0.0002032472499780552	6.338105329342353e-5	2.0675262915320524e-5
114.0	-15.0	-3.0	0.22427993477734484	0.40928353172397325	0.5994731719046555	0.7526295962554492	0.8556166927244503	0.917997462538496	0.953801981739997	0.9734432777887941	0.9842077586122302	0.07452920125564785	0.04345439439078947	0.019590615643537326	0.0071605895189150075	0.002296330292050045	0.0007025817047575389	0.00020324724997805354	6.33810532934227e-5	2.067526291532008e-5
115.0	-15.0	-3.0	0.22427993477734484	0.4092835317239732	0.5994731719046554	0.7526295962554492	0.8556166927244502	0.9179974625384958	0.9538019817399969	0.973443277788794	0.98420775861223	0.07452920125564791	0.04345439439078952	0.01959061564353735	0.0071605895189150275	0.002296330292050057	0.0007025817047575455	0.0002032472499780573	6.338105329342482e-5	2.067526291532125e-5
116.0	-15.0	-3.0	0.2242799347773448	0.409283531723973	0.5994731719046553	0.7526295962554489	0.8556166927244498	0.9179974625384956	0.9538019817399965	0.9734432777887937	0.9842077586122298	0.07452920125564791	0.043454394390789505	0.01959061564353736	0.007160589518915026	0.0022963302920500565	0.0007025817047575458	0.0002032472499780577	6.338105329342499e-5	2.0675262915321368e-5
117.0	-15.0	-3.0	0.22427993477734479	0.409283531723973	0.5994731719046553	0.752629596255449	0.8556166927244502	0.9179974625384958	0.9538019817399969	0.973443277788794	0.98420775861223	0.07452920125564796	0.04345439439078958	0.019590615643537423	0.007160589518915079	0.0022963302920500886	0.0007025817047575645	0.00020324724997806804	6.33810532934309e-5	2.0675262915324644e-5
118.0	-15.0	-3.0	0.22427993477734479	0.4092835317239731	0.5994731719046553	0.7526295962554489	0.8556166927244501	0.9179974625384957	0.9538019817399968	0.9734432777887939	0.9842077586122299	0.07452920125564787	0.0434543943907895	0.019590615643537347	0.007160589518915017	0.0022963302920500504	0.000702581704757542	0.00020324724997805533	6.338105329342377e-5	2.0675262915320663e-5
119.0	-15.0	-3.0	0.2242799347773448	0.409283531723973	0.5994731719046552	0.7526295962554487	0.8556166927244498	0.9179974625384956	0.9538019817399965	0.9734432777887937	0.9842077586122298	0.07452920125564791	0.04345439439078952	0.01959061564353736	0.007160589518915037	0.0022963302920500613	0.0007025817047575486	0.00020324724997805915	6.338105329342582e-5	2.0675262915321836e-5
120.0	-15.0	-3.0	0.22427993477734492	0.4092835317239734	0.5994731719046558	0.7526295962554497	0.8556166927244508	0.9179974625384965	0.9538019817399975	0.9734432777887947	0.9842077586122306	0.07452920125564791	0.04345439439078952	0.01959061564353735	0.007160589518915023	0.002296330292050051	0.0007025817047575424	0.00020324724997805574	6.338105329342392e-5	2.0675262915320806e-5
121.0	-15.0	-3.0	0.19930113708618077	0.36827497750376853	0.5596413972256128	0.7269562673595237	0.8432969544685539	0.9129421114185984	0.9517120461053449	0.9731828531480257	0.9844582724850678	0.1441914216834476	0.09280444943077779	0.045088612283193386	0.017134493166404287	0.005501533441135816	0.001608389070835659	0.00047449036640900263	0.00013807868918860723	4.4818613234368135e-5
122.0	-15.0	-3.0	0.1993011370861807	0.3682749775037684	0.5596413972256126	0.7269562673595235	0.8432969544685537	0.9129421114185982	0.9517120461053447	0.9731828531480256	0.9844582724850677	0.14419142168344745	0.0928044494307777	0.04508861228319333	0.017134493166404238	0.005501533441135782	0.0016083890708356386	0.00047449036640899103	0.00013807868918860045	4.4818613234364306e-5
123.0	-15.0	-3.0	0.1993011370861807	0.3682749775037684	0.5596413972256126	0.7269562673595235	0.8432969544685537	0.9129421114185982	0.9517120461053445	0.9731828531480253	0.9844582724850676	0.14419142168344753	0.09280444943077777	0.045088612283193386	0.017134493166404276	0.005501533441135808	0.0016083890708356555	0.00047449036640900025	0.00013807868918860603	4.4818613234367485e-5
124.0	-15.0	-3.0	0.19930113708618089	0.3682749775037688	0.5596413972256131	0.7269562673595242	0.8432969544685545	0.9129421114185992	0.9517120461053458	0.9731828531480267	0.9844582724850688	0.14419142168344767	0.09280444943077786	0.04508861228319345	0.01713449316640432	0.00550153344113583	0.0016083890708356678	0.00047449036640900686	0.00013807868918860953	4.481861323436935e-5
125.0	-15.0	-3.0	0.18680145495208936	0.32473165028274836	0.47231490654325203	0.6087344199591314	0.7288600541720157	0.8322265860212636	0.9101211967084817	0.9566657388193681	0.9789766395670338	0.21444301788082176	0.18774269154887743	0.15305911787501836	0.11677129178062512	0.07933129511034871	0.04416412200726662	0.018217535366797398	0.005285349318509987	0.001212209654166043
126.0	-15.0	-3.0	0.16136031636790338	0.2671046538800482	0.37770341622102416	0.4827686733970585	0.5856295009098589	0.6892150373928221	0.782309116461317	0.8514217235099655	0.9015669058588651	0.30990549806201906	0.2973244185255959	0.27211943989183573	0.2366249549036622	0.19180716740861198	0.14333186011600013	0.09920048751383677	0.06604595855534821	0.04209836397265465
127.0	-15.0	-3.0	0.18680145495208936	0.32473165028274836	0.47231490654325214	0.6087344199591315	0.7288600541720159	0.8322265860212639	0.9101211967084818	0.9566657388193682	0.978976639567034	0.21444301788082182	0.18774269154887738	0.15305911787501839	0.11677129178062515	0.07933129511034871	0.0441641220072666	0.01821753536679736	0.005285349318509951	0.0012122096541660162
128.0	-15.0	-3.0	0.16136031636790332	0.2671046538800481	0.377703416221024	0.48276867339705826	0.5856295009098587	0.6892150373928217	0.7823091164613166	0.8514217235099651	0.9015669058588649	0.30990549806201906	0.2973244185255957	0.2721194398918356	0.2366249549036621	0.1918071674086119	0.14333186011600002	0.09920048751383667	0.06604595855534814	0.04209836397265461
129.0	-15.0	-3.0	0.16136031636790335	0.2671046538800482	0.37770341622102405	0.48276867339705837	0.5856295009098587	0.6892150373928219	0.7823091164613168	0.8514217235099654	0.901566905858865	0.30990549806201906	0.2973244185255958	0.2721194398918356	0.2366249549036621	0.1918071674086119	0.143331860116	0.09920048751383667	0.06604595855534813	0.04209836397265462
130.0	-15.0	-3.0	0.16136031636790332	0.2671046538800481	0.3777034162210239	0.4827686733970582	0.5856295009098584	0.6892150373928216	0.7823091164613166	0.8514217235099651	0.9015669058588649	0.30990549806201906	0.29732441852559577	0.2721194398918356	0.2366249549036621	0.19180716740861192	0.14333186011600005	0.09920048751383673	0.06604595855534817	0.042098363972654644
131.0	-15.0	-3.0	0.19990700359448682	0.3683730022999437	0.5593896520045726	0.7265570523900564	0.8428609464987354	0.9127092278642476	0.9519756570611865	0.97297295532729	0.9844328385730247	0.15437971571658154	0.0997470431103811	0.048876788117911386	0.018671907440040922	0.006002472981218606	0.0018000622226791519	0.0005120234509234437	0.00015494792452474819	4.976143199918559e-5
132.0	-15.0	-3.0	0.18680145495208933	0.3247316502827483	0.472314906543252	0.6087344199591314	0.7288600541720157	0.8322265860212636	0.9101211967084818	0.9566657388193682	0.978976639567034	0.21444301788082185	0.18774269154887746	0.1530591178750184	0.11677129178062517	0.07933129511034877	0.04416412200726665	0.01821753536679743	0.005285349318510007	0.0012122096541660554
133.0	-15.0	-3.0	0.16136031636790332	0.2671046538800481	0.377703416221024	0.4827686733970582	0.5856295009098584	0.6892150373928216	0.7823091164613165	0.851421723509965	0.9015669058588647	0.309905498062019	0.29732441852559566	0.2721194398918355	0.23662495490366206	0.19180716740861187	0.143331860116	0.09920048751383664	0.06604595855534812	0.042098363972654596
134.0	-15.0	-3.0	0.18680145495208933	0.3247316502827483	0.4723149065432519	0.6087344199591312	0.7288600541720157	0.8322265860212636	0.9101211967084817	0.9566657388193681	0.9789766395670338	0.2144430178808217	0.18774269154887738	0.15305911787501833	0.11677129178062506	0.07933129511034867	0.04416412200726659	0.01821753536679737	0.005285349318509965	0.001212209654166031
135.0	-15.0	-3.0	0.19990700359448682	0.36837300229994374	0.5593896520045727	0.7265570523900567	0.8428609464987357	0.9127092278642479	0.9519756570611868	0.9729729553272901	0.9844328385730248	0.15437971571658154	0.0997470431103811	0.04887678811791136	0.018671907440040915	0.006002472981218603	0.001800062222679149	0.000512023450923442	0.0001549479245247472	4.9761431999185095e-5
136.0	-15.0	-3.0	0.16136031636790332	0.2671046538800481	0.3777034162210239	0.48276867339705826	0.5856295009098587	0.6892150373928219	0.7823091164613168	0.8514217235099654	0.9015669058588649	0.3099054980620191	0.2973244185255959	0.2721194398918357	0.2366249549036622	0.19180716740861198	0.14333186011600013	0.0992004875138368	0.06604595855534827	0.04209836397265472
137.0	-15.0	-3.0	0.19990700359448677	0.3683730022999437	0.5593896520045726	0.7265570523900564	0.8428609464987354	0.9127092278642476	0.9519756570611865	0.97297295532729	0.9844328385730247	0.15437971571658152	0.09974704311038106	0.04887678811791135	0.018671907440040898	0.006002472981218591	0.0018000622226791443	0.0005120234509234394	0.00015494792452474613	4.976143199918445e-5
138.0	-15.0	-3.0	0.18680145495208936	0.3247316502827483	0.47231490654325203	0.6087344199591315	0.7288600541720159	0.8322265860212639	0.910121196708482	0.9566657388193684	0.9789766395670342	0.21444301788082187	0.18774269154887746	0.1530591178750184	0.11677129178062517	0.07933129511034874	0.04416412200726664	0.018217535366797384	0.00528534931850997	0.0012122096541660255
139.0	-15.0	-3.0	0.16136031636790335	0.26710465388004817	0.377703416221024	0.48276867339705826	0.5856295009098587	0.6892150373928217	0.7823091164613168	0.8514217235099654	0.9015669058588651	0.30990549806201917	0.2973244185255959	0.2721194398918356	0.23662495490366212	0.19180716740861195	0.14333186011600005	0.09920048751383671	0.06604595855534817	0.042098363972654616
140.0	-15.0	-3.0	0.18680145495208927	0.3247316502827482	0.4723149065432519	0.6087344199591312	0.7288600541720156	0.8322265860212634	0.9101211967084814	0.9566657388193678	0.9789766395670335	0.2144430178808218	0.18774269154887738	0.15305911787501836	0.11677129178062513	0.07933129511034873	0.04416412200726661	0.018217535366797388	0.005285349318509978	0.0012122096541660361
141.0	-15.0	-3.0	0.18680145495208933	0.3247316502827482	0.4723149065432518	0.6087344199591312	0.7288600541720156	0.8322265860212634	0.9101211967084814	0.9566657388193678	0.9789766395670335	0.2144430178808219	0.18774269154887757	0.15305911787501852	0.11677129178062529	0.07933129511034889	0.044164122007266784	0.018217535366797544	0.005285349318510108	0.0012122096541661222
142.0	-15.0	-3.0	0.19990700359448685	0.36837300229994374	0.5593896520045727	0.7265570523900566	0.8428609464987356	0.9127092278642477	0.9519756570611867	0.9729729553272898	0.9844328385730247	0.15437971571658154	0.09974704311038107	0.04887678811791137	0.018671907440040908	0.006002472981218599	0.0018000622226791475	0.0005120234509234409	0.00015494792452474648	4.976143199918459e-5
143.0	-15.0	-3.0	0.1613603163679034	0.2671046538800482	0.37770341622102405	0.48276867339705837	0.5856295009098587	0.6892150373928219	0.7823091164613168	0.8514217235099654	0.9015669058588651	0.3099054980620191	0.2973244185255957	0.2721194398918355	0.23662495490366203	0.1918071674086118	0.14333186011599997	0.09920048751383663	0.06604595855534807	0.04209836397265451
144.0	-15.0	-3.0	0.1868014549520894	0.32473165028274836	0.47231490654325203	0.6087344199591315	0.7288600541720159	0.8322265860212639	0.910121196708482	0.9566657388193684	0.9789766395670342	0.21444301788082187	0.1877426915488775	0.15305911787501844	0.11677129178062523	0.0793312951103488	0.04416412200726669	0.01821753536679744	0.005285349318510019	0.0012122096541660624
145.0	-15.0	-3.0	0.22454761575956736	0.4093350572680125	0.5994737385733753	0.7526963249323638	0.8560080019861447	0.9181687379271141	0.9535727829976174	0.9736347357983488	0.9842304985445938	0.08207164995443654	0.047897638268042574	0.021671477407104244	0.007955972672800302	0.002560198958539309	0.0007582649507954664	0.00022927429701373423	6.973230290847196e-5	2.2892637954764367e-5
146.0	-15.0	-3.0	0.2245476157595674	0.40933505726801256	0.5994737385733753	0.7526963249323638	0.8560080019861449	0.9181687379271142	0.9535727829976175	0.9736347357983489	0.9842304985445939	0.08207164995443661	0.04789763826804264	0.0216714774071043	0.007955972672800342	0.002560198958539334	0.000758264950795481	0.00022927429701374245	6.973230290847641e-5	2.289263795476683e-5
147.0	-15.0	-3.0	0.22454761575956736	0.4093350572680125	0.5994737385733752	0.7526963249323637	0.8560080019861446	0.918168737927114	0.9535727829976173	0.9736347357983487	0.9842304985445935	0.08207164995443655	0.047897638268042594	0.021671477407104258	0.007955972672800309	0.0025601989585393135	0.0007582649507954688	0.00022927429701373532	6.973230290847265e-5	2.2892637954764716e-5
148.0	-15.0	-3.0	0.22454761575956736	0.4093350572680125	0.5994737385733753	0.7526963249323637	0.8560080019861446	0.918168737927114	0.9535727829976173	0.9736347357983487	0.9842304985445935	0.08207164995443655	0.04789763826804261	0.021671477407104275	0.007955972672800323	0.0025601989585393218	0.0007582649507954741	0.00022927429701373862	6.973230290847433e-5	2.2892637954765627e-5
149.0	-15.0	-3.0	0.2245476157595674	0.40933505726801256	0.5994737385733754	0.752696324932364	0.8560080019861449	0.9181687379271142	0.9535727829976175	0.9736347357983489	0.9842304985445939	0.08207164995443651	0.047897638268042594	0.021671477407104255	0.007955972672800307	0.0025601989585393105	0.0007582649507954666	0.00022927429701373453	6.973230290847223e-5	2.2892637954764496e-5
150.0	-15.0	-3.0	0.22454761575956736	0.4093350572680125	0.5994737385733753	0.7526963249323638	0.8560080019861447	0.9181687379271141	0.9535727829976174	0.9736347357983488	0.9842304985445938	0.08207164995443662	0.04789763826804266	0.021671477407104324	0.00795597267280036	0.0025601989585393465	0.0007582649507954885	0.00022927429701374667	6.973230290847875e-5	2.2892637954768104e-5
151.0	-15.0	-3.0	0.22454761575956744	0.40933505726801267	0.5994737385733754	0.752696324932364	0.8560080019861449	0.9181687379271142	0.9535727829976175	0.9736347357983489	0.9842304985445939	0.08207164995443654	0.04789763826804258	0.021671477407104255	0.007955972672800307	0.002560198958539311	0.000758264950795467	0.00022927429701373445	6.973230290847212e-5	2.289263795476444e-5
152.0	-15.0	-3.0	0.22454761575956747	0.4093350572680127	0.5994737385733757	0.7526963249323644	0.8560080019861454	0.9181687379271147	0.9535727829976182	0.9736347357983496	0.9842304985445945	0.08207164995443661	0.04789763826804264	0.021671477407104296	0.007955972672800335	0.0025601989585393283	0.0007582649507954763	0.00022927429701373987	6.973230290847515e-5	2.289263795476606e-5
153.0	-15.0	-3.0	0.2244955388291411	0.4092286937717105	0.599332700471373	0.7525389327382416	0.855751030592542	0.9182578181320447	0.9536173193376459	0.9736067649341804	0.9842152515755727	0.07966675280079398	0.04689714118865085	0.021343414951374276	0.007857815611865916	0.002532616554435675	0.0007585911184943859	0.00022384408315850065	7.232141704252804e-5	2.26519350330436e-5
154.0	-15.0	-3.0	0.2244955388291411	0.4092286937717105	0.599332700471373	0.7525389327382416	0.855751030592542	0.9182578181320447	0.9536173193376459	0.9736067649341804	0.9842152515755727	0.07966675280079395	0.046897141188650834	0.02134341495137428	0.007857815611865916	0.002532616554435676	0.0007585911184943873	0.00022384408315850125	7.232141704252848e-5	2.2651935033043916e-5
155.0	-15.0	-3.0	0.2244955388291411	0.4092286937717105	0.599332700471373	0.7525389327382417	0.8557510305925421	0.9182578181320449	0.953617319337646	0.9736067649341805	0.9842152515755728	0.07966675280079386	0.046897141188650744	0.0213434149513742	0.007857815611865855	0.0025326165544356373	0.0007585911184943647	0.0002238440831584889	7.232141704252153e-5	2.265193503304001e-5
156.0	-15.0	-3.0	0.22449553882914106	0.40922869377171045	0.5993327004713729	0.7525389327382416	0.855751030592542	0.9182578181320447	0.9536173193376459	0.9736067649341804	0.9842152515755727	0.07966675280079392	0.04689714118865079	0.021343414951374252	0.007857815611865888	0.0025326165544356603	0.0007585911184943779	0.00022384408315849586	7.232141704252556e-5	2.2651935033042266e-5
157.0	-15.0	-3.0	0.22449553882914106	0.40922869377171045	0.599332700471373	0.7525389327382416	0.855751030592542	0.9182578181320447	0.9536173193376459	0.9736067649341804	0.9842152515755727	0.07966675280079387	0.046897141188650744	0.021343414951374207	0.00785781561186586	0.002532616554435641	0.0007585911184943674	0.00022384408315849003	7.232141704252225e-5	2.2651935033040382e-5
158.0	-15.0	-3.0	0.2244955388291411	0.40922869377171067	0.5993327004713731	0.7525389327382417	0.8557510305925421	0.9182578181320449	0.953617319337646	0.9736067649341805	0.9842152515755728	0.0796667528007939	0.04689714118865078	0.02134341495137423	0.00785781561186588	0.0025326165544356533	0.0007585911184943739	0.0002238440831584939	7.232141704252438e-5	2.265193503304156e-5
159.0	-15.0	-3.0	0.22449553882914114	0.4092286937717106	0.5993327004713731	0.7525389327382417	0.8557510305925421	0.9182578181320449	0.953617319337646	0.9736067649341805	0.9842152515755728	0.07966675280079392	0.046897141188650765	0.02134341495137423	0.007857815611865871	0.0025326165544356477	0.0007585911184943702	0.0002238440831584918	7.232141704252335e-5	2.2651935033041002e-5
160.0	-15.0	-3.0	0.22449553882914114	0.4092286937717106	0.5993327004713731	0.7525389327382417	0.8557510305925421	0.9182578181320449	0.953617319337646	0.9736067649341805	0.9842152515755728	0.07966675280079392	0.046897141188650786	0.021343414951374252	0.007857815611865892	0.002532616554435659	0.0007585911184943773	0.00022384408315849564	7.232141704252537e-5	2.2651935033042133e-5
161.0	-15.0	-3.0	0.2242107759828128	0.4092626115418662	0.5994374586314797	0.7525968977449463	0.8557770060717926	0.9182586870220757	0.9536163026162335	0.9736201461461025	0.9842157205857297	0.07808939974450078	0.046113829519557156	0.021015930242426664	0.007746094849122918	0.002499077486155977	0.000748512972268743	0.00022137636535556139	7.147586237715247e-5	2.232684229084092e-5
162.0	-15.0	-3.0	0.22423425121055074	0.40929016522349326	0.5994570114634783	0.7526077277740258	0.855785058011503	0.9182582828222201	0.9536149399032661	0.9736234235824893	0.984216043788447	0.07964776187755417	0.04674338061412241	0.021210303343330926	0.007797499734331151	0.00251215347531223	0.0007515183751635821	0.00022231994010223516	7.177582167066198e-5	2.2409718230633586e-5
163.0	-15.0	-3.0	0.2242342512105507	0.4092901652234931	0.5994570114634781	0.7526077277740254	0.8557850580115023	0.9182582828222193	0.9536149399032654	0.9736234235824887	0.9842160437884464	0.07964776187755418	0.04674338061412242	0.02121030334333094	0.007797499734331162	0.002512153475312238	0.0007515183751635866	0.00022231994010223752	7.177582167066331e-5	2.2409718230634308e-5
164.0	-15.0	-3.0	0.22421077607516304	0.4092626116882449	0.5994374586718112	0.752596897592321	0.8557770064557175	0.9182586868294613	0.9536163025145857	0.9736201464914308	0.9842157206067094	0.07808939953732992	0.04611382954323888	0.021015930271127116	0.007746094866367077	0.0024990774934595204	0.0007485129475927273	0.000221376373146486	7.147586470300596e-5	2.2326842231434093e-5
165.0	-15.0	-3.0	0.22421077607516313	0.40926261168824507	0.5994374586718114	0.7525968975923213	0.8557770064557179	0.9182586868294617	0.9536163025145861	0.9736201464914311	0.9842157206067097	0.07808939953732998	0.046113829543238935	0.021015930271127168	0.007746094866367104	0.0024990774934595386	0.0007485129475927376	0.00022137637314649183	7.147586470300922e-5	2.232684223143593e-5
166.0	-15.0	-3.0	0.22421077598281286	0.4092626115418663	0.5994374586314798	0.7525968977449465	0.855777006071793	0.918258687022076	0.9536163026162339	0.9736201461461028	0.98421572058573	0.07808939974450078	0.04611382951955716	0.02101593024242667	0.007746094849122924	0.0024990774861559806	0.000748512972268745	0.00022137636535556242	7.1475862377153e-5	2.2326842290841247e-5
167.0	-15.0	-3.0	0.22423425121055066	0.4092901652234931	0.5994570114634781	0.7526077277740254	0.8557850580115024	0.9182582828222194	0.9536149399032656	0.9736234235824889	0.9842160437884465	0.07964776187755412	0.04674338061412236	0.02121030334333088	0.007797499734331124	0.002512153475312212	0.0007515183751635718	0.000222319940102229	7.177582167065878e-5	2.2409718230631722e-5
168.0	-15.0	-3.0	0.22423425121055074	0.40929016522349326	0.5994570114634783	0.7526077277740256	0.8557850580115027	0.9182582828222198	0.953614939903266	0.9736234235824891	0.9842160437884468	0.07964776187755412	0.04674338061412234	0.021210303343330864	0.0077974997343311075	0.002512153475312202	0.000751518375163566	0.00022231994010222598	7.177582167065679e-5	2.240971823063068e-5
169.0	-15.0	-3.0	0.22423425121055066	0.4092901652234931	0.5994570114634781	0.7526077277740255	0.8557850580115026	0.9182582828222197	0.9536149399032657	0.973623423582489	0.9842160437884467	0.07964776187755412	0.04674338061412234	0.021210303343330874	0.007797499734331112	0.0025121534753122067	0.000751518375163568	0.0002223199401022271	7.177582167065759e-5	2.24097182306311e-5
170.0	-15.0	-3.0	0.22421077598281286	0.4092626115418664	0.5994374586314799	0.7525968977449465	0.855777006071793	0.918258687022076	0.9536163026162336	0.9736201461461028	0.98421572058573	0.07808939974450076	0.04611382951955715	0.021015930242426654	0.007746094849122909	0.002499077486155972	0.0007485129722687394	0.00022137636535555952	7.147586237715144e-5	2.2326842290840254e-5
171.0	-15.0	-3.0	0.22421077607516327	0.40926261168824524	0.5994374586718118	0.7525968975923215	0.8557770064557183	0.9182586868294621	0.9536163025145866	0.9736201464914316	0.9842157206067101	0.0780893995373299	0.04611382954323884	0.021015930271127085	0.007746094866367045	0.0024990774934594995	0.0007485129475927146	0.0002213763731464793	7.147586470300216e-5	2.232684223143196e-5
172.0	-15.0	-3.0	0.2242342512105507	0.40929016522349315	0.5994570114634782	0.7526077277740256	0.8557850580115027	0.9182582828222198	0.953614939903266	0.9736234235824891	0.9842160437884468	0.07964776187755421	0.04674338061412244	0.021210303343330947	0.007797499734331168	0.0025121534753122397	0.0007515183751635873	0.0002223199401022381	7.177582167066362e-5	2.2409718230634467e-5
173.0	-15.0	-3.0	0.22423425121055074	0.40929016522349315	0.5994570114634782	0.7526077277740255	0.8557850580115026	0.9182582828222197	0.9536149399032657	0.973623423582489	0.9842160437884467	0.07964776187755417	0.046743380614122414	0.021210303343330926	0.007797499734331153	0.0025121534753122306	0.0007515183751635826	0.0002223199401022351	7.177582167066197e-5	2.2409718230633576e-5
174.0	-15.0	-3.0	0.22421077607516327	0.40926261168824524	0.5994374586718118	0.7525968975923215	0.8557770064557183	0.9182586868294621	0.9536163025145866	0.9736201464914316	0.9842157206067101	0.07808939953732999	0.04611382954323895	0.02101593027112717	0.007746094866367113	0.002499077493459542	0.0007485129475927392	0.00022137637314649319	7.147586470300985e-5	2.2326842231436292e-5
175.0	-15.0	-3.0	0.22423425121055066	0.40929016522349315	0.5994570114634782	0.7526077277740256	0.8557850580115027	0.9182582828222199	0.953614939903266	0.9736234235824891	0.9842160437884468	0.07964776187755407	0.0467433806141223	0.021210303343330843	0.0077974997343310945	0.0025121534753121937	0.0007515183751635611	0.00022231994010222302	7.177582167065534e-5	2.240971823062979e-5
176.0	-15.0	-3.0	0.22421077598281278	0.4092626115418662	0.5994374586314798	0.7525968977449463	0.8557770060717927	0.9182586870220758	0.9536163026162335	0.9736201461461026	0.9842157205857299	0.07808939974450074	0.046113829519557135	0.021015930242426643	0.0077460948491229	0.0024990774861559668	0.0007485129722687375	0.00022137636535555824	7.147586237715072e-5	2.232684229083991e-5
177.0	-15.0	-3.0	0.25008613013283165	0.44755559469813294	0.6329621313823245	0.773172346499407	0.8655551851043692	0.9218804830530521	0.9549824922652568	0.9738307754738824	0.9839787132394042	0.013480411802904152	0.005386518316280742	0.0019377682532881507	0.0006596023484740639	0.00020780444968002143	6.538449965083623e-5	2.196678598189506e-5	6.7404439822399335e-6	2.651316371141925e-6
178.0	-15.0	-3.0	0.25007802542780894	0.44756113761181604	0.6329825059072084	0.7732051350505821	0.8655486846104143	0.9218727757176924	0.9549858926305016	0.9738275023766405	0.9839806956115215	0.013475518468213472	0.005386323822428612	0.0019383146544279075	0.0006599465771866303	0.00020748311449539605	6.540824965758415e-5	2.199357466351787e-5	6.738053448546924e-6	2.650657361727749e-6
179.0	-15.0	-3.0	0.25007802542780894	0.447561137611816	0.6329825059072082	0.7732051350505819	0.8655486846104139	0.921872775717692	0.9549858926305012	0.9738275023766401	0.9839806956115209	0.013475518468213465	0.005386323822428608	0.001938314654427904	0.0006599465771866286	0.00020748311449539502	6.540824965758361e-5	2.1993574663517582e-5	6.738053448546772e-6	2.650657361727677e-6
180.0	-15.0	-3.0	0.25007802542780894	0.447561137611816	0.6329825059072083	0.773205135050582	0.8655486846104142	0.9218727757176922	0.9549858926305015	0.9738275023766404	0.9839806956115212	0.013475518468213474	0.005386323822428611	0.0019383146544279068	0.0006599465771866303	0.00020748311449539605	6.540824965758419e-5	2.1993574663517887e-5	6.738053448546928e-6	2.6506573617277628e-6
181.0	-15.0	-3.0	0.2500861301328316	0.4475555946981328	0.6329621313823244	0.7731723464994069	0.865555185104369	0.921880483053052	0.9549824922652566	0.9738307754738822	0.983978713239404	0.013480411802904145	0.005386518316280736	0.0019377682532881475	0.0006596023484740614	0.00020780444968002024	6.538449965083564e-5	2.1966785981894714e-5	6.740443982239748e-6	2.6513163711418404e-6
182.0	-15.0	-3.0	0.25007802542780905	0.4475611376118162	0.6329825059072086	0.7732051350505824	0.8655486846104147	0.9218727757176928	0.9549858926305019	0.9738275023766408	0.9839806956115217	0.013475518468213486	0.005386323822428617	0.0019383146544279092	0.0006599465771866318	0.00020748311449539697	6.54082496575847e-5	2.1993574663518158e-5	6.738053448547088e-6	2.6506573617278454e-6
183.0	-15.0	-3.0	0.250078025427809	0.44756113761181604	0.6329825059072084	0.7732051350505821	0.8655486846104143	0.9218727757176924	0.9549858926305016	0.9738275023766405	0.9839806956115215	0.013475518468213482	0.005386323822428619	0.0019383146544279099	0.000659946577186632	0.00020748311449539716	6.540824965758479e-5	2.1993574663518222e-5	6.7380534485471244e-6	2.650657361727881e-6
184.0	-15.0	-3.0	0.2500861301328317	0.447555594698133	0.6329621313823247	0.7731723464994074	0.8655551851043695	0.9218804830530525	0.9549824922652571	0.9738307754738826	0.9839787132394044	0.013480411802904163	0.005386518316280747	0.0019377682532881538	0.0006596023484740655	0.0002078044496800225	6.53844996508368e-5	2.1966785981895422e-5	6.740443982240148e-6	2.651316371142054e-6
185.0	-15.0	-3.0	0.250078025427809	0.4475611376118161	0.6329825059072085	0.7732051350505823	0.8655486846104146	0.9218727757176924	0.9549858926305016	0.9738275023766405	0.9839806956115215	0.01347551846821347	0.005386323822428608	0.0019383146544279064	0.0006599465771866292	0.0002074831144953956	6.540824965758383e-5	2.199357466351768e-5	6.738053448546812e-6	2.650657361727674e-6
186.0	-15.0	-3.0	0.250078025427809	0.447561137611816	0.6329825059072083	0.7732051350505819	0.8655486846104139	0.921872775717692	0.9549858926305012	0.9738275023766401	0.9839806956115209	0.013475518468213467	0.005386323822428608	0.0019383146544279042	0.0006599465771866288	0.00020748311449539513	6.540824965758365e-5	2.1993574663517612e-5	6.73805344854679e-6	2.650657361727689e-6
187.0	-15.0	-3.0	0.250078025427809	0.447561137611816	0.6329825059072083	0.7732051350505819	0.8655486846104139	0.921872775717692	0.9549858926305012	0.9738275023766401	0.9839806956115209	0.013475518468213463	0.005386323822428607	0.0019383146544279042	0.0006599465771866283	0.00020748311449539505	6.540824965758362e-5	2.199357466351756e-5	6.73805344854676e-6	2.6506573617276776e-6
188.0	-15.0	-3.0	0.2500861301328316	0.44755559469813266	0.6329621313823243	0.7731723464994069	0.865555185104369	0.921880483053052	0.9549824922652566	0.9738307754738822	0.983978713239404	0.013480411802904149	0.005386518316280738	0.0019377682532881494	0.000659602348474062	0.00020780444968002083	6.538449965083582e-5	2.1966785981894863e-5	6.74044398223984e-6	2.6513163711418866e-6
189.0	-15.0	-3.0	0.25010171337102644	0.4475130764684313	0.6328289262213215	0.7728853488144144	0.8656118415546586	0.9219822983883877	0.9549430047477602	0.9738819647129479	0.9839568738693335	0.012526016736355401	0.004992234896530335	0.0017897794607188463	0.0006077745994879453	0.00019826602169383355	6.0612344406205596e-5	1.998256717995862e-5	6.379249256056764e-6	2.4584949824338935e-6
190.0	-15.0	-3.0	0.25010171337102627	0.447513076468431	0.6328289262213211	0.772885348814414	0.8656118415546582	0.9219822983883872	0.9549430047477597	0.9738819647129474	0.9839568738693331	0.012526016736355386	0.004992234896530323	0.001789779460718842	0.0006077745994879423	0.00019826602169383182	6.0612344406204614e-5	1.998256717995805e-5	6.379249256056434e-6	2.4584949824336886e-6
191.0	-15.0	-3.0	0.25010495998819143	0.4477369981184697	0.633282267268598	0.7730583627189386	0.8652584856112021	0.9217585339248676	0.9552097045483896	0.9737448413511061	0.983944201244027	0.01430394386360831	0.005714473677280286	0.0020427216583624947	0.0006791002021556268	0.0002197949659343874	7.194984778829155e-5	2.3662936321796753e-5	7.438259162001716e-6	2.8993476355072986e-6
192.0	-15.0	-3.0	0.2501049599881913	0.4477369981184695	0.6332822672685979	0.7730583627189382	0.8652584856112017	0.9217585339248671	0.9552097045483888	0.9737448413511053	0.9839442012440263	0.0143039438636083	0.005714473677280281	0.002042721658362492	0.0006791002021556257	0.00021979496593438696	7.194984778829119e-5	2.3662936321796567e-5	7.43825916200162e-6	2.899347635507254e-6
1.0	-15.0	-3.5	0.17465613892343884	0.3092558955840471	0.47070946649245204	0.6427964414283706	0.79150286921118	0.8901312682002935	0.9435804853234007	0.9702585986224883	0.9838886033011205	0.19395867237879177	0.16252690216178076	0.10991568409693336	0.05712519363658908	0.021937212529579492	0.006403759843504751	0.0016283215817904058	0.0004189117363253161	0.00011961426507135377
2.0	-15.0	-3.5	0.17483509634202984	0.3099105129308313	0.4713265647271704	0.6431847729659409	0.7916606742435018	0.8901702164252652	0.9435574979014862	0.9702550260290023	0.9838749468150858	0.2007304524880718	0.16807235343171661	0.11371067430997199	0.05929261360127544	0.02288082975622866	0.0066970421371272465	0.0017061380482998384	0.0004427140374191828	0.00012522382682215744
3.0	-15.0	-3.5	0.17483509634202996	0.30991051293083144	0.47132656472717055	0.6431847729659412	0.7916606742435022	0.8901702164252655	0.9435574979014866	0.9702550260290028	0.9838749468150862	0.20073045248807192	0.16807235343171678	0.11371067430997214	0.059292613601275565	0.022880829756228762	0.006697042137127306	0.0017061380482998696	0.0004427140374191983	0.00012522382682216522
4.0	-15.0	-3.5	0.1748350963420299	0.30991051293083144	0.47132656472717055	0.6431847729659411	0.791660674243502	0.8901702164252654	0.9435574979014865	0.9702550260290026	0.9838749468150861	0.2007304524880719	0.16807235343171673	0.11371067430997212	0.059292613601275544	0.02288082975622874	0.006697042137127292	0.0017061380482998613	0.00044271403741919326	0.00012522382682216246
5.0	-15.0	-3.5	0.17465613892343887	0.3092558955840471	0.4707094664924521	0.6427964414283707	0.79150286921118	0.8901312682002938	0.9435804853234009	0.9702585986224886	0.9838886033011209	0.19395867237879186	0.16252690216178087	0.10991568409693347	0.05712519363658919	0.02193721252957957	0.006403759843504804	0.0016283215817904312	0.0004189117363253292	0.0001196142650713603
6.0	-15.0	-3.5	0.17483509634202998	0.3099105129308315	0.47132656472717066	0.6431847729659413	0.7916606742435023	0.8901702164252656	0.9435574979014869	0.970255026029003	0.9838749468150867	0.200730452488072	0.16807235343171678	0.11371067430997224	0.05929261360127565	0.022880829756228814	0.0066970421371273445	0.0017061380482998908	0.0004427140374192095	0.00012522382682217118
7.0	-15.0	-3.5	0.17483509634202998	0.3099105129308315	0.47132656472717066	0.6431847729659415	0.7916606742435023	0.8901702164252656	0.9435574979014868	0.9702550260290029	0.9838749468150864	0.20073045248807195	0.16807235343171667	0.11371067430997206	0.05929261360127552	0.022880829756228717	0.006697042137127279	0.0017061380482998555	0.0004427140374191914	0.00012522382682216167
8.0	-15.0	-3.5	0.17465613892343884	0.3092558955840471	0.47070946649245204	0.6427964414283706	0.79150286921118	0.8901312682002938	0.9435804853234009	0.9702585986224886	0.9838886033011207	0.1939586723787918	0.16252690216178076	0.10991568409693335	0.05712519363658907	0.021937212529579468	0.0064037598435047385	0.0016283215817903967	0.00041891173632531143	0.00011961426507135119
9.0	-15.0	-3.5	0.1748350963420299	0.30991051293083133	0.47132656472717044	0.6431847729659409	0.7916606742435018	0.8901702164252652	0.9435574979014862	0.9702550260290025	0.9838749468150861	0.2007304524880719	0.16807235343171673	0.11371067430997216	0.05929261360127563	0.022880829756228797	0.00669704213712733	0.0017061380482998809	0.0004427140374192024	0.00012522382682216677
10.0	-15.0	-3.5	0.17483509634202996	0.30991051293083144	0.47132656472717055	0.6431847729659411	0.7916606742435022	0.8901702164252655	0.9435574979014868	0.9702550260290029	0.9838749468150866	0.20073045248807198	0.16807235343171678	0.11371067430997217	0.05929261360127563	0.02288082975622881	0.006697042137127339	0.0017061380482998882	0.00044271403741920763	0.0001252238268221697
11.0	-15.0	-3.5	0.17483509634202996	0.30991051293083144	0.4713265647271706	0.6431847729659411	0.7916606742435022	0.8901702164252655	0.9435574979014868	0.9702550260290029	0.9838749468150864	0.20073045248807195	0.16807235343171675	0.11371067430997216	0.059292613601275586	0.02288082975622877	0.0066970421371273115	0.0017061380482998735	0.00044271403741920064	0.00012522382682216652
12.0	-15.0	-3.5	0.17465613892343887	0.3092558955840471	0.47070946649245204	0.6427964414283706	0.7915028692111797	0.8901312682002934	0.9435804853234006	0.9702585986224882	0.9838886033011203	0.19395867237879175	0.16252690216178076	0.1099156840969333	0.05712519363658901	0.021937212529579454	0.006403759843504721	0.0016283215817903868	0.000418911736325305	0.00011961426507134778
13.0	-15.0	-3.5	0.16493945360673387	0.28717881420845826	0.42948364327306077	0.5823942899326526	0.7193304169049846	0.8170323867060403	0.8840662994998619	0.9342266360001945	0.9685186699722731	0.22582695476334064	0.20706315590332702	0.16314906565080906	0.11315932584263971	0.07522603804365098	0.050812680143655004	0.032422632369995735	0.016931201167089998	0.006166900740082231
14.0	-15.0	-3.5	0.16493945360673384	0.28717881420845826	0.42948364327306066	0.5823942899326524	0.7193304169049842	0.81703238670604	0.8840662994998616	0.9342266360001942	0.9685186699722725	0.22582695476334055	0.20706315590332697	0.16314906565080906	0.11315932584263973	0.07522603804365104	0.050812680143655066	0.032422632369995805	0.016931201167090078	0.00616690074008233
15.0	-15.0	-3.5	0.16930500394628492	0.28625294211083624	0.41081707514990834	0.5295904638019134	0.6312671379989158	0.718029167277283	0.7994498957901264	0.8767048688102795	0.9387975636062186	0.26442280722922146	0.24980344699933882	0.21546909208823078	0.17787646418205577	0.14411513357415473	0.1122920042003396	0.07941156225645672	0.046421340875846234	0.019959205852919125
16.0	-15.0	-3.5	0.1898748397843584	0.33802006649655114	0.5047481867176342	0.6702193488573855	0.8063486223795223	0.895624953828786	0.945083829680878	0.9710366639550353	0.9840340290285626	0.17682815235711916	0.1544979379192303	0.10670165646074949	0.05565471153344126	0.021651883651958363	0.006599275466129775	0.0018049475859698665	0.00048640385006214627	0.0001411745544913706
17.0	-15.0	-3.5	0.1757523118888295	0.3126399987416738	0.4776678263751046	0.6515052654909408	0.7976840499813985	0.8927877733111627	0.9443054752497996	0.9706667851850209	0.9839521588469629	0.23459405900158217	0.19499208303515858	0.12935656177624863	0.06552874129705458	0.024504171992244857	0.0071115579742153006	0.001859555699842743	0.0005053842426615833	0.0001419296531275822
18.0	-15.0	-3.5	0.16930500394628498	0.28625294211083635	0.4108170751499084	0.5295904638019135	0.6312671379989159	0.718029167277283	0.7994498957901264	0.8767048688102795	0.9387975636062186	0.26442280722922146	0.2498034469993389	0.21546909208823078	0.17787646418205566	0.14411513357415465	0.11229200420033955	0.07941156225645662	0.046421340875846165	0.01995920585291904
19.0	-15.0	-3.5	0.1649394536067338	0.2871788142084582	0.4294836432730606	0.5823942899326524	0.7193304169049842	0.8170323867060402	0.8840662994998619	0.9342266360001944	0.9685186699722728	0.2258269547633406	0.207063155903327	0.16314906565080908	0.11315932584263974	0.07522603804365108	0.050812680143655135	0.032422632369995874	0.016931201167090123	0.006166900740082363
20.0	-15.0	-3.5	0.1693050039462849	0.28625294211083613	0.4108170751499082	0.5295904638019133	0.6312671379989155	0.7180291672772826	0.7994498957901262	0.8767048688102792	0.9387975636062181	0.2644228072292213	0.24980344699933874	0.21546909208823062	0.1778764641820556	0.1441151335741546	0.11229200420033944	0.07941156225645654	0.046421340875846116	0.019959205852919014
21.0	-15.0	-3.5	0.1649394536067338	0.2871788142084582	0.4294836432730606	0.5823942899326523	0.7193304169049842	0.81703238670604	0.8840662994998616	0.9342266360001942	0.9685186699722725	0.22582695476334053	0.20706315590332694	0.16314906565080897	0.11315932584263964	0.07522603804365097	0.05081268014365504	0.03242263236999579	0.01693120116709006	0.006166900740082315
22.0	-15.0	-3.5	0.17575231188882945	0.3126399987416738	0.4776678263751045	0.6515052654909407	0.7976840499813984	0.8927877733111625	0.9443054752497995	0.9706667851850207	0.9839521588469626	0.23459405900158214	0.19499208303515866	0.1293565617762487	0.06552874129705463	0.024504171992244916	0.007111557974215333	0.0018595556998427614	0.0005053842426615919	0.00014192965312758658
23.0	-15.0	-3.5	0.18987483978435843	0.3380200664965513	0.5047481867176342	0.6702193488573855	0.8063486223795223	0.895624953828786	0.9450838296808779	0.9710366639550352	0.9840340290285624	0.17682815235711907	0.15449793791923022	0.10670165646074942	0.055654711533441203	0.021651883651958317	0.00659927546612974	0.0018049475859698452	0.00048640385006213434	0.0001411745544913639
24.0	-15.0	-3.5	0.1649394536067338	0.28717881420845814	0.4294836432730605	0.5823942899326522	0.719330416904984	0.8170323867060398	0.8840662994998615	0.9342266360001941	0.9685186699722724	0.22582695476334042	0.2070631559033268	0.1631490656508089	0.11315932584263959	0.07522603804365093	0.050812680143654955	0.03242263236999572	0.01693120116709	0.006166900740082254
25.0	-15.0	-3.5	0.1898748397843584	0.3380200664965512	0.5047481867176341	0.6702193488573854	0.8063486223795222	0.8956249538287858	0.9450838296808778	0.971036663955035	0.9840340290285623	0.17682815235711913	0.1544979379192303	0.10670165646074944	0.05565471153344124	0.021651883651958352	0.0065992754661297675	0.001804947585969861	0.0004864038500621428	0.00014117455449136866
26.0	-15.0	-3.5	0.17575231188882953	0.31263999874167386	0.4776678263751047	0.6515052654909409	0.7976840499813987	0.8927877733111628	0.9443054752497998	0.970666785185021	0.983952158846963	0.23459405900158214	0.19499208303515855	0.12935656177624863	0.06552874129705452	0.02450417199224483	0.007111557974215277	0.0018595556998427293	0.0005053842426615752	0.0001419296531275778
27.0	-15.0	-3.5	0.17575231188882956	0.312639998741674	0.47766782637510485	0.6515052654909411	0.7976840499813989	0.892787773311163	0.9443054752498	0.9706667851850214	0.9839521588469635	0.23459405900158226	0.19499208303515872	0.12935656177624877	0.06552874129705466	0.024504171992244916	0.0071115579742153275	0.0018595556998427575	0.0005053842426615908	0.00014192965312758612
28.0	-15.0	-3.5	0.1898748397843584	0.33802006649655114	0.5047481867176341	0.6702193488573854	0.8063486223795223	0.895624953828786	0.9450838296808779	0.9710366639550352	0.9840340290285624	0.17682815235711905	0.1544979379192302	0.10670165646074936	0.05565471153344114	0.021651883651958286	0.006599275466129721	0.0018049475859698329	0.0004864038500621276	0.00014117455449136007
29.0	-15.0	-3.5	0.16930500394628498	0.28625294211083624	0.41081707514990834	0.5295904638019134	0.6312671379989157	0.7180291672772828	0.7994498957901263	0.8767048688102793	0.9387975636062185	0.2644228072292214	0.24980344699933882	0.21546909208823073	0.17787646418205572	0.1441151335741547	0.11229200420033958	0.07941156225645668	0.04642134087584621	0.019959205852919118
30.0	-15.0	-3.5	0.16493945360673384	0.28717881420845826	0.42948364327306066	0.5823942899326525	0.7193304169049843	0.8170323867060402	0.8840662994998618	0.9342266360001944	0.9685186699722729	0.22582695476334064	0.20706315590332697	0.16314906565080903	0.11315932584263974	0.07522603804365102	0.05081268014365504	0.03242263236999577	0.016931201167090033	0.006166900740082262
31.0	-15.0	-3.5	0.1898748397843584	0.33802006649655114	0.5047481867176341	0.6702193488573857	0.8063486223795223	0.895624953828786	0.945083829680878	0.9710366639550353	0.9840340290285626	0.1768281523571191	0.1544979379192303	0.10670165646074951	0.05565471153344129	0.02165188365195838	0.006599275466129778	0.0018049475859698647	0.0004864038500621444	0.000141174554491369
32.0	-15.0	-3.5	0.16930500394628492	0.2862529421108362	0.41081707514990823	0.5295904638019133	0.6312671379989157	0.7180291672772828	0.7994498957901262	0.8767048688102792	0.9387975636062182	0.26442280722922146	0.24980344699933876	0.21546909208823073	0.17787646418205572	0.1441151335741547	0.11229200420033958	0.07941156225645671	0.046421340875846234	0.019959205852919097
33.0	-15.0	-3.5	0.17575231188882948	0.3126399987416738	0.4776678263751047	0.6515052654909409	0.7976840499813987	0.8927877733111628	0.9443054752497999	0.9706667851850211	0.9839521588469633	0.23459405900158223	0.1949920830351586	0.12935656177624866	0.06552874129705456	0.02450417199224486	0.007111557974215294	0.001859555699842738	0.0005053842426615806	0.00014192965312758048
34.0	-15.0	-3.5	0.1757523118888295	0.3126399987416738	0.4776678263751046	0.6515052654909408	0.7976840499813987	0.8927877733111628	0.9443054752497998	0.970666785185021	0.983952158846963	0.2345940590015822	0.19499208303515858	0.12935656177624863	0.06552874129705456	0.024504171992244847	0.007111557974215286	0.0018595556998427353	0.0005053842426615789	0.0001419296531275797
35.0	-15.0	-3.5	0.1898748397843585	0.33802006649655136	0.5047481867176343	0.6702193488573858	0.8063486223795227	0.8956249538287864	0.9450838296808783	0.9710366639550356	0.9840340290285629	0.1768281523571191	0.15449793791923025	0.10670165646074939	0.05565471153344119	0.02165188365195829	0.006599275466129723	0.0018049475859698353	0.00048640385006212827	0.00014117455449136083
36.0	-15.0	-3.5	0.16493945360673384	0.28717881420845826	0.42948364327306077	0.5823942899326526	0.7193304169049843	0.8170323867060402	0.8840662994998618	0.9342266360001944	0.9685186699722729	0.22582695476334066	0.20706315590332702	0.16314906565080903	0.11315932584263969	0.07522603804365097	0.05081268014365499	0.03242263236999575	0.016931201167090005	0.006166900740082236
37.0	-15.0	-3.5	0.16930500394628492	0.2862529421108362	0.41081707514990823	0.5295904638019133	0.6312671379989157	0.7180291672772828	0.7994498957901262	0.8767048688102792	0.9387975636062181	0.26442280722922157	0.24980344699933885	0.2154690920882307	0.1778764641820557	0.14411513357415462	0.11229200420033954	0.07941156225645665	0.0464213408758462	0.019959205852919094
38.0	-15.0	-3.5	0.18987483978435848	0.3380200664965513	0.5047481867176343	0.6702193488573858	0.8063486223795225	0.8956249538287862	0.945083829680878	0.9710366639550353	0.9840340290285626	0.17682815235711907	0.15449793791923025	0.10670165646074939	0.055654711533441176	0.021651883651958297	0.006599275466129723	0.001804947585969836	0.00048640385006212936	0.0001411745544913613
39.0	-15.0	-3.5	0.17575231188882948	0.3126399987416738	0.4776678263751046	0.6515052654909408	0.7976840499813987	0.8927877733111628	0.9443054752497999	0.9706667851850211	0.9839521588469633	0.23459405900158223	0.19499208303515858	0.12935656177624866	0.06552874129705456	0.024504171992244857	0.007111557974215288	0.0018595556998427314	0.0005053842426615758	0.00014192965312757758
40.0	-15.0	-3.5	0.16930500394628506	0.2862529421108364	0.41081707514990856	0.5295904638019138	0.6312671379989162	0.7180291672772834	0.7994498957901267	0.8767048688102799	0.9387975636062192	0.2644228072292217	0.24980344699933893	0.21546909208823087	0.17787646418205583	0.14411513357415479	0.11229200420033968	0.07941156225645676	0.04642134087584627	0.01995920585291912
41.0	-15.0	-3.5	0.1757523118888295	0.3126399987416739	0.4776678263751047	0.6515052654909409	0.7976840499813987	0.8927877733111628	0.9443054752497999	0.9706667851850211	0.9839521588469632	0.23459405900158214	0.19499208303515855	0.12935656177624863	0.06552874129705455	0.024504171992244837	0.007111557974215277	0.0018595556998427267	0.0005053842426615732	0.00014192965312757647
42.0	-15.0	-3.5	0.1693050039462849	0.28625294211083613	0.4108170751499082	0.5295904638019133	0.6312671379989155	0.7180291672772828	0.7994498957901262	0.8767048688102792	0.9387975636062181	0.26442280722922135	0.24980344699933868	0.21546909208823065	0.1778764641820556	0.14411513357415454	0.11229200420033945	0.07941156225645658	0.04642134087584616	0.01995920585291906
43.0	-15.0	-3.5	0.1898748397843584	0.3380200664965512	0.5047481867176341	0.6702193488573854	0.8063486223795223	0.895624953828786	0.945083829680878	0.9710366639550353	0.9840340290285626	0.1768281523571191	0.15449793791923028	0.10670165646074944	0.055654711533441224	0.02165188365195834	0.0065992754661297545	0.001804947585969855	0.0004864038500621393	0.00014117455449136687
44.0	-15.0	-3.5	0.16493945360673384	0.28717881420845826	0.42948364327306077	0.5823942899326527	0.7193304169049846	0.8170323867060405	0.8840662994998622	0.9342266360001947	0.9685186699722732	0.22582695476334058	0.20706315590332697	0.16314906565080897	0.11315932584263967	0.07522603804365098	0.05081268014365501	0.03242263236999574	0.016931201167090012	0.006166900740082259
45.0	-15.0	-3.5	0.16565436360977126	0.28766735182893166	0.42946976851668545	0.5819611732413582	0.718765027104894	0.8165365301426569	0.8837291907629451	0.9340560639886587	0.9684525098543868	0.23370534771295828	0.21371023620581234	0.16813923848835116	0.11632565586005712	0.07685179006007029	0.05158128246049885	0.03277927169162154	0.01707425756423184	0.006210163677104178
46.0	-15.0	-3.5	0.16565436360977126	0.28766735182893155	0.42946976851668545	0.581961173241358	0.7187650271048938	0.8165365301426568	0.883729190762945	0.9340560639886585	0.9684525098543867	0.23370534771295826	0.2137102362058123	0.16813923848835116	0.11632565586005714	0.07685179006007031	0.05158128246049886	0.03277927169162155	0.017074257564231844	0.006210163677104194
47.0	-15.0	-3.5	0.16982104439198817	0.28610903578430236	0.4099373637374112	0.5282049988013776	0.6299490022861267	0.7169535227094963	0.7986335655392909	0.8762867198459148	0.9386144625024941	0.2668510219932398	0.2516313877269236	0.2172069322150838	0.17921509350011466	0.14499189033020338	0.11289089720070847	0.07981591438361388	0.04664329168804328	0.020042286813348284
48.0	-15.0	-3.5	0.18994124495111359	0.3380530383634104	0.5047261074427121	0.6701909426143824	0.8063220656975669	0.8956027191527308	0.9450823588794416	0.9710294926552713	0.9840382423303761	0.17799431032661467	0.1551975671718936	0.1070415670464272	0.05579988897454523	0.021705557604925756	0.006617365628939436	0.0018112118110209063	0.00048349750525576826	0.00014147816814987898
49.0	-15.0	-3.5	0.1698210443919881	0.28610903578430225	0.40993736373741096	0.5282049988013774	0.6299490022861264	0.7169535227094959	0.7986335655392903	0.8762867198459143	0.9386144625024935	0.26685102199323973	0.2516313877269235	0.2172069322150836	0.17921509350011444	0.14499189033020315	0.11289089720070825	0.07981591438361366	0.04664329168804312	0.020042286813348173
50.0	-15.0	-3.5	0.1656543636097712	0.2876673518289316	0.42946976851668534	0.581961173241358	0.7187650271048938	0.8165365301426568	0.883729190762945	0.9340560639886585	0.9684525098543866	0.23370534771295826	0.21371023620581242	0.16813923848835116	0.11632565586005719	0.07685179006007035	0.051581282460498916	0.0327792716916216	0.017074257564231893	0.006210163677104248
51.0	-15.0	-3.5	0.1698210443919881	0.28610903578430225	0.409937363737411	0.5282049988013774	0.6299490022861264	0.716953522709496	0.7986335655392905	0.8762867198459144	0.9386144625024938	0.2668510219932398	0.25163138772692356	0.2172069322150837	0.17921509350011455	0.14499189033020327	0.11289089720070837	0.07981591438361378	0.04664329168804321	0.020042286813348242
52.0	-15.0	-3.5	0.1656543636097713	0.28766735182893166	0.4294697685166855	0.5819611732413582	0.7187650271048941	0.8165365301426573	0.8837291907629455	0.9340560639886591	0.9684525098543871	0.23370534771295837	0.2137102362058125	0.16813923848835133	0.11632565586005733	0.07685179006007052	0.05158128246049907	0.03277927169162172	0.01707425756423199	0.0062101636771043425
53.0	-15.0	-3.5	0.18994124495111356	0.33805303836341033	0.5047261074427121	0.6701909426143822	0.8063220656975668	0.8956027191527307	0.9450823588794414	0.9710294926552709	0.984038242330376	0.1779943103266146	0.15519756717189354	0.10704156704642712	0.055799888974545186	0.021705557604925714	0.006617365628939408	0.001811211811020889	0.00048349750525575834	0.00014147816814987364
54.0	-15.0	-3.5	0.1698210443919881	0.28610903578430225	0.409937363737411	0.5282049988013774	0.6299490022861264	0.716953522709496	0.7986335655392905	0.8762867198459144	0.9386144625024938	0.26685102199323973	0.2516313877269236	0.21720693221508378	0.17921509350011466	0.14499189033020338	0.11289089720070848	0.0798159143836139	0.04664329168804329	0.02004228681334831
55.0	-15.0	-3.5	0.16565436360977118	0.2876673518289315	0.4294697685166853	0.5819611732413579	0.7187650271048937	0.8165365301426568	0.883729190762945	0.9340560639886585	0.9684525098543866	0.23370534771295826	0.21371023620581237	0.1681392384883511	0.11632565586005711	0.0768517900600703	0.05158128246049887	0.032779271691621564	0.017074257564231872	0.006210163677104236
56.0	-15.0	-3.5	0.1899412449511136	0.33805303836341044	0.5047261074427122	0.6701909426143824	0.8063220656975669	0.895602719152731	0.9450823588794416	0.9710294926552713	0.9840382423303761	0.17799431032661478	0.1551975671718936	0.10704156704642714	0.055799888974545214	0.021705557604925728	0.0066173656289394275	0.0018112118110209029	0.0004834975052557673	0.0001414781681498789
57.0	-15.0	-3.5	0.18994124495111359	0.3380530383634104	0.5047261074427121	0.6701909426143822	0.8063220656975668	0.8956027191527308	0.9450823588794414	0.9710294926552712	0.984038242330376	0.17799431032661464	0.1551975671718935	0.1070415670464271	0.05579988897454516	0.0217055576049257	0.006617365628939406	0.0018112118110208885	0.00048349750525575845	0.00014147816814987375
58.0	-15.0	-3.5	0.16565436360977118	0.28766735182893155	0.42946976851668534	0.5819611732413579	0.7187650271048937	0.8165365301426566	0.8837291907629448	0.9340560639886584	0.9684525098543864	0.23370534771295828	0.21371023620581237	0.16813923848835122	0.11632565586005722	0.0768517900600704	0.051581282460498944	0.032779271691621634	0.017074257564231914	0.006210163677104252
59.0	-15.0	-3.5	0.18994124495111356	0.33805303836341033	0.504726107442712	0.6701909426143822	0.8063220656975667	0.8956027191527305	0.9450823588794411	0.9710294926552708	0.9840382423303758	0.1779943103266147	0.1551975671718935	0.10704156704642709	0.05579988897454516	0.0217055576049257	0.006617365628939406	0.0018112118110208885	0.00048349750525575926	0.00014147816814987434
60.0	-15.0	-3.5	0.16982104439198809	0.28610903578430225	0.409937363737411	0.5282049988013774	0.6299490022861265	0.716953522709496	0.7986335655392907	0.8762867198459146	0.9386144625024939	0.2668510219932397	0.25163138772692345	0.21720693221508358	0.17921509350011444	0.14499189033020318	0.11289089720070829	0.07981591438361373	0.04664329168804317	0.020042286813348232
61.0	-15.0	-3.5	0.16982104439198814	0.28610903578430225	0.40993736373741113	0.5282049988013775	0.6299490022861265	0.7169535227094961	0.7986335655392905	0.8762867198459144	0.9386144625024938	0.2668510219932397	0.2516313877269236	0.21720693221508375	0.17921509350011464	0.14499189033020338	0.11289089720070841	0.07981591438361384	0.04664329168804325	0.020042286813348246
62.0	-15.0	-3.5	0.1899412449511135	0.3380530383634103	0.504726107442712	0.6701909426143822	0.8063220656975667	0.8956027191527305	0.9450823588794411	0.9710294926552709	0.9840382423303758	0.17799431032661467	0.1551975671718935	0.1070415670464271	0.055799888974545166	0.021705557604925714	0.006617365628939412	0.0018112118110208922	0.0004834975052557609	0.00014147816814987508
63.0	-15.0	-3.5	0.16565436360977118	0.2876673518289315	0.4294697685166853	0.5819611732413579	0.7187650271048937	0.8165365301426566	0.8837291907629448	0.9340560639886584	0.9684525098543864	0.23370534771295823	0.21371023620581225	0.16813923848835113	0.11632565586005712	0.07685179006007029	0.05158128246049887	0.03277927169162156	0.01707425756423186	0.006210163677104218
64.0	-15.0	-3.5	0.18994124495111359	0.3380530383634104	0.5047261074427121	0.6701909426143823	0.8063220656975668	0.8956027191527308	0.9450823588794414	0.9710294926552712	0.984038242330376	0.1779943103266147	0.1551975671718936	0.1070415670464272	0.05579988897454523	0.021705557604925752	0.006617365628939435	0.001811211811020905	0.000483497505255767	0.00014147816814987827
65.0	-15.0	-3.5	0.18994124495111367	0.33805303836341044	0.5047261074427123	0.6701909426143826	0.8063220656975671	0.8956027191527312	0.9450823588794418	0.9710294926552714	0.9840382423303763	0.17799431032661478	0.15519756717189365	0.10704156704642724	0.05579988897454528	0.021705557604925783	0.006617365628939457	0.001811211811020919	0.000483497505255775	0.00014147816814988258
66.0	-15.0	-3.5	0.16565436360977126	0.28766735182893166	0.42946976851668545	0.581961173241358	0.718765027104894	0.816536530142657	0.8837291907629452	0.9340560639886588	0.9684525098543868	0.2337053477129584	0.21371023620581245	0.16813923848835127	0.11632565586005726	0.0768517900600704	0.05158128246049892	0.032779271691621585	0.01707425756423188	0.0062101636771042254
67.0	-15.0	-3.5	0.1698210443919881	0.28610903578430225	0.409937363737411	0.5282049988013775	0.6299490022861265	0.716953522709496	0.7986335655392907	0.8762867198459146	0.9386144625024939	0.26685102199323973	0.2516313877269236	0.2172069322150837	0.17921509350011458	0.14499189033020327	0.11289089720070837	0.07981591438361381	0.046643291688043216	0.02004228681334822
68.0	-15.0	-3.5	0.1698210443919881	0.28610903578430225	0.40993736373741113	0.5282049988013776	0.6299490022861266	0.7169535227094963	0.7986335655392909	0.8762867198459148	0.9386144625024941	0.2668510219932397	0.25163138772692356	0.21720693221508372	0.17921509350011453	0.1449918903302033	0.11289089720070837	0.07981591438361382	0.04664329168804325	0.02004228681334828
69.0	-15.0	-3.5	0.17494750418988034	0.3105085642350656	0.4719725446036389	0.6436454035873281	0.7918950162451434	0.8902582612993427	0.9435933650393131	0.9702629606632669	0.9838801478783445	0.20514033986224273	0.1723080182918202	0.11686200639770518	0.06117164846900267	0.023718587815926014	0.006968756553730581	0.0017777367400638104	0.00046032673560988957	0.00013029220442236224
70.0	-15.0	-3.5	0.17494750418988025	0.31050856423506557	0.47197254460363885	0.643645403587328	0.791895016245143	0.8902582612993424	0.9435933650393127	0.9702629606632664	0.9838801478783441	0.20514033986224264	0.1723080182918201	0.1168620063977051	0.061171648469002596	0.023718587815925965	0.0069687565537305506	0.0017777367400637926	0.0004603267356098814	0.000130292204422358
71.0	-15.0	-3.5	0.17494750418988045	0.3105085642350658	0.4719725446036392	0.6436454035873285	0.7918950162451437	0.8902582612993432	0.9435933650393136	0.9702629606632674	0.9838801478783451	0.20514033986224264	0.17230801829182008	0.11686200639770498	0.061171648469002485	0.023718587815925868	0.006968756553730497	0.001777736740063768	0.0004603267356098697	0.0001302922044223526
72.0	-15.0	-3.5	0.17494750418988034	0.3105085642350656	0.4719725446036389	0.643645403587328	0.7918950162451432	0.8902582612993426	0.9435933650393127	0.9702629606632667	0.9838801478783443	0.20514033986224262	0.17230801829182008	0.116862006397705	0.061171648469002526	0.023718587815925903	0.006968756553730515	0.001777736740063776	0.00046032673560987276	0.00013029220442235378
73.0	-15.0	-3.5	0.2059794156814874	0.3732538740097672	0.554842657555581	0.7172916272628014	0.8363190823724408	0.9096885420215377	0.9508994729901412	0.972714565357547	0.9844760471260521	0.1221847582955611	0.0903635517603126	0.05359145385657624	0.02457225569310126	0.00867731416484595	0.0025557840024205457	0.0007079819415963856	0.00018993859815290816	5.866520044836732e-5
74.0	-15.0	-3.5	0.20601500629941846	0.3733257308342347	0.5549139493783369	0.7173290042523789	0.8363356962751258	0.9096865051781676	0.9508643934311041	0.972723398666158	0.9844835738378974	0.12469636562245666	0.0916417831323447	0.05407255148041425	0.024710662731245066	0.008709279821826019	0.0025626152695075507	0.0007102590388684143	0.00019002889880797538	5.885535438626792e-5
75.0	-15.0	-3.5	0.20601500629941846	0.37332573083423465	0.5549139493783369	0.7173290042523787	0.8363356962751256	0.9096865051781673	0.950864393431104	0.9727233986661579	0.9844835738378972	0.12469636562245663	0.09164178313234472	0.054072551480414247	0.024710662731245045	0.008709279821826012	0.0025626152695075455	0.0007102590388684119	0.0001900288988079737	5.8855354386267156e-5
76.0	-15.0	-3.5	0.20597941568148737	0.3732538740097672	0.5548426575555809	0.7172916272628013	0.8363190823724405	0.9096885420215374	0.9508994729901409	0.9727145653575467	0.9844760471260517	0.12218475829556102	0.09036355176031254	0.05359145385657616	0.024572255693101203	0.008677314164845904	0.0025557840024205175	0.0007079819415963691	0.00018993859815289875	5.866520044836226e-5
77.0	-15.0	-3.5	0.20597941568148737	0.3732538740097672	0.5548426575555812	0.7172916272628014	0.8363190823724408	0.9096885420215377	0.9508994729901414	0.9727145653575472	0.9844760471260522	0.12218475829556118	0.09036355176031272	0.05359145385657631	0.02457225569310135	0.00867731416484601	0.002555784002420586	0.0007079819415964095	0.00018993859815292106	5.866520044837435e-5
78.0	-15.0	-3.5	0.20601500629941846	0.3733257308342347	0.5549139493783369	0.717329004252379	0.8363356962751259	0.909686505178168	0.9508643934311044	0.9727233986661583	0.9844835738378978	0.1246963656224567	0.09164178313234476	0.05407255148041431	0.02471066273124513	0.008709279821826068	0.0025626152695075836	0.0007102590388684332	0.00019002889880798566	5.885535438627349e-5
79.0	-15.0	-3.5	0.20601500629941844	0.3733257308342347	0.5549139493783369	0.7173290042523787	0.8363356962751256	0.9096865051781673	0.950864393431104	0.9727233986661579	0.9844835738378972	0.1246963656224565	0.09164178313234457	0.05407255148041414	0.024710662731244955	0.008709279821825937	0.0025626152695075	0.0007102590388683864	0.00019002889880795977	5.885535438625969e-5
80.0	-15.0	-3.5	0.2059794156814874	0.3732538740097672	0.5548426575555809	0.7172916272628013	0.8363190823724405	0.9096885420215374	0.9508994729901411	0.9727145653575469	0.9844760471260519	0.1221847582955611	0.09036355176031263	0.053591453856576265	0.024572255693101296	0.008677314164845976	0.0025557840024205626	0.0007079819415963958	0.00018993859815291358	5.866520044837028e-5
81.0	-15.0	-3.5	0.2059794156814873	0.3732538740097671	0.5548426575555809	0.7172916272628013	0.8363190823724405	0.9096885420215374	0.9508994729901411	0.9727145653575469	0.9844760471260519	0.12218475829556115	0.0903635517603127	0.053591453856576335	0.024572255693101355	0.008677314164846026	0.0025557840024205926	0.0007079819415964131	0.00018993859815292293	5.866520044837542e-5
82.0	-15.0	-3.5	0.20601500629941846	0.3733257308342347	0.5549139493783369	0.717329004252379	0.8363356962751259	0.9096865051781678	0.9508643934311044	0.9727233986661583	0.9844835738378978	0.1246963656224566	0.09164178313234468	0.05407255148041422	0.02471066273124504	0.008709279821825996	0.002562615269507538	0.000710259038868408	0.00019002889880797156	5.8855354386265984e-5
83.0	-15.0	-3.5	0.20597941568148737	0.3732538740097671	0.554842657555581	0.7172916272628013	0.8363190823724405	0.9096885420215374	0.9508994729901411	0.9727145653575469	0.9844760471260519	0.12218475829556119	0.09036355176031269	0.053591453856576314	0.024572255693101345	0.008677314164846012	0.0025557840024205843	0.0007079819415964085	0.00018993859815292038	5.86652004483741e-5
84.0	-15.0	-3.5	0.20601500629941855	0.37332573083423487	0.5549139493783373	0.7173290042523791	0.8363356962751263	0.9096865051781683	0.9508643934311047	0.9727233986661586	0.984483573837898	0.1246963656224566	0.09164178313234467	0.05407255148041422	0.024710662731245045	0.008709279821825996	0.002562615269507536	0.000710259038868406	0.00019002889880797056	5.885535438626553e-5
85.0	-15.0	-3.5	0.20601500629941835	0.37332573083423465	0.5549139493783368	0.7173290042523789	0.8363356962751256	0.9096865051781675	0.950864393431104	0.9727233986661579	0.9844835738378972	0.12469636562245662	0.0916417831323447	0.05407255148041422	0.024710662731245052	0.00870927982182601	0.002562615269507545	0.0007102590388684109	0.00019002889880797357	5.885535438626707e-5
86.0	-15.0	-3.5	0.20601500629941844	0.3733257308342347	0.5549139493783369	0.7173290042523789	0.8363356962751258	0.9096865051781675	0.9508643934311041	0.972723398666158	0.9844835738378974	0.12469636562245662	0.0916417831323447	0.05407255148041421	0.024710662731245028	0.008709279821825995	0.0025626152695075325	0.0007102590388684041	0.00019002889880796975	5.885535438626495e-5
87.0	-15.0	-3.5	0.20597941568148737	0.3732538740097671	0.554842657555581	0.7172916272628013	0.8363190823724407	0.9096885420215376	0.9508994729901412	0.972714565357547	0.9844760471260521	0.12218475829556115	0.0903635517603127	0.053591453856576314	0.024572255693101345	0.008677314164846016	0.0025557840024205843	0.0007079819415964078	0.00018993859815292008	5.8665200448373776e-5
88.0	-15.0	-3.5	0.2059794156814874	0.3732538740097671	0.5548426575555809	0.7172916272628013	0.8363190823724407	0.9096885420215376	0.9508994729901412	0.972714565357547	0.9844760471260521	0.12218475829556111	0.09036355176031267	0.053591453856576245	0.0245722556931013	0.008677314164845974	0.00255578400242056	0.0007079819415963937	0.0001899385981529123	5.866520044836974e-5
89.0	-15.0	-3.5	0.1463768229219696	0.2342482964023752	0.32396117194970525	0.40787892251659424	0.48105843317937136	0.5501491630651392	0.6256986879986411	0.7087502846131418	0.7879438255136622	0.36362841736745743	0.3569217807152611	0.33253760569961727	0.3053229384096012	0.2762286303980994	0.24258234484484847	0.2027816361946497	0.15777753501267666	0.11394904742555353
90.0	-15.0	-3.5	0.1463768229219696	0.2342482964023752	0.32396117194970525	0.40787892251659424	0.48105843317937136	0.5501491630651392	0.6256986879986411	0.7087502846131418	0.7879438255136624	0.3636284173674574	0.3569217807152611	0.3325376056996172	0.3053229384096011	0.27622863039809936	0.24258234484484847	0.2027816361946497	0.1577775350126767	0.11394904742555356
91.0	-15.0	-3.5	0.16933445929586824	0.2861830965808911	0.4107176111040961	0.5295555485993246	0.631300695968423	0.7181199540403637	0.7995529726925872	0.8766863000463462	0.9388070872698081	0.2782955100299311	0.2628632328104934	0.22744960186329766	0.1888392206088581	0.15388594193853083	0.12043470869342318	0.08538004424669259	0.049974882580059776	0.021487955523496104
92.0	-15.0	-3.5	0.14637682292196955	0.23424829640237513	0.32396117194970514	0.4078789225165942	0.4810584331793712	0.550149163065139	0.6256986879986409	0.7087502846131415	0.787943825513662	0.3636284173674574	0.3569217807152611	0.332537605699617	0.305322938409601	0.27622863039809925	0.2425823448448483	0.2027816361946496	0.15777753501267652	0.11394904742555342
93.0	-15.0	-3.5	0.14637682292196955	0.23424829640237513	0.32396117194970514	0.40787892251659424	0.48105843317937136	0.5501491630651392	0.6256986879986411	0.7087502846131416	0.7879438255136622	0.36362841736745743	0.35692178071526104	0.3325376056996172	0.3053229384096011	0.2762286303980993	0.24258234484484842	0.20278163619464964	0.15777753501267663	0.11394904742555348
94.0	-15.0	-3.5	0.1693344592958683	0.2861830965808912	0.41071761110409644	0.529555548599325	0.6313006959684233	0.718119954040364	0.7995529726925875	0.8766863000463466	0.9388070872698087	0.27829551002993125	0.2628632328104935	0.22744960186329777	0.18883922060885816	0.15388594193853092	0.12043470869342321	0.0853800442466926	0.04997488258005982	0.02148795552349612
95.0	-15.0	-3.5	0.1463768229219696	0.2342482964023752	0.3239611719497053	0.4078789225165944	0.4810584331793715	0.5501491630651394	0.6256986879986413	0.7087502846131419	0.7879438255136624	0.36362841736745766	0.35692178071526126	0.3325376056996173	0.3053229384096012	0.2762286303980995	0.2425823448448485	0.2027816361946497	0.15777753501267666	0.11394904742555349
96.0	-15.0	-3.5	0.1693344592958683	0.28618309658089114	0.41071761110409627	0.5295555485993249	0.6313006959684231	0.7181199540403638	0.7995529726925874	0.8766863000463463	0.9388070872698083	0.27829551002993125	0.26286323281049345	0.22744960186329774	0.1888392206088582	0.15388594193853092	0.12043470869342326	0.08538004424669265	0.04997488258005981	0.02148795552349611
97.0	-15.0	-3.5	0.1693344592958682	0.286183096580891	0.4107176111040961	0.5295555485993246	0.631300695968423	0.7181199540403637	0.7995529726925872	0.8766863000463463	0.9388070872698083	0.2782955100299312	0.2628632328104935	0.22744960186329774	0.18883922060885824	0.15388594193853103	0.12043470869342335	0.08538004424669272	0.04997488258005991	0.02148795552349622
98.0	-15.0	-3.5	0.1463768229219696	0.23424829640237518	0.3239611719497052	0.40787892251659424	0.48105843317937136	0.5501491630651392	0.6256986879986411	0.7087502846131418	0.7879438255136624	0.3636284173674575	0.35692178071526104	0.3325376056996172	0.3053229384096012	0.27622863039809936	0.24258234484484845	0.2027816361946497	0.15777753501267666	0.11394904742555352
99.0	-15.0	-3.5	0.1463768229219696	0.23424829640237518	0.32396117194970514	0.4078789225165942	0.4810584331793712	0.5501491630651391	0.6256986879986409	0.7087502846131416	0.7879438255136622	0.3636284173674576	0.35692178071526126	0.3325376056996173	0.30532293840960134	0.2762286303980996	0.2425823448448487	0.20278163619464992	0.15777753501267688	0.11394904742555373
100.0	-15.0	-3.5	0.1693344592958683	0.28618309658089114	0.4107176111040963	0.5295555485993249	0.6313006959684232	0.7181199540403638	0.7995529726925874	0.8766863000463465	0.9388070872698085	0.2782955100299312	0.2628632328104934	0.22744960186329768	0.18883922060885813	0.15388594193853086	0.12043470869342322	0.0853800442466926	0.049974882580059804	0.02148795552349613
101.0	-15.0	-3.5	0.16933445929586824	0.28618309658089114	0.4107176111040962	0.5295555485993247	0.6313006959684231	0.7181199540403637	0.7995529726925872	0.8766863000463463	0.9388070872698083	0.2782955100299312	0.2628632328104935	0.22744960186329774	0.1888392206088582	0.15388594193853097	0.12043470869342333	0.0853800442466927	0.049974882580059894	0.021487955523496194
102.0	-15.0	-3.5	0.16933445929586827	0.28618309658089114	0.4107176111040963	0.5295555485993249	0.6313006959684232	0.7181199540403638	0.7995529726925874	0.8766863000463465	0.9388070872698085	0.2782955100299312	0.26286323281049356	0.22744960186329777	0.18883922060885822	0.15388594193853095	0.12043470869342329	0.08538004424669268	0.049974882580059866	0.021487955523496173
103.0	-15.0	-3.5	0.16933445929586827	0.28618309658089114	0.4107176111040962	0.5295555485993247	0.6313006959684231	0.7181199540403637	0.7995529726925872	0.8766863000463463	0.9388070872698083	0.27829551002993125	0.26286323281049356	0.22744960186329777	0.18883922060885824	0.15388594193853103	0.12043470869342333	0.08538004424669272	0.04997488258005991	0.021487955523496225
104.0	-15.0	-3.5	0.14637682292196955	0.2342482964023751	0.3239611719497051	0.4078789225165942	0.4810584331793712	0.550149163065139	0.6256986879986409	0.7087502846131415	0.787943825513662	0.36362841736745743	0.35692178071526093	0.3325376056996171	0.3053229384096011	0.2762286303980993	0.2425823448448484	0.20278163619464964	0.1577775350126766	0.11394904742555347
105.0	-15.0	-3.5	0.20566279190142586	0.37367309067309146	0.5554970791528198	0.7177291126586471	0.8364981801977127	0.9097731110754163	0.9509465459253497	0.9726982967163984	0.9844586713546861	0.12047902981539688	0.08911542633163513	0.0529061403619927	0.02429506089696084	0.008600871869736688	0.0025394836479017777	0.0006971816954918011	0.00019034764439993	5.832231057799563e-5
106.0	-15.0	-3.5	0.2056627919014259	0.37367309067309135	0.5554970791528197	0.7177291126586468	0.8364981801977125	0.9097731110754159	0.9509465459253491	0.972698296716398	0.9844586713546857	0.12047902981539671	0.08911542633163495	0.05290614036199248	0.024295060896960673	0.00860087186973656	0.0025394836479016936	0.0006971816954917532	0.00019034764439990388	5.832231057798154e-5
107.0	-15.0	-3.5	0.2056627919014258	0.3736730906730912	0.5554970791528195	0.7177291126586467	0.8364981801977123	0.9097731110754158	0.950946545925349	0.9726982967163977	0.9844586713546855	0.12047902981539692	0.08911542633163515	0.052906140361992676	0.02429506089696084	0.008600871869736688	0.0025394836479017777	0.0006971816954918019	0.00019034764439993058	5.832231057799588e-5
108.0	-15.0	-3.5	0.2056627919014259	0.37367309067309135	0.5554970791528197	0.717729112658647	0.8364981801977126	0.909773111075416	0.9509465459253494	0.9726982967163983	0.9844586713546859	0.12047902981539692	0.08911542633163522	0.052906140361992746	0.024295060896960898	0.008600871869736734	0.0025394836479018046	0.0006971816954918166	0.00019034764439993893	5.832231057800047e-5
109.0	-15.0	-3.5	0.20566279190142586	0.37367309067309135	0.5554970791528197	0.717729112658647	0.8364981801977125	0.9097731110754159	0.9509465459253491	0.972698296716398	0.9844586713546857	0.12047902981539682	0.08911542633163505	0.05290614036199259	0.024295060896960784	0.008600871869736645	0.00253948364790175	0.0006971816954917856	0.00019034764439992158	5.832231057799107e-5
110.0	-15.0	-3.5	0.2056627919014259	0.37367309067309146	0.5554970791528199	0.7177291126586471	0.8364981801977127	0.9097731110754163	0.9509465459253497	0.9726982967163984	0.9844586713546861	0.12047902981539692	0.08911542633163515	0.05290614036199271	0.024295060896960857	0.008600871869736699	0.002539483647901782	0.0006971816954918036	0.00019034764439993158	5.8322310577996536e-5
111.0	-15.0	-3.5	0.20566279190142586	0.3736730906730913	0.5554970791528197	0.7177291126586468	0.8364981801977125	0.9097731110754159	0.9509465459253493	0.9726982967163981	0.9844586713546858	0.12047902981539681	0.08911542633163512	0.052906140361992635	0.02429506089696082	0.008600871869736671	0.002539483647901764	0.0006971816954917936	0.00019034764439992613	5.8322310577993595e-5
112.0	-15.0	-3.5	0.20566279190142586	0.37367309067309135	0.5554970791528197	0.7177291126586468	0.8364981801977125	0.9097731110754159	0.9509465459253491	0.972698296716398	0.9844586713546857	0.12047902981539682	0.0891154263316351	0.05290614036199262	0.024295060896960794	0.008600871869736655	0.002539483647901755	0.000697181695491789	0.00019034764439992356	5.832231057799218e-5
113.0	-15.0	-3.5	0.20569639846691884	0.3737364939120749	0.555576737773433	0.717763031817221	0.8365109479297853	0.9097398694269595	0.9508855532540058	0.9727258882748158	0.9844827476122003	0.1215176605536883	0.08976286269439054	0.05314104773197577	0.02434440594949655	0.008600893929545817	0.0025358148852109587	0.0007034523173380323	0.0001884827803361161	5.827494609350262e-5
114.0	-15.0	-3.5	0.20569639846691873	0.37373649391207475	0.5555767377734329	0.7177630318172209	0.8365109479297851	0.9097398694269594	0.9508855532540056	0.9727258882748157	0.9844827476122001	0.12151766055368829	0.08976286269439053	0.05314104773197577	0.024344405949496564	0.008600893929545828	0.002535814885210968	0.000703452317338038	0.00018848278033611974	5.8274946093504474e-5
115.0	-15.0	-3.5	0.20569639846691867	0.37373649391207475	0.5555767377734329	0.7177630318172208	0.836510947929785	0.9097398694269593	0.9508855532540055	0.9727258882748155	0.9844827476122	0.12151766055368825	0.0897628626943905	0.053141047731975734	0.02434440594949654	0.008600893929545812	0.002535814885210952	0.0007034523173380281	0.00018848278033611437	5.827494609350159e-5
116.0	-15.0	-3.5	0.20569639846691884	0.3737364939120751	0.5555767377734332	0.7177630318172213	0.8365109479297854	0.9097398694269597	0.9508855532540059	0.972725888274816	0.9844827476122004	0.12151766055368832	0.08976286269439056	0.05314104773197577	0.024344405949496568	0.008600893929545831	0.002535814885210965	0.0007034523173380354	0.00018848278033611795	5.8274946093503655e-5
117.0	-15.0	-3.5	0.20569639846691887	0.373736493912075	0.5555767377734332	0.7177630318172216	0.8365109479297858	0.9097398694269601	0.9508855532540063	0.9727258882748163	0.9844827476122008	0.12151766055368828	0.08976286269439054	0.05314104773197578	0.024344405949496568	0.008600893929545822	0.002535814885210962	0.0007034523173380346	0.00018848278033611754	5.827494609350341e-5
118.0	-15.0	-3.5	0.20569639846691876	0.3737364939120749	0.5555767377734331	0.7177630318172212	0.8365109479297853	0.9097398694269595	0.9508855532540058	0.9727258882748158	0.9844827476122003	0.12151766055368829	0.08976286269439052	0.05314104773197573	0.02434440594949653	0.008600893929545791	0.002535814885210942	0.0007034523173380237	0.00018848278033611172	5.827494609350018e-5
119.0	-15.0	-3.5	0.20569639846691892	0.3737364939120751	0.5555767377734332	0.7177630318172213	0.8365109479297856	0.9097398694269598	0.9508855532540061	0.9727258882748161	0.9844827476122007	0.12151766055368828	0.08976286269439052	0.05314104773197572	0.024344405949496533	0.008600893929545803	0.002535814885210946	0.0007034523173380256	0.00018848278033611256	5.827494609350073e-5
120.0	-15.0	-3.5	0.20569639846691873	0.3737364939120748	0.5555767377734329	0.7177630318172209	0.836510947929785	0.9097398694269593	0.9508855532540055	0.9727258882748155	0.9844827476122	0.1215176605536883	0.08976286269439053	0.05314104773197579	0.024344405949496585	0.008600893929545845	0.0025358148852109783	0.0007034523173380437	0.0001884827803361227	5.8274946093506094e-5
121.0	-15.0	-3.5	0.17543692256317722	0.312767292162909	0.47795660380926624	0.6517350219393127	0.7978400696970166	0.892886333550656	0.9443664386732331	0.9706130718072482	0.9839511648822175	0.22749819360529194	0.18907193441387285	0.12510463916749756	0.06314886475696525	0.02354565568637047	0.006821561635279478	0.001777595825101591	0.0004824544851778176	0.0001361268886544582
122.0	-15.0	-3.5	0.17543692256317722	0.312767292162909	0.47795660380926636	0.6517350219393125	0.7978400696970165	0.8928863335506559	0.9443664386732329	0.9706130718072481	0.9839511648822173	0.22749819360529194	0.1890719344138728	0.12510463916749753	0.06314886475696521	0.023545655686370445	0.006821561635279462	0.0017775958251015833	0.0004824544851778122	0.00013612688865445542
123.0	-15.0	-3.5	0.17543692256317717	0.31276729216290894	0.4779566038092662	0.6517350219393125	0.7978400696970165	0.8928863335506559	0.9443664386732329	0.9706130718072481	0.9839511648822173	0.22749819360529192	0.18907193441387285	0.12510463916749753	0.06314886475696527	0.023545655686370473	0.006821561635279484	0.0017775958251015935	0.0004824544851778182	0.0001361268886544585
124.0	-15.0	-3.5	0.17543692256317714	0.3127672921629088	0.47795660380926613	0.6517350219393124	0.7978400696970163	0.8928863335506557	0.9443664386732328	0.970613071807248	0.9839511648822171	0.22749819360529183	0.18907193441387274	0.12510463916749748	0.0631488647569652	0.023545655686370435	0.006821561635279459	0.0017775958251015785	0.00048245448517781036	0.0001361268886544542
125.0	-15.0	-3.5	0.16995678708131828	0.2860948325108984	0.40981354656969826	0.5280917550193408	0.6299047868534372	0.7170354329616969	0.7987810247694821	0.8762353310011942	0.938626312390294	0.2826091933597325	0.26573110537976574	0.22975889374637537	0.19051290403223858	0.15496953177399406	0.12115259172879916	0.08583823682519377	0.05022353585776843	0.02158061455867709
126.0	-15.0	-3.5	0.14681488389538774	0.23380845897155966	0.3227718214722972	0.4065550620590976	0.48028139857619034	0.5498700940213425	0.6256016801368454	0.7086006876264443	0.7878590276904869	0.3765830749760376	0.3697652363761895	0.3449266987112244	0.3166428655495437	0.2862392827163248	0.25119693170294444	0.2096447688471331	0.1626061510248868	0.11682010285521996
127.0	-15.0	-3.5	0.16995678708131828	0.2860948325108984	0.40981354656969826	0.5280917550193408	0.6299047868534372	0.7170354329616968	0.798781024769482	0.8762353310011941	0.9386263123902939	0.2826091933597324	0.2657311053797657	0.22975889374637534	0.19051290403223858	0.15496953177399406	0.1211525917287992	0.08583823682519381	0.05022353585776848	0.021580614558677116
128.0	-15.0	-3.5	0.14681488389538774	0.2338084589715596	0.3227718214722971	0.4065550620590974	0.4802813985761901	0.5498700940213422	0.6256016801368451	0.7086006876264441	0.7878590276904865	0.37658307497603755	0.36976523637618935	0.3449266987112242	0.3166428655495436	0.2862392827163247	0.2511969317029444	0.209644768847133	0.16260615102488668	0.11682010285521982
129.0	-15.0	-3.5	0.14681488389538774	0.2338084589715596	0.3227718214722971	0.4065550620590973	0.48028139857619	0.5498700940213421	0.6256016801368451	0.708600687626444	0.7878590276904865	0.3765830749760376	0.36976523637618935	0.3449266987112242	0.3166428655495436	0.28623928271632476	0.25119693170294444	0.20964476884713304	0.16260615102488674	0.11682010285521993
130.0	-15.0	-3.5	0.14681488389538774	0.23380845897155966	0.3227718214722972	0.4065550620590976	0.4802813985761904	0.5498700940213426	0.6256016801368457	0.7086006876264448	0.7878590276904872	0.3765830749760377	0.3697652363761896	0.3449266987112244	0.31664286554954385	0.286239282716325	0.25119693170294455	0.20964476884713318	0.16260615102488685	0.11682010285522001
131.0	-15.0	-3.5	0.17615781332312383	0.3125763276406898	0.4773611099021976	0.6512415199034577	0.7974879108686467	0.8926460951540045	0.9442370075520321	0.9708050998023758	0.9839610885071863	0.24358848223350146	0.20211089128372733	0.1342145850746162	0.06817014274535133	0.025567193209244634	0.007440499961185504	0.0019556042900667966	0.0005304225237463708	0.0001483606223072991
132.0	-15.0	-3.5	0.1699567870813182	0.28609483251089834	0.4098135465696982	0.5280917550193407	0.629904786853437	0.7170354329616966	0.7987810247694818	0.8762353310011939	0.9386263123902937	0.2826091933597324	0.26573110537976574	0.22975889374637537	0.19051290403223853	0.15496953177399408	0.12115259172879919	0.08583823682519377	0.05022353585776845	0.021580614558677116
133.0	-15.0	-3.5	0.1468148838953877	0.23380845897155952	0.32277182147229705	0.40655506205909725	0.48028139857619	0.5498700940213421	0.6256016801368451	0.708600687626444	0.7878590276904865	0.3765830749760375	0.36976523637618913	0.3449266987112241	0.31664286554954346	0.2862392827163246	0.25119693170294427	0.2096447688471329	0.1626061510248866	0.11682010285521977
134.0	-15.0	-3.5	0.1699567870813182	0.2860948325108983	0.4098135465696982	0.5280917550193407	0.6299047868534371	0.7170354329616968	0.7987810247694821	0.8762353310011941	0.9386263123902939	0.28260919335973256	0.26573110537976574	0.22975889374637543	0.1905129040322386	0.15496953177399414	0.12115259172879927	0.08583823682519388	0.050223535857768564	0.021580614558677234
135.0	-15.0	-3.5	0.17615781332312383	0.3125763276406898	0.47736110990219766	0.6512415199034578	0.7974879108686467	0.8926460951540045	0.9442370075520321	0.9708050998023758	0.9839610885071863	0.24358848223350144	0.20211089128372733	0.1342145850746162	0.06817014274535133	0.025567193209244644	0.0074404999611855024	0.0019556042900667945	0.0005304225237463697	0.00014836062230729862
136.0	-15.0	-3.5	0.14681488389538774	0.2338084589715596	0.3227718214722972	0.40655506205909747	0.4802813985761903	0.5498700940213423	0.6256016801368454	0.7086006876264443	0.7878590276904868	0.3765830749760375	0.3697652363761893	0.34492669871122417	0.31664286554954346	0.28623928271632465	0.2511969317029443	0.2096447688471329	0.16260615102488657	0.11682010285521975
137.0	-15.0	-3.5	0.17615781332312383	0.3125763276406899	0.47736110990219777	0.6512415199034579	0.7974879108686468	0.8926460951540046	0.9442370075520323	0.970805099802376	0.9839610885071864	0.24358848223350144	0.2021108912837274	0.13421458507461623	0.06817014274535135	0.02556719320924466	0.007440499961185517	0.001955604290066803	0.0005304225237463756	0.00014836062230730196
138.0	-15.0	-3.5	0.1699567870813183	0.28609483251089846	0.40981354656969843	0.5280917550193409	0.6299047868534373	0.717035432961697	0.7987810247694824	0.8762353310011944	0.9386263123902941	0.28260919335973256	0.2657311053797659	0.22975889374637554	0.19051290403223878	0.15496953177399422	0.12115259172879934	0.08583823682519391	0.05022353585776857	0.021580614558677217
139.0	-15.0	-3.5	0.14681488389538774	0.23380845897155966	0.3227718214722972	0.40655506205909747	0.4802813985761902	0.5498700940213422	0.6256016801368453	0.7086006876264441	0.7878590276904868	0.3765830749760375	0.36976523637618924	0.34492669871122417	0.31664286554954346	0.28623928271632465	0.2511969317029443	0.20964476884713296	0.16260615102488665	0.1168201028552198
140.0	-15.0	-3.5	0.1699567870813182	0.28609483251089834	0.40981354656969826	0.5280917550193408	0.6299047868534372	0.7170354329616969	0.7987810247694823	0.8762353310011942	0.938626312390294	0.28260919335973267	0.26573110537976613	0.22975889374637568	0.1905129040322389	0.15496953177399442	0.1211525917287995	0.08583823682519408	0.050223535857768696	0.02158061455867731
141.0	-15.0	-3.5	0.16995678708131826	0.2860948325108984	0.40981354656969826	0.5280917550193408	0.6299047868534372	0.7170354329616969	0.7987810247694823	0.8762353310011942	0.938626312390294	0.28260919335973256	0.26573110537976585	0.22975889374637554	0.19051290403223875	0.1549695317739942	0.12115259172879932	0.08583823682519393	0.05022353585776857	0.021580614558677217
142.0	-15.0	-3.5	0.1761578133231238	0.3125763276406898	0.47736110990219766	0.6512415199034578	0.7974879108686467	0.8926460951540045	0.9442370075520321	0.9708050998023758	0.9839610885071863	0.24358848223350146	0.20211089128372733	0.13421458507461625	0.06817014274535137	0.025567193209244672	0.007440499961185527	0.0019556042900668105	0.0005304225237463794	0.00014836062230730405
143.0	-15.0	-3.5	0.14681488389538772	0.2338084589715596	0.3227718214722972	0.40655506205909747	0.4802813985761902	0.5498700940213422	0.6256016801368453	0.7086006876264443	0.7878590276904868	0.37658307497603755	0.3697652363761893	0.3449266987112243	0.3166428655495436	0.2862392827163247	0.2511969317029444	0.20964476884713296	0.16260615102488662	0.11682010285521978
144.0	-15.0	-3.5	0.16995678708131834	0.28609483251089846	0.40981354656969843	0.5280917550193409	0.6299047868534373	0.717035432961697	0.7987810247694824	0.8762353310011944	0.9386263123902941	0.2826091933597326	0.2657311053797659	0.2297588937463756	0.1905129040322388	0.1549695317739943	0.12115259172879941	0.08583823682519398	0.05022353585776865	0.021580614558677286
145.0	-15.0	-3.5	0.20606257558619795	0.373417621498866	0.5549600571749576	0.7173909456564577	0.8363884490899822	0.909833148393453	0.9508996414210065	0.9726799144147819	0.9844350179864989	0.1340389045716338	0.09873881399964622	0.05850293636104561	0.02685216911460167	0.00950570154067747	0.002803796889726208	0.0007585844802766722	0.0002126505611828446	6.418376136685116e-5
146.0	-15.0	-3.5	0.20606257558619798	0.37341762149886604	0.5549600571749577	0.7173909456564577	0.8363884490899823	0.9098331483934531	0.9508996414210066	0.9726799144147821	0.984435017986499	0.1340389045716339	0.09873881399964629	0.05850293636104567	0.026852169114601726	0.009505701540677508	0.0028037968897262305	0.0007585844802766854	0.00021265056118285202	6.418376136685527e-5
147.0	-15.0	-3.5	0.20606257558619798	0.373417621498866	0.5549600571749577	0.7173909456564579	0.8363884490899823	0.909833148393453	0.9508996414210065	0.9726799144147819	0.9844350179864989	0.13403890457163387	0.09873881399964621	0.05850293636104563	0.026852169114601684	0.009505701540677482	0.002803796889726212	0.0007585844802766747	0.00021265056118284587	6.418376136685199e-5
148.0	-15.0	-3.5	0.20606257558619795	0.373417621498866	0.5549600571749577	0.7173909456564577	0.8363884490899823	0.9098331483934531	0.9508996414210066	0.9726799144147821	0.984435017986499	0.1340389045716339	0.09873881399964626	0.05850293636104568	0.026852169114601726	0.00950570154067751	0.002803796889726232	0.0007585844802766862	0.0002126505611828522	6.418376136685526e-5
149.0	-15.0	-3.5	0.2060625755861979	0.3734176214988659	0.5549600571749576	0.7173909456564576	0.8363884490899822	0.9098331483934529	0.9508996414210062	0.9726799144147817	0.9844350179864987	0.13403890457163387	0.09873881399964624	0.05850293636104568	0.026852169114601726	0.009505701540677515	0.0028037968897262353	0.0007585844802766882	0.0002126505611828534	6.418376136685593e-5
150.0	-15.0	-3.5	0.2060625755861979	0.3734176214988659	0.5549600571749574	0.7173909456564576	0.836388449089982	0.9098331483934526	0.9508996414210061	0.9726799144147816	0.9844350179864986	0.13403890457163395	0.09873881399964635	0.058502936361045754	0.02685216911460179	0.009505701540677557	0.0028037968897262613	0.0007585844802767034	0.00021265056118286173	6.41837613668604e-5
151.0	-15.0	-3.5	0.20606257558619795	0.373417621498866	0.5549600571749576	0.7173909456564577	0.8363884490899823	0.9098331483934531	0.9508996414210066	0.9726799144147821	0.984435017986499	0.13403890457163395	0.09873881399964635	0.058502936361045775	0.026852169114601827	0.00950570154067758	0.0028037968897262787	0.0007585844802767133	0.0002126505611828674	6.418376136686354e-5
152.0	-15.0	-3.5	0.20606257558619798	0.37341762149886604	0.5549600571749577	0.7173909456564577	0.8363884490899823	0.909833148393453	0.9508996414210065	0.9726799144147819	0.9844350179864989	0.13403890457163387	0.09873881399964624	0.05850293636104564	0.026852169114601712	0.009505701540677494	0.002803796889726223	0.0007585844802766807	0.0002126505611828495	6.418376136685386e-5
153.0	-15.0	-3.5	0.20602305831489875	0.37334143026974165	0.5549017870831844	0.7173168996668179	0.836325006410753	0.9097230780832853	0.9509320298359717	0.9726931852992274	0.9844554795315573	0.12996952259633532	0.09681995412390106	0.05776691067926019	0.026621458898299477	0.009440047867174407	0.0027872669978764426	0.0007635258741888746	0.00020876111405057475	6.383533514510556e-5
154.0	-15.0	-3.5	0.2060230583148988	0.37334143026974187	0.5549017870831848	0.7173168996668182	0.8363250064107535	0.9097230780832859	0.9509320298359724	0.9726931852992281	0.984455479531558	0.12996952259633532	0.09681995412390104	0.057766910679260125	0.026621458898299408	0.009440047867174348	0.002787266997876403	0.0007635258741888517	0.000208761114050562	6.38353351450986e-5
155.0	-15.0	-3.5	0.20602305831489875	0.3733414302697417	0.5549017870831844	0.7173168996668178	0.836325006410753	0.9097230780832853	0.9509320298359717	0.9726931852992274	0.9844554795315573	0.12996952259633524	0.09681995412390103	0.05776691067926013	0.026621458898299435	0.009440047867174365	0.0027872669978764187	0.0007635258741888605	0.0002087611140505672	6.383533514510138e-5
156.0	-15.0	-3.5	0.2060230583148988	0.37334143026974187	0.5549017870831848	0.7173168996668182	0.8363250064107535	0.9097230780832858	0.9509320298359722	0.972693185299228	0.9844554795315578	0.12996952259633524	0.09681995412390097	0.05776691067926008	0.026621458898299373	0.009440047867174318	0.002787266997876385	0.0007635258741888412	0.00020876111405055634	6.383533514509551e-5
157.0	-15.0	-3.5	0.2060230583148988	0.37334143026974187	0.5549017870831847	0.7173168996668182	0.8363250064107535	0.9097230780832859	0.9509320298359724	0.9726931852992281	0.984455479531558	0.12996952259633532	0.09681995412390106	0.057766910679260146	0.026621458898299453	0.009440047867174384	0.00278726699787643	0.000763525874188867	0.0002087611140505706	6.383533514510323e-5
158.0	-15.0	-3.5	0.20602305831489875	0.3733414302697417	0.5549017870831846	0.7173168996668179	0.8363250064107531	0.9097230780832855	0.9509320298359719	0.9726931852992277	0.9844554795315574	0.1299695225963353	0.09681995412390106	0.05776691067926017	0.026621458898299463	0.009440047867174388	0.002787266997876431	0.0007635258741888676	0.00020876111405057098	6.38353351451035e-5
159.0	-15.0	-3.5	0.2060230583148988	0.37334143026974176	0.5549017870831847	0.7173168996668182	0.8363250064107535	0.9097230780832859	0.9509320298359722	0.972693185299228	0.9844554795315578	0.12996952259633532	0.09681995412390103	0.05776691067926013	0.02662145889829943	0.009440047867174364	0.002787266997876415	0.0007635258741888583	0.00020876111405056537	6.383533514510057e-5
160.0	-15.0	-3.5	0.20602305831489875	0.37334143026974176	0.5549017870831846	0.7173168996668181	0.8363250064107534	0.9097230780832858	0.950932029835972	0.9726931852992278	0.9844554795315577	0.1299695225963353	0.09681995412390107	0.057766910679260194	0.02662145889829949	0.009440047867174407	0.002787266997876443	0.0007635258741888749	0.00020876111405057507	6.383533514510552e-5
161.0	-15.0	-3.5	0.20571222555689148	0.3737698476991134	0.5555721296405656	0.7177629195658296	0.8365122364871567	0.90980686966251	0.9509391443572407	0.9726885063926229	0.9844478751316477	0.1271065465547629	0.09493543123813501	0.056795542852598815	0.026233186350876382	0.009324551170514785	0.0027582510985972556	0.0007520835845892682	0.00020785994193516628	6.320080989545532e-5
162.0	-15.0	-3.5	0.20576115445005705	0.3738461175731436	0.555634783548294	0.7177943446916366	0.8365241364789066	0.9098112023055354	0.9509400206505371	0.9726886800787602	0.9844477089407643	0.12968993492908726	0.0962126711589147	0.05727406676876545	0.026373212465234407	0.009358854003772238	0.002766238632843878	0.000753900741464178	0.00020837023890889921	6.33494724661187e-5
163.0	-15.0	-3.5	0.20576115445005694	0.3738461175731435	0.5556347835482937	0.7177943446916365	0.8365241364789063	0.9098112023055352	0.950940020650537	0.97268868007876	0.9844477089407642	0.12968993492908734	0.09621267115891478	0.05727406676876558	0.026373212465234507	0.009358854003772312	0.0027662386328439256	0.0007539007414642054	0.000208370238908914	6.334947246612672e-5
164.0	-15.0	-3.5	0.20571222555689156	0.37376984769911353	0.5555721296405657	0.7177629195658297	0.836512236487157	0.9098068696625102	0.950939144357241	0.9726885063926233	0.984447875131648	0.12710654655476292	0.09493543123813501	0.0567955428525988	0.02623318635087636	0.009324551170514766	0.0027582510985972412	0.0007520835845892602	0.00020785994193516178	6.320080989545282e-5
165.0	-15.0	-3.5	0.20571222555689142	0.37376984769911337	0.5555721296405655	0.7177629195658293	0.8365122364871564	0.9098068696625095	0.9509391443572403	0.9726885063926225	0.9844478751316472	0.1271065465547629	0.094935431238135	0.056795542852598836	0.026233186350876396	0.009324551170514797	0.002758251098597263	0.0007520835845892732	0.0002078599419351689	6.320080989545677e-5
166.0	-15.0	-3.5	0.20571222555689148	0.37376984769911353	0.5555721296405657	0.7177629195658296	0.8365122364871567	0.90980686966251	0.9509391443572407	0.9726885063926229	0.9844478751316477	0.12710654655476292	0.09493543123813496	0.056795542852598795	0.02623318635087635	0.009324551170514759	0.002758251098597238	0.0007520835845892581	0.0002078599419351607	6.320080989545222e-5
167.0	-15.0	-3.5	0.20576115445005697	0.3738461175731435	0.5556347835482937	0.7177943446916363	0.8365241364789062	0.9098112023055351	0.9509400206505367	0.9726886800787599	0.984447708940764	0.12968993492908726	0.09621267115891464	0.05727406676876542	0.026373212465234375	0.009358854003772208	0.0027662386328438596	0.0007539007414641679	0.00020837023890889336	6.334947246611551e-5
168.0	-15.0	-3.5	0.20576115445005694	0.3738461175731435	0.5556347835482938	0.7177943446916365	0.8365241364789063	0.9098112023055352	0.950940020650537	0.97268868007876	0.9844477089407642	0.12968993492908723	0.09621267115891467	0.057274066768765466	0.026373212465234417	0.009358854003772244	0.0027662386328438835	0.0007539007414641817	0.00020837023890890106	6.334947246611963e-5
169.0	-15.0	-3.5	0.20576115445005694	0.3738461175731435	0.5556347835482938	0.7177943446916363	0.8365241364789062	0.9098112023055351	0.9509400206505367	0.9726886800787599	0.984447708940764	0.12968993492908712	0.09621267115891452	0.0572740667687653	0.02637321246523427	0.009358854003772128	0.0027662386328438124	0.0007539007414641401	0.00020837023890887815	6.334947246610748e-5
170.0	-15.0	-3.5	0.2057122255568916	0.37376984769911364	0.5555721296405658	0.7177629195658297	0.8365122364871569	0.9098068696625101	0.9509391443572409	0.9726885063926232	0.9844478751316479	0.12710654655476286	0.09493543123813492	0.05679554285259873	0.026233186350876302	0.009324551170514716	0.00275825109859721	0.0007520835845892422	0.00020785994193515194	6.32008098954474e-5
171.0	-15.0	-3.5	0.20571222555689156	0.37376984769911353	0.5555721296405657	0.7177629195658296	0.8365122364871567	0.9098068696625098	0.9509391443572406	0.9726885063926228	0.9844478751316476	0.1271065465547629	0.09493543123813497	0.056795542852598774	0.02623318635087634	0.009324551170514747	0.002758251098597231	0.0007520835845892539	0.00020785994193515858	6.320080989545089e-5
172.0	-15.0	-3.5	0.20576115445005697	0.3738461175731436	0.5556347835482938	0.7177943446916366	0.8365241364789066	0.9098112023055354	0.9509400206505371	0.9726886800787602	0.9844477089407643	0.12968993492908723	0.09621267115891469	0.057274066768765446	0.026373212465234407	0.009358854003772229	0.0027662386328438744	0.0007539007414641759	0.00020837023890889775	6.334947246611795e-5
173.0	-15.0	-3.5	0.20576115445005688	0.37384611757314345	0.5556347835482937	0.7177943446916362	0.8365241364789061	0.9098112023055349	0.9509400206505366	0.9726886800787597	0.9844477089407638	0.1296899349290872	0.09621267115891463	0.05727406676876544	0.026373212465234386	0.00935885400377222	0.002766238632843869	0.0007539007414641731	0.00020837023890889623	6.334947246611714e-5
174.0	-15.0	-3.5	0.20571222555689142	0.37376984769911337	0.5555721296405655	0.7177629195658293	0.8365122364871564	0.9098068696625095	0.9509391443572403	0.9726885063926225	0.9844478751316472	0.1271065465547629	0.09493543123813501	0.05679554285259883	0.026233186350876375	0.009324551170514778	0.0027582510985972508	0.000752083584589266	0.00020785994193516506	6.320080989545451e-5
175.0	-15.0	-3.5	0.20576115445005697	0.3738461175731436	0.555634783548294	0.7177943446916366	0.8365241364789066	0.9098112023055354	0.9509400206505371	0.9726886800787602	0.9844477089407643	0.1296899349290873	0.09621267115891474	0.05727406676876551	0.026373212465234445	0.009358854003772258	0.002766238632843893	0.0007539007414641872	0.000208370238908904	6.334947246612125e-5
176.0	-15.0	-3.5	0.20571222555689148	0.3737698476991134	0.5555721296405657	0.7177629195658296	0.8365122364871569	0.90980686966251	0.9509391443572407	0.9726885063926229	0.9844478751316477	0.12710654655476292	0.09493543123813503	0.056795542852598836	0.026233186350876396	0.00932455117051479	0.0027582510985972564	0.0007520835845892689	0.0002078599419351667	6.320080989545539e-5
177.0	-15.0	-3.5	0.24023850289464035	0.43771817907585786	0.6262524038340644	0.7695933057121794	0.8642728730611843	0.9215502741471602	0.9551070634296506	0.9742004427361386	0.9847329253219862	0.022911671387592873	0.009184461455103187	0.0032855370089298563	0.0011087176888134244	0.0003536840934484098	0.00010907206437200538	3.632814743813035e-5	1.0807236455553945e-5	4.071701966509906e-6
178.0	-15.0	-3.5	0.24024189406010169	0.4377200303694448	0.626251778916797	0.7695852555423603	0.8642737887341003	0.9215523500021	0.9551044850346426	0.9742024264208302	0.9847322427012732	0.022902530075600315	0.009180616513448795	0.0032842813198180444	0.001108365365979394	0.00035392686265886726	0.00010905188675611287	3.6303651971072766e-5	1.0808334086293788e-5	4.072311406223116e-6
179.0	-15.0	-3.5	0.24024189406010166	0.4377200303694447	0.6262517789167967	0.7695852555423602	0.8642737887341002	0.9215523500020998	0.9551044850346424	0.9742024264208301	0.9847322427012731	0.022902530075600325	0.009180616513448796	0.003284281319818042	0.0011083653659793933	0.00035392686265886655	0.0001090518867561124	3.6303651971072535e-5	1.0808334086293666e-5	4.072311406223033e-6
180.0	-15.0	-3.5	0.24024189406010174	0.4377200303694448	0.626251778916797	0.7695852555423603	0.8642737887341003	0.9215523500021	0.9551044850346426	0.9742024264208302	0.9847322427012732	0.022902530075600325	0.009180616513448793	0.0032842813198180436	0.0011083653659793933	0.00035392686265886666	0.00010905188675611237	3.630365197107255e-5	1.0808334086293652e-5	4.072311406223011e-6
181.0	-15.0	-3.5	0.24023850289464035	0.4377181790758579	0.6262524038340647	0.7695933057121797	0.8642728730611846	0.9215502741471605	0.9551070634296509	0.9742004427361389	0.9847329253219865	0.022911671387592883	0.009184461455103184	0.003285537008929856	0.0011087176888134242	0.0003536840934484093	0.00010907206437200495	3.632814743813012e-5	1.080723645555383e-5	4.071701966509822e-6
182.0	-15.0	-3.5	0.2402418940601016	0.43772003036944457	0.6262517789167966	0.7695852555423599	0.8642737887340999	0.9215523500020995	0.9551044850346421	0.9742024264208298	0.9847322427012728	0.0229025300756003	0.00918061651344879	0.003284281319818039	0.0011083653659793916	0.00035392686265886574	0.00010905188675611204	3.630365197107225e-5	1.08083340862935e-5	4.072311406222949e-6
183.0	-15.0	-3.5	0.24024189406010166	0.4377200303694447	0.6262517789167967	0.7695852555423602	0.8642737887341002	0.9215523500020998	0.9551044850346424	0.9742024264208301	0.9847322427012731	0.02290253007560032	0.009180616513448798	0.0032842813198180444	0.0011083653659793953	0.0003539268626588677	0.00010905188675611303	3.630365197107291e-5	1.0808334086293883e-5	4.072311406223163e-6
184.0	-15.0	-3.5	0.24023850289464035	0.43771817907585775	0.6262524038340644	0.7695933057121794	0.8642728730611843	0.9215502741471602	0.9551070634296503	0.9742004427361385	0.9847329253219861	0.022911671387592866	0.009184461455103179	0.0032855370089298523	0.0011087176888134218	0.0003536840934484083	0.00010907206437200443	3.6328147438129754e-5	1.0807236455553612e-5	4.0717019665097e-6
185.0	-15.0	-3.5	0.24024189406010155	0.4377200303694444	0.6262517789167965	0.7695852555423597	0.8642737887340995	0.9215523500020992	0.9551044850346418	0.9742024264208294	0.9847322427012725	0.02290253007560029	0.009180616513448777	0.003284281319818033	0.0011083653659793877	0.0003539268626588635	0.00010905188675611061	3.630365197107152e-5	1.080833408629309e-5	4.072311406222712e-6
186.0	-15.0	-3.5	0.24024189406010169	0.43772003036944485	0.626251778916797	0.7695852555423603	0.8642737887341003	0.9215523500021	0.9551044850346426	0.9742024264208302	0.9847322427012732	0.022902530075600332	0.009180616513448798	0.003284281319818045	0.0011083653659793953	0.0003539268626588675	0.00010905188675611305	3.630365197107285e-5	1.0808334086293824e-5	4.072311406223125e-6
187.0	-15.0	-3.5	0.2402418940601016	0.4377200303694447	0.6262517789167966	0.76958525554236	0.8642737887341001	0.9215523500020997	0.9551044850346423	0.97420242642083	0.9847322427012729	0.022902530075600305	0.009180616513448779	0.0032842813198180327	0.0011083653659793883	0.00035392686265886336	0.00010905188675611066	3.630365197107154e-5	1.0808334086293071e-5	4.072311406222665e-6
188.0	-15.0	-3.5	0.24023850289464033	0.43771817907585775	0.6262524038340644	0.7695933057121794	0.8642728730611843	0.9215502741471602	0.9551070634296506	0.9742004427361386	0.9847329253219862	0.02291167138759287	0.009184461455103186	0.0032855370089298576	0.001108717688813425	0.00035368409344841025	0.00010907206437200556	3.632814743813046e-5	1.080723645555405e-5	4.071701966509978e-6
189.0	-15.0	-3.5	0.2402252644560234	0.4376605055222037	0.6261866716155688	0.7694389776237959	0.8642734568244455	0.9215954451000261	0.955085391003904	0.9742309394153552	0.9847218353800853	0.021258343250965955	0.00850642496974343	0.003039877427646474	0.0010255109072976009	0.0003334360941131664	0.00010114402256303958	3.3382235219222714e-5	1.0059377485317574e-5	3.7766454254176418e-6
190.0	-15.0	-3.5	0.2402252644560234	0.4376605055222037	0.6261866716155688	0.7694389776237959	0.8642734568244455	0.9215954451000261	0.955085391003904	0.9742309394153552	0.9847218353800853	0.02125834325096594	0.008506424969743425	0.0030398774276464667	0.0010255109072975974	0.00033343609411316436	0.00010114402256303826	3.3382235219222e-5	1.0059377485317159e-5	3.7766454254173847e-6
191.0	-15.0	-3.5	0.24022986416189407	0.43779820934298275	0.6264227572883033	0.7699793126443626	0.8642119218917625	0.921483543698205	0.955199124162668	0.9741452880998082	0.9847389538648499	0.02453748450549002	0.009861017180111816	0.0035358452436458723	0.0011938688117998691	0.0003724374936494549	0.00011786331157538071	3.9652166612717356e-5	1.1665221638568319e-5	4.471459599935118e-6
192.0	-15.0	-3.5	0.2402298641618941	0.4377982093429829	0.6264227572883037	0.7699793126443628	0.8642119218917628	0.9214835436982053	0.9551991241626683	0.9741452880998085	0.9847389538648501	0.024537484505490013	0.009861017180111816	0.003535845243645872	0.001193868811799868	0.0003724374936494544	0.00011786331157538042	3.9652166612717146e-5	1.1665221638568173e-5	4.4714595999350295e-6
1.0	-15.0	-4.0	0.15723590459472658	0.2678075162486176	0.3893687317030493	0.5252239177095475	0.6759129632837535	0.815840535443048	0.9114601664584846	0.9597513989946135	0.9807431261069831	0.2441636443422267	0.23434042198789887	0.20012477164416645	0.14485031679268834	0.08375438921781708	0.03569608965710672	0.010514720756756453	0.0023431717130542526	0.0005110139026125487
2.0	-15.0	-4.0	0.15735450643014873	0.2687490614734753	0.3905047776848414	0.5261773450191276	0.6765342216536715	0.8161340982098241	0.9116039356041692	0.959841431696281	0.9807416081832684	0.2521908668989018	0.24090959925551514	0.20535457519317749	0.14870871151316298	0.08626552889605858	0.03694771937233324	0.010929009365006143	0.0024432187686481183	0.000536078437203857
3.0	-15.0	-4.0	0.15735450643014867	0.26874906147347527	0.3905047776848413	0.5261773450191275	0.6765342216536714	0.8161340982098237	0.9116039356041691	0.9598414316962809	0.9807416081832682	0.2521908668989017	0.24090959925551514	0.20535457519317757	0.14870871151316306	0.08626552889605865	0.03694771937233329	0.010929009365006187	0.002443218768648146	0.0005360784372038721
4.0	-15.0	-4.0	0.15735450643014873	0.2687490614734753	0.3905047776848414	0.5261773450191276	0.6765342216536715	0.8161340982098239	0.9116039356041692	0.959841431696281	0.9807416081832684	0.2521908668989018	0.24090959925551508	0.20535457519317746	0.14870871151316292	0.08626552889605853	0.0369477193723332	0.010929009365006116	0.002443218768648101	0.0005360784372038486
5.0	-15.0	-4.0	0.15723590459472658	0.2678075162486175	0.38936873170304914	0.5252239177095471	0.6759129632837532	0.8158405354430475	0.911460166458484	0.9597513989946128	0.9807431261069824	0.24416364434222668	0.23434042198789884	0.20012477164416648	0.14485031679268837	0.08375438921781718	0.035696089657106786	0.010514720756756517	0.002343171713054283	0.0005110139026125611
6.0	-15.0	-4.0	0.15735450643014864	0.2687490614734752	0.3905047776848413	0.5261773450191275	0.6765342216536714	0.8161340982098237	0.9116039356041691	0.9598414316962809	0.9807416081832682	0.2521908668989017	0.24090959925551514	0.20535457519317749	0.14870871151316303	0.08626552889605862	0.03694771937233328	0.010929009365006164	0.002443218768648129	0.0005360784372038604
7.0	-15.0	-4.0	0.15735450643014867	0.2687490614734752	0.3905047776848412	0.5261773450191275	0.6765342216536713	0.8161340982098235	0.9116039356041689	0.9598414316962807	0.980741608183268	0.25219086689890174	0.24090959925551517	0.20535457519317749	0.14870871151316298	0.0862655288960586	0.03694771937233327	0.010929009365006164	0.0024432187686481313	0.0005360784372038643
8.0	-15.0	-4.0	0.15723590459472653	0.2678075162486174	0.389368731703049	0.5252239177095469	0.6759129632837529	0.8158405354430471	0.9114601664584836	0.9597513989946124	0.980743126106982	0.24416364434222662	0.23434042198789878	0.20012477164416645	0.14485031679268837	0.08375438921781717	0.03569608965710681	0.010514720756756529	0.002343171713054296	0.0005110139026125705
9.0	-15.0	-4.0	0.15735450643014867	0.26874906147347527	0.3905047776848413	0.5261773450191275	0.6765342216536714	0.8161340982098237	0.9116039356041691	0.9598414316962809	0.9807416081832682	0.25219086689890174	0.24090959925551517	0.20535457519317754	0.14870871151316298	0.08626552889605861	0.03694771937233327	0.010929009365006171	0.0024432187686481326	0.0005360784372038634
10.0	-15.0	-4.0	0.15735450643014867	0.26874906147347527	0.3905047776848414	0.5261773450191276	0.6765342216536715	0.8161340982098237	0.9116039356041691	0.9598414316962809	0.980741608183268	0.25219086689890163	0.24090959925551492	0.2053545751931773	0.14870871151316273	0.08626552889605836	0.03694771937233304	0.010929009365006001	0.0024432187686480394	0.0005360784372038191
11.0	-15.0	-4.0	0.15735450643014864	0.26874906147347527	0.3905047776848414	0.5261773450191276	0.6765342216536716	0.8161340982098239	0.9116039356041692	0.959841431696281	0.9807416081832684	0.25219086689890197	0.24090959925551528	0.2053545751931776	0.14870871151316306	0.0862655288960587	0.036947719372333335	0.010929009365006218	0.002443218768648167	0.0005360784372038849
12.0	-15.0	-4.0	0.1572359045947266	0.26780751624861754	0.3893687317030492	0.5252239177095472	0.6759129632837533	0.8158405354430475	0.911460166458484	0.9597513989946128	0.9807431261069824	0.24416364434222682	0.23434042198789895	0.20012477164416664	0.14485031679268853	0.08375438921781737	0.03569608965710694	0.01051472075675661	0.0023431717130543385	0.0005110139026125887
13.0	-15.0	-4.0	0.14482737929781664	0.24324929786634866	0.3496460199825023	0.4647389116101118	0.5936222743271539	0.7195312215487264	0.8104959096697772	0.8658044539827058	0.9078765405331817	0.2802821433540619	0.2765723278196777	0.2508145282550724	0.20514082107449327	0.15017006412022582	0.10194100215380283	0.0705076722170913	0.05140871807577645	0.03578881597026564
14.0	-15.0	-4.0	0.1448273792978166	0.24324929786634858	0.34964601998250217	0.46473891161011177	0.5936222743271539	0.7195312215487264	0.8104959096697771	0.8658044539827056	0.9078765405331816	0.28028214335406176	0.2765723278196777	0.2508145282550724	0.20514082107449336	0.15017006412022593	0.10194100215380289	0.07050767221709138	0.05140871807577651	0.035788815970265675
15.0	-15.0	-4.0	0.15624582219898828	0.25861156545167474	0.35971144494379087	0.456727478404316	0.547965242741824	0.6253945303418182	0.6889925451354446	0.7480707442309258	0.8112504467787364	0.3101686398094491	0.3119118815255543	0.290310901577875	0.2531271520484016	0.21289802297491303	0.17787953461199982	0.14833095065713467	0.12018037128179992	0.0895934816561958
16.0	-15.0	-4.0	0.16864357597406415	0.2955883133229564	0.43377926356356833	0.5762715030692069	0.7185713034005959	0.840673593172841	0.9211516517649606	0.9624433795117284	0.981545951777516	0.23267837224214122	0.2256328155420262	0.19423606633216808	0.14032573957765226	0.07997612480590863	0.03337692021260608	0.009840236979674646	0.0023188881338346277	0.0005504163051775069
17.0	-15.0	-4.0	0.15821138285411718	0.2709038301486555	0.3965912695046447	0.5382248393961142	0.6915994734088107	0.8277029403015477	0.9170043925403643	0.9614998089482583	0.9812195544037249	0.2970774833516577	0.28512832267186705	0.2413609030197121	0.17223254675670288	0.09695511456749321	0.039371797995848654	0.011062930566222413	0.0024592587266433997	0.0005733113154167177
18.0	-15.0	-4.0	0.15624582219898825	0.25861156545167474	0.3597114449437909	0.4567274784043161	0.547965242741824	0.6253945303418184	0.6889925451354446	0.748070744230926	0.8112504467787365	0.310168639809449	0.31191188152555427	0.29031090157787487	0.25312715204840147	0.21289802297491298	0.17787953461199973	0.14833095065713459	0.12018037128179984	0.08959348165619573
19.0	-15.0	-4.0	0.14482737929781658	0.24324929786634863	0.34964601998250217	0.46473891161011177	0.5936222743271538	0.7195312215487262	0.8104959096697768	0.8658044539827051	0.9078765405331811	0.28028214335406176	0.2765723278196776	0.25081452825507233	0.20514082107449322	0.15017006412022577	0.10194100215380278	0.07050767221709126	0.051408718075776405	0.03578881597026559
20.0	-15.0	-4.0	0.15624582219898828	0.2586115654516748	0.3597114449437909	0.456727478404316	0.547965242741824	0.6253945303418182	0.6889925451354446	0.7480707442309258	0.8112504467787365	0.310168639809449	0.31191188152555427	0.2903109015778748	0.25312715204840147	0.21289802297491298	0.1778795346119998	0.14833095065713464	0.12018037128179992	0.08959348165619578
21.0	-15.0	-4.0	0.1448273792978166	0.24324929786634866	0.34964601998250217	0.46473891161011177	0.5936222743271539	0.7195312215487264	0.8104959096697772	0.8658044539827058	0.9078765405331817	0.2802821433540619	0.2765723278196777	0.25081452825507244	0.20514082107449336	0.15017006412022588	0.10194100215380288	0.07050767221709137	0.05140871807577652	0.03578881597026571
22.0	-15.0	-4.0	0.15821138285411718	0.27090383014865543	0.39659126950464463	0.5382248393961142	0.6915994734088106	0.8277029403015475	0.9170043925403638	0.9614998089482578	0.9812195544037245	0.2970774833516577	0.28512832267186716	0.24136090301971225	0.172232546756703	0.0969551145674933	0.03937179799584876	0.011062930566222491	0.0024592587266434496	0.0005733113154167452
23.0	-15.0	-4.0	0.1686435759740641	0.2955883133229563	0.4337792635635682	0.5762715030692068	0.7185713034005958	0.8406735931728407	0.9211516517649605	0.9624433795117282	0.9815459517775157	0.232678372242141	0.2256328155420259	0.19423606633216775	0.140325739577652	0.07997612480590838	0.0333769202126059	0.009840236979674523	0.0023188881338345605	0.000550416305177474
24.0	-15.0	-4.0	0.14482737929781656	0.2432492978663485	0.3496460199825021	0.46473891161011166	0.5936222743271538	0.7195312215487264	0.8104959096697771	0.8658044539827056	0.9078765405331816	0.2802821433540617	0.2765723278196777	0.25081452825507233	0.2051408210744933	0.15017006412022585	0.10194100215380288	0.07050767221709134	0.0514087180757765	0.03578881597026569
25.0	-15.0	-4.0	0.16864357597406415	0.2955883133229564	0.4337792635635682	0.5762715030692068	0.7185713034005958	0.8406735931728407	0.9211516517649605	0.9624433795117282	0.9815459517775159	0.23267837224214116	0.2256328155420261	0.19423606633216794	0.14032573957765215	0.07997612480590853	0.03337692021260601	0.009840236979674595	0.0023188881338345986	0.0005504163051774911
26.0	-15.0	-4.0	0.1582113828541172	0.2709038301486555	0.3965912695046448	0.5382248393961144	0.6915994734088109	0.8277029403015482	0.9170043925403646	0.9614998089482586	0.9812195544037253	0.29707748335165785	0.2851283226718674	0.24136090301971236	0.17223254675670316	0.09695511456749345	0.03937179799584885	0.011062930566222547	0.0024592587266434765	0.0005733113154167577
27.0	-15.0	-4.0	0.15821138285411726	0.27090383014865554	0.39659126950464485	0.5382248393961144	0.6915994734088109	0.827702940301548	0.9170043925403646	0.9614998089482586	0.9812195544037253	0.29707748335165773	0.2851283226718673	0.24136090301971225	0.17223254675670308	0.09695511456749334	0.039371797995848765	0.011062930566222496	0.002459258726643453	0.000573311315416747
28.0	-15.0	-4.0	0.16864357597406415	0.29558831332295643	0.43377926356356833	0.5762715030692068	0.7185713034005958	0.8406735931728407	0.9211516517649605	0.9624433795117282	0.9815459517775159	0.2326783722421412	0.2256328155420261	0.194236066332168	0.14032573957765215	0.07997612480590853	0.033376920212606034	0.009840236979674623	0.0023188881338346264	0.0005504163051775104
29.0	-15.0	-4.0	0.15624582219898822	0.25861156545167474	0.3597114449437909	0.456727478404316	0.547965242741824	0.6253945303418182	0.6889925451354446	0.7480707442309258	0.8112504467787365	0.310168639809449	0.3119118815255542	0.2903109015778748	0.25312715204840147	0.21289802297491298	0.1778795346119997	0.14833095065713456	0.12018037128179987	0.08959348165619574
30.0	-15.0	-4.0	0.14482737929781656	0.24324929786634858	0.34964601998250217	0.46473891161011166	0.5936222743271536	0.7195312215487261	0.8104959096697768	0.8658044539827051	0.9078765405331811	0.28028214335406165	0.2765723278196776	0.2508145282550722	0.20514082107449322	0.15017006412022577	0.10194100215380279	0.07050767221709124	0.051408718075776384	0.03578881597026559
31.0	-15.0	-4.0	0.16864357597406418	0.29558831332295643	0.43377926356356833	0.5762715030692069	0.7185713034005959	0.840673593172841	0.9211516517649606	0.9624433795117284	0.981545951777516	0.23267837224214116	0.22563281554202616	0.19423606633216797	0.14032573957765218	0.07997612480590856	0.03337692021260605	0.009840236979674623	0.0023188881338346173	0.000550416305177502
32.0	-15.0	-4.0	0.1562458221989882	0.25861156545167463	0.3597114449437908	0.45672747840431593	0.5479652427418238	0.625394530341818	0.6889925451354444	0.7480707442309257	0.8112504467787361	0.31016863980944887	0.31191188152555427	0.29031090157787476	0.25312715204840136	0.21289802297491295	0.1778795346119997	0.14833095065713453	0.12018037128179986	0.0895934816561957
33.0	-15.0	-4.0	0.1582113828541172	0.2709038301486555	0.3965912695046448	0.5382248393961144	0.6915994734088109	0.827702940301548	0.9170043925403646	0.9614998089482586	0.9812195544037253	0.2970774833516578	0.28512832267186716	0.24136090301971228	0.17223254675670305	0.09695511456749335	0.03937179799584876	0.011062930566222488	0.0024592587266434483	0.0005733113154167448
34.0	-15.0	-4.0	0.15821138285411726	0.2709038301486556	0.39659126950464485	0.5382248393961145	0.691599473408811	0.827702940301548	0.9170043925403646	0.9614998089482586	0.9812195544037253	0.29707748335165785	0.28512832267186716	0.24136090301971228	0.17223254675670302	0.09695511456749333	0.03937179799584874	0.01106293056622247	0.0024592587266434327	0.0005733113154167347
35.0	-15.0	-4.0	0.16864357597406415	0.2955883133229565	0.43377926356356844	0.5762715030692072	0.718571303400596	0.8406735931728411	0.9211516517649608	0.9624433795117285	0.9815459517775161	0.23267837224214125	0.22563281554202624	0.19423606633216808	0.1403257395776523	0.07997612480590865	0.03337692021260613	0.009840236979674675	0.0023188881338346468	0.0005504163051775171
36.0	-15.0	-4.0	0.14482737929781664	0.24324929786634866	0.3496460199825023	0.4647389116101118	0.5936222743271539	0.7195312215487264	0.8104959096697772	0.8658044539827058	0.9078765405331817	0.28028214335406176	0.2765723278196777	0.25081452825507233	0.20514082107449327	0.15017006412022582	0.10194100215380282	0.0705076722170913	0.05140871807577644	0.03578881597026565
37.0	-15.0	-4.0	0.15624582219898825	0.2586115654516748	0.3597114449437909	0.4567274784043161	0.547965242741824	0.6253945303418182	0.6889925451354446	0.7480707442309258	0.8112504467787365	0.3101686398094491	0.3119118815255543	0.2903109015778749	0.2531271520484015	0.21289802297491306	0.17787953461199982	0.14833095065713467	0.12018037128179992	0.08959348165619578
38.0	-15.0	-4.0	0.1686435759740641	0.29558831332295626	0.43377926356356816	0.5762715030692066	0.7185713034005955	0.8406735931728406	0.9211516517649604	0.9624433795117281	0.9815459517775157	0.2326783722421411	0.2256328155420261	0.1942360663321679	0.1403257395776521	0.07997612480590852	0.03337692021260599	0.009840236979674587	0.0023188881338346004	0.0005504163051774939
39.0	-15.0	-4.0	0.1582113828541172	0.2709038301486555	0.3965912695046447	0.5382248393961142	0.6915994734088108	0.8277029403015479	0.9170043925403645	0.9614998089482585	0.9812195544037252	0.2970774833516577	0.28512832267186716	0.24136090301971216	0.17223254675670302	0.09695511456749331	0.039371797995848744	0.01106293056622248	0.0024592587266434396	0.0005733113154167382
40.0	-15.0	-4.0	0.15624582219898828	0.2586115654516748	0.3597114449437909	0.4567274784043161	0.547965242741824	0.6253945303418184	0.6889925451354446	0.748070744230926	0.8112504467787365	0.3101686398094489	0.3119118815255542	0.29031090157787487	0.2531271520484014	0.21289802297491295	0.17787953461199968	0.1483309506571345	0.12018037128179976	0.08959348165619564
41.0	-15.0	-4.0	0.15821138285411726	0.27090383014865554	0.39659126950464485	0.5382248393961144	0.6915994734088109	0.827702940301548	0.9170043925403646	0.9614998089482586	0.9812195544037252	0.2970774833516576	0.28512832267186705	0.24136090301971214	0.1722325467567029	0.09695511456749317	0.03937179799584864	0.011062930566222392	0.002459258726643393	0.000573311315416715
42.0	-15.0	-4.0	0.15624582219898828	0.2586115654516748	0.3597114449437909	0.456727478404316	0.547965242741824	0.6253945303418182	0.6889925451354446	0.7480707442309258	0.8112504467787364	0.31016863980944903	0.31191188152555427	0.2903109015778748	0.2531271520484014	0.2128980229749129	0.1778795346119996	0.14833095065713445	0.12018037128179973	0.0895934816561956
43.0	-15.0	-4.0	0.16864357597406415	0.2955883133229564	0.43377926356356833	0.5762715030692068	0.7185713034005958	0.8406735931728407	0.9211516517649605	0.9624433795117282	0.9815459517775159	0.23267837224214113	0.2256328155420261	0.19423606633216794	0.14032573957765218	0.07997612480590854	0.03337692021260603	0.00984023697967462	0.002318888133834618	0.0005504163051775043
44.0	-15.0	-4.0	0.14482737929781658	0.24324929786634858	0.34964601998250217	0.46473891161011177	0.5936222743271539	0.7195312215487264	0.8104959096697769	0.8658044539827053	0.9078765405331812	0.2802821433540617	0.27657232781967767	0.25081452825507233	0.20514082107449327	0.15017006412022582	0.10194100215380282	0.0705076722170913	0.05140871807577645	0.035788815970265654
45.0	-15.0	-4.0	0.1455297080202216	0.2439886828279144	0.3501262991455538	0.46490680249362054	0.5935045981700184	0.7192128327847981	0.8100854915071878	0.8654384054051455	0.9076244641885937	0.2885919717923531	0.28384660611743384	0.256968118077604	0.21023915841155794	0.15392775010251877	0.10421022291020184	0.07169561215652796	0.052013945345621426	0.03608510053765014
46.0	-15.0	-4.0	0.1455297080202216	0.24398868282791436	0.3501262991455538	0.46490680249362054	0.5935045981700184	0.7192128327847981	0.8100854915071878	0.8654384054051455	0.9076244641885937	0.28859197179235313	0.28384660611743384	0.25696811807760406	0.2102391584115579	0.15392775010251877	0.10421022291020182	0.07169561215652795	0.052013945345621426	0.036085100537650135
47.0	-15.0	-4.0	0.15691195312411657	0.2587569643329691	0.35952438974722983	0.4560417875612138	0.5467864225579151	0.6241484374060033	0.6878161216037545	0.7469870684657762	0.8104558970670802	0.3122858989442798	0.31308410476307114	0.291387146542714	0.25443302379372684	0.21405906380068096	0.17876241616448482	0.14903201006956535	0.12075860749515968	0.09000977935469692
48.0	-15.0	-4.0	0.16870550179031393	0.2956372506128408	0.43376856908819506	0.5762048293037424	0.7185089313464843	0.8406345400602944	0.9211256882016282	0.9624301338098844	0.9815544849136064	0.2343274884708843	0.22669476843543088	0.1948541188170906	0.14064358344661324	0.08012738927137908	0.03343542956894166	0.009860131166856436	0.0023255655910444594	0.000549930217349442
49.0	-15.0	-4.0	0.15691195312411657	0.25875696433296913	0.35952438974722983	0.4560417875612138	0.5467864225579151	0.6241484374060033	0.6878161216037544	0.7469870684657758	0.8104558970670797	0.3122858989442797	0.31308410476307114	0.29138714654271386	0.2544330237937268	0.21405906380068093	0.17876241616448477	0.14903201006956532	0.12075860749515968	0.09000977935469694
50.0	-15.0	-4.0	0.1455297080202216	0.24398868282791436	0.3501262991455537	0.46490680249362054	0.5935045981700184	0.7192128327847981	0.8100854915071878	0.8654384054051455	0.9076244641885937	0.2885919717923529	0.2838466061174338	0.25696811807760395	0.21023915841155788	0.1539277501025187	0.10421022291020177	0.07169561215652792	0.052013945345621405	0.03608510053765013
51.0	-15.0	-4.0	0.1569119531241166	0.2587569643329692	0.3595243897472299	0.45604178756121383	0.5467864225579152	0.6241484374060035	0.6878161216037544	0.7469870684657758	0.8104558970670797	0.31228589894427977	0.3130841047630711	0.2913871465427139	0.25443302379372684	0.214059063800681	0.17876241616448485	0.14903201006956543	0.12075860749515975	0.09000977935469699
52.0	-15.0	-4.0	0.14552970802022158	0.24398868282791433	0.35012629914555377	0.46490680249362043	0.5935045981700183	0.7192128327847979	0.8100854915071874	0.865438405405145	0.9076244641885932	0.2885919717923532	0.28384660611743384	0.2569681180776041	0.2102391584115579	0.15392775010251875	0.10421022291020181	0.07169561215652792	0.05201394534562139	0.0360851005376501
53.0	-15.0	-4.0	0.168705501790314	0.2956372506128409	0.4337685690881952	0.5762048293037426	0.7185089313464845	0.8406345400602946	0.9211256882016285	0.9624301338098846	0.9815544849136065	0.23432748847088433	0.22669476843543088	0.1948541188170906	0.14064358344661324	0.08012738927137908	0.03343542956894166	0.009860131166856433	0.002325565591044458	0.0005499302173494411
54.0	-15.0	-4.0	0.15691195312411652	0.2587569643329692	0.35952438974722983	0.45604178756121366	0.546786422557915	0.6241484374060032	0.6878161216037543	0.7469870684657756	0.8104558970670795	0.31228589894427966	0.31308410476307114	0.2913871465427139	0.2544330237937267	0.21405906380068088	0.1787624161644847	0.1490320100695653	0.12075860749515964	0.09000977935469695
55.0	-15.0	-4.0	0.14552970802022158	0.24398868282791433	0.3501262991455537	0.46490680249362043	0.5935045981700184	0.719212832784798	0.8100854915071878	0.8654384054051455	0.9076244641885937	0.28859197179235313	0.28384660611743395	0.2569681180776041	0.21023915841155794	0.15392775010251883	0.10421022291020184	0.07169561215652798	0.05201394534562146	0.03608510053765016
56.0	-15.0	-4.0	0.16870550179031396	0.29563725061284096	0.4337685690881953	0.5762048293037427	0.7185089313464847	0.8406345400602948	0.9211256882016287	0.9624301338098851	0.9815544849136071	0.23432748847088436	0.22669476843543093	0.1948541188170907	0.14064358344661332	0.08012738927137915	0.033435429568941716	0.009860131166856466	0.002325565591044477	0.0005499302173494507
57.0	-15.0	-4.0	0.16870550179031396	0.2956372506128409	0.4337685690881952	0.5762048293037426	0.7185089313464845	0.8406345400602946	0.9211256882016285	0.962430133809885	0.9815544849136069	0.23432748847088436	0.22669476843543088	0.19485411881709064	0.1406435834466133	0.08012738927137913	0.033435429568941695	0.009860131166856452	0.0023255655910444685	0.0005499302173494452
58.0	-15.0	-4.0	0.14552970802022164	0.24398868282791447	0.35012629914555393	0.4649068024936206	0.5935045981700185	0.7192128327847981	0.8100854915071879	0.8654384054051456	0.9076244641885938	0.2885919717923531	0.28384660611743384	0.25696811807760406	0.21023915841155794	0.15392775010251877	0.10421022291020182	0.07169561215652794	0.052013945345621385	0.036085100537650086
59.0	-15.0	-4.0	0.16870550179031396	0.29563725061284085	0.43376856908819517	0.5762048293037424	0.7185089313464844	0.8406345400602945	0.9211256882016284	0.9624301338098847	0.9815544849136068	0.2343274884708844	0.226694768435431	0.19485411881709075	0.14064358344661337	0.08012738927137919	0.033435429568941764	0.009860131166856499	0.0023255655910445015	0.000549930217349465
60.0	-15.0	-4.0	0.15691195312411665	0.2587569643329693	0.35952438974723006	0.456041787561214	0.5467864225579153	0.6241484374060037	0.6878161216037548	0.7469870684657762	0.8104558970670802	0.3122858989442797	0.31308410476307125	0.29138714654271397	0.2544330237937269	0.21405906380068104	0.17876241616448488	0.1490320100695654	0.12075860749515974	0.09000977935469698
61.0	-15.0	-4.0	0.15691195312411657	0.2587569643329692	0.3595243897472299	0.45604178756121394	0.5467864225579153	0.6241484374060036	0.6878161216037547	0.7469870684657761	0.81045589706708	0.31228589894427977	0.3130841047630712	0.2913871465427141	0.2544330237937269	0.214059063800681	0.17876241616448488	0.14903201006956546	0.12075860749515976	0.09000977935469705
62.0	-15.0	-4.0	0.16870550179031396	0.29563725061284085	0.4337685690881952	0.5762048293037426	0.7185089313464845	0.8406345400602946	0.9211256882016285	0.962430133809885	0.9815544849136069	0.2343274884708843	0.22669476843543077	0.19485411881709055	0.14064358344661318	0.08012738927137904	0.033435429568941626	0.009860131166856398	0.0023255655910444342	0.0005499302173494273
63.0	-15.0	-4.0	0.1455297080202216	0.24398868282791433	0.3501262991455537	0.46490680249362043	0.5935045981700182	0.7192128327847979	0.8100854915071874	0.8654384054051452	0.9076244641885933	0.2885919717923531	0.2838466061174338	0.25696811807760395	0.21023915841155788	0.15392775010251875	0.1042102229102018	0.07169561215652792	0.05201394534562138	0.036085100537650086
64.0	-15.0	-4.0	0.16870550179031396	0.29563725061284096	0.4337685690881953	0.5762048293037427	0.7185089313464847	0.8406345400602948	0.9211256882016287	0.9624301338098851	0.9815544849136071	0.2343274884708845	0.2266947684354311	0.1948541188170909	0.14064358344661354	0.08012738927137934	0.03343542956894187	0.009860131166856564	0.002325565591044534	0.0005499302173494794
65.0	-15.0	-4.0	0.16870550179031402	0.295637250612841	0.43376856908819544	0.5762048293037428	0.7185089313464849	0.8406345400602949	0.9211256882016289	0.9624301338098852	0.9815544849136072	0.23432748847088436	0.22669476843543093	0.1948541188170907	0.14064358344661324	0.08012738927137907	0.03343542956894164	0.009860131166856407	0.00232556559104444	0.0005499302173494309
66.0	-15.0	-4.0	0.1455297080202216	0.24398868282791436	0.35012629914555377	0.46490680249362054	0.5935045981700184	0.7192128327847981	0.8100854915071878	0.8654384054051455	0.9076244641885937	0.28859197179235313	0.2838466061174339	0.256968118077604	0.21023915841155785	0.15392775010251875	0.10421022291020177	0.07169561215652791	0.05201394534562137	0.036085100537650114
67.0	-15.0	-4.0	0.15691195312411657	0.2587569643329692	0.3595243897472299	0.4560417875612138	0.5467864225579151	0.6241484374060033	0.6878161216037544	0.7469870684657759	0.8104558970670799	0.31228589894427966	0.313084104763071	0.2913871465427138	0.2544330237937268	0.21405906380068085	0.17876241616448477	0.1490320100695653	0.12075860749515961	0.09000977935469691
68.0	-15.0	-4.0	0.15691195312411654	0.25875696433296913	0.35952438974722983	0.4560417875612138	0.5467864225579151	0.6241484374060033	0.6878161216037544	0.7469870684657759	0.81045589706708	0.3122858989442798	0.3130841047630711	0.29138714654271386	0.2544330237937267	0.21405906380068082	0.17876241616448474	0.1490320100695653	0.12075860749515961	0.0900097793546969
69.0	-15.0	-4.0	0.15741069507271324	0.26956545321884046	0.3915884403544261	0.5271261086831631	0.6772318873092179	0.8164779850236062	0.9117070259294507	0.9598362457446659	0.9807508928198875	0.25685911003233736	0.24550929168237112	0.20949896489879022	0.15202678105627387	0.08853342795400192	0.03811545947647715	0.011345007753217699	0.002547994390934661	0.0005584389686086619
70.0	-15.0	-4.0	0.15741069507271327	0.26956545321884046	0.3915884403544261	0.527126108683163	0.6772318873092179	0.8164779850236062	0.9117070259294507	0.9598362457446659	0.9807508928198875	0.2568591100323373	0.24550929168237112	0.20949896489879036	0.152026781056274	0.08853342795400206	0.03811545947647729	0.011345007753217796	0.002547994390934704	0.0005584389686086766
71.0	-15.0	-4.0	0.15741069507271327	0.26956545321884057	0.39158844035442625	0.5271261086831631	0.6772318873092181	0.8164779850236065	0.9117070259294509	0.9598362457446659	0.9807508928198875	0.25685911003233736	0.24550929168237112	0.20949896489879027	0.15202678105627387	0.08853342795400186	0.03811545947647711	0.01134500775321768	0.002547994390934646	0.0005584389686086525
72.0	-15.0	-4.0	0.15741069507271327	0.26956545321884057	0.39158844035442625	0.5271261086831631	0.677231887309218	0.8164779850236065	0.9117070259294509	0.959836245744666	0.9807508928198876	0.25685911003233736	0.24550929168237115	0.20949896489879033	0.15202678105627396	0.08853342795400197	0.03811545947647721	0.011345007753217742	0.0025479943909346757	0.000558438968608665
73.0	-15.0	-4.0	0.1881414276260366	0.33871994434331154	0.5004997498628101	0.6554817629343803	0.7887714704617597	0.8846424914365112	0.940738527705836	0.9694921635807584	0.9836291959482579	0.16416760722768942	0.14012248582487496	0.10544959370794843	0.06642982567632084	0.03285032576706201	0.011955965869064823	0.0032992715490548783	0.000803795116323087	0.00020362353001263268
74.0	-15.0	-4.0	0.1881850532249438	0.33883667389419153	0.5006404516765377	0.6555991282848095	0.7888398194932873	0.8846730332725852	0.9407485983291888	0.9694700271747971	0.9836313442643242	0.1675647583315755	0.14212912690691035	0.10638971904221511	0.06677625396456312	0.03294493152634535	0.011974867165838076	0.003302116314642946	0.0008055270669629868	0.0002037965162366348
75.0	-15.0	-4.0	0.1881850532249438	0.3388366738941916	0.5006404516765378	0.6555991282848095	0.7888398194932872	0.8846730332725848	0.9407485983291886	0.9694700271747968	0.9836313442643239	0.16756475833157547	0.14212912690691024	0.10638971904221499	0.06677625396456296	0.0329449315263452	0.011974867165837962	0.00330211631464286	0.0008055270669629361	0.00020379651623660735
76.0	-15.0	-4.0	0.18814142762603656	0.3387199443433114	0.5004997498628098	0.6554817629343801	0.7887714704617595	0.8846424914365111	0.9407385277058358	0.9694921635807582	0.9836291959482577	0.16416760722768933	0.14012248582487483	0.10544959370794835	0.06642982567632078	0.03285032576706194	0.011955965869064769	0.0032992715490548384	0.0008037951163230625	0.00020362353001261924
77.0	-15.0	-4.0	0.18814142762603658	0.33871994434331143	0.5004997498628099	0.6554817629343801	0.7887714704617595	0.8846424914365109	0.9407385277058357	0.9694921635807581	0.9836291959482576	0.16416760722768928	0.14012248582487474	0.10544959370794822	0.06642982567632066	0.032850325767061844	0.0119559658690647	0.003299271549054792	0.0008037951163230366	0.00020362353001260555
78.0	-15.0	-4.0	0.18818505322494372	0.3388366738941915	0.5006404516765376	0.6555991282848094	0.7888398194932871	0.8846730332725848	0.9407485983291886	0.9694700271747968	0.9836313442643239	0.16756475833157558	0.14212912690691043	0.10638971904221521	0.06677625396456323	0.03294493152634545	0.011974867165838168	0.003302116314643013	0.0008055270669630266	0.00020379651623665603
79.0	-15.0	-4.0	0.18818505322494378	0.33883667389419136	0.5006404516765375	0.6555991282848093	0.7888398194932871	0.8846730332725845	0.9407485983291882	0.9694700271747966	0.9836313442643235	0.16756475833157547	0.1421291269069103	0.10638971904221511	0.06677625396456306	0.03294493152634529	0.011974867165838036	0.0033021163146429136	0.0008055270669629687	0.00020379651623662502
80.0	-15.0	-4.0	0.18814142762603658	0.33871994434331143	0.5004997498628099	0.6554817629343801	0.7887714704617595	0.8846424914365111	0.9407385277058358	0.9694921635807582	0.9836291959482577	0.1641676072276894	0.14012248582487494	0.10544959370794842	0.06642982567632086	0.03285032576706203	0.011955965869064843	0.0032992715490548887	0.0008037951163230939	0.0002036235300126362
81.0	-15.0	-4.0	0.18814142762603656	0.3387199443433113	0.5004997498628098	0.6554817629343799	0.7887714704617594	0.8846424914365107	0.9407385277058354	0.969492163580758	0.9836291959482574	0.16416760722768942	0.14012248582487494	0.10544959370794843	0.0664298256763209	0.03285032576706208	0.011955965869064887	0.0032992715490549286	0.000803795116323117	0.0002036235300126486
82.0	-15.0	-4.0	0.18818505322494386	0.3388366738941917	0.5006404516765379	0.6555991282848097	0.7888398194932875	0.8846730332725853	0.940748598329189	0.9694700271747974	0.9836313442643243	0.16756475833157553	0.14212912690691035	0.10638971904221513	0.06677625396456312	0.03294493152634534	0.011974867165838064	0.003302116314642935	0.0008055270669629806	0.00020379651623663128
83.0	-15.0	-4.0	0.18814142762603656	0.3387199443433114	0.5004997498628098	0.6554817629343799	0.7887714704617592	0.8846424914365105	0.9407385277058353	0.9694921635807577	0.9836291959482573	0.1641676072276894	0.1401224858248749	0.10544959370794842	0.06642982567632084	0.032850325767062025	0.011955965869064845	0.003299271549054896	0.0008037951163230974	0.00020362353001263794
84.0	-15.0	-4.0	0.18818505322494367	0.3388366738941913	0.5006404516765373	0.655599128284809	0.7888398194932867	0.8846730332725842	0.9407485983291879	0.9694700271747962	0.9836313442643232	0.16756475833157547	0.14212912690691026	0.10638971904221509	0.06677625396456309	0.032944931526345325	0.011974867165838076	0.003302116314642945	0.0008055270669629871	0.00020379651623663527
85.0	-15.0	-4.0	0.1881850532249437	0.33883667389419136	0.5006404516765375	0.6555991282848093	0.7888398194932871	0.8846730332725848	0.9407485983291886	0.9694700271747968	0.9836313442643239	0.16756475833157547	0.14212912690691032	0.10638971904221506	0.06677625396456309	0.03294493152634531	0.01197486716583806	0.0033021163146429375	0.0008055270669629812	0.00020379651623663166
86.0	-15.0	-4.0	0.1881850532249436	0.33883667389419125	0.5006404516765373	0.655599128284809	0.7888398194932867	0.8846730332725844	0.940748598329188	0.9694700271747964	0.9836313442643234	0.16756475833157547	0.14212912690691024	0.10638971904221506	0.0667762539645631	0.032944931526345325	0.011974867165838069	0.003302116314642942	0.0008055270669629843	0.00020379651623663345
87.0	-15.0	-4.0	0.1881414276260365	0.3387199443433113	0.5004997498628098	0.65548176293438	0.7887714704617594	0.8846424914365107	0.9407385277058354	0.969492163580758	0.9836291959482574	0.16416760722768942	0.14012248582487494	0.10544959370794842	0.06642982567632087	0.03285032576706206	0.011955965869064843	0.003299271549054897	0.0008037951163230989	0.00020362353001263878
88.0	-15.0	-4.0	0.18814142762603647	0.33871994434331126	0.5004997498628097	0.65548176293438	0.7887714704617592	0.8846424914365105	0.9407385277058353	0.9694921635807577	0.9836291959482573	0.16416760722768933	0.14012248582487485	0.10544959370794835	0.06642982567632083	0.03285032576706201	0.011955965869064824	0.003299271549054882	0.0008037951163230898	0.00020362353001263418
89.0	-15.0	-4.0	0.1358184859165641	0.2117108991190016	0.28283867182801803	0.3498856935223727	0.4125808120246606	0.46623024354396875	0.5134078114175263	0.5636930935236919	0.624840278064826	0.40662709056744273	0.41203265741201267	0.39416674159431464	0.36664654912594896	0.33808605952602805	0.31106776459356167	0.2844550563716928	0.2548980718452315	0.21885339060917433
90.0	-15.0	-4.0	0.13581848591656415	0.21171089911900165	0.2828386718280181	0.34988569352237275	0.4125808120246606	0.46623024354396875	0.5134078114175261	0.5636930935236917	0.6248402780648258	0.4066270905674428	0.41203265741201256	0.39416674159431464	0.3666465491259489	0.33808605952602794	0.31106776459356156	0.28445505637169277	0.2548980718452315	0.2188533906091743
91.0	-15.0	-4.0	0.1562832304630592	0.2585410352691845	0.35957025272263055	0.45665824627122165	0.5479317874122689	0.6254310941563961	0.6890970889244391	0.7482175975401548	0.8112996795727891	0.3265839556789062	0.32724176638783703	0.30436707593084444	0.26610181520491255	0.2250651153547344	0.1892485703286753	0.1586754295046971	0.12900292310070421	0.0963290145649507
92.0	-15.0	-4.0	0.1358184859165641	0.2117108991190016	0.28283867182801803	0.3498856935223727	0.41258081202466046	0.4662302435439685	0.513407811417526	0.5636930935236916	0.6248402780648256	0.4066270905674427	0.4120326574120125	0.3941667415943145	0.36664654912594863	0.33808605952602777	0.3110677645935614	0.28445505637169255	0.2548980718452313	0.2188533906091741
93.0	-15.0	-4.0	0.1358184859165641	0.2117108991190016	0.2828386718280181	0.34988569352237275	0.4125808120246605	0.4662302435439687	0.5134078114175261	0.5636930935236916	0.6248402780648257	0.4066270905674427	0.4120326574120124	0.39416674159431453	0.3666465491259487	0.3380860595260277	0.3110677645935613	0.2844550563716925	0.25489807184523117	0.21885339060917408
94.0	-15.0	-4.0	0.15628323046305914	0.25854103526918437	0.3595702527226304	0.4566582462712215	0.5479317874122687	0.625431094156396	0.6890970889244389	0.7482175975401546	0.811299679572789	0.32658395567890613	0.32724176638783686	0.3043670759308443	0.2661018152049124	0.22506511535473422	0.18924857032867515	0.15867542950469696	0.1290029231007041	0.09632901456495058
95.0	-15.0	-4.0	0.13581848591656417	0.21171089911900168	0.28283867182801814	0.3498856935223728	0.4125808120246607	0.46623024354396875	0.5134078114175263	0.5636930935236918	0.6248402780648259	0.4066270905674429	0.41203265741201284	0.3941667415943148	0.36664654912594896	0.3380860595260281	0.31106776459356167	0.2844550563716929	0.25489807184523156	0.21885339060917436
96.0	-15.0	-4.0	0.15628323046305911	0.2585410352691843	0.3595702527226304	0.4566582462712214	0.5479317874122687	0.625431094156396	0.6890970889244389	0.7482175975401546	0.811299679572789	0.3265839556789061	0.32724176638783686	0.30436707593084444	0.26610181520491255	0.2250651153547343	0.1892485703286752	0.15867542950469707	0.12900292310070421	0.09632901456495069
97.0	-15.0	-4.0	0.15628323046305914	0.25854103526918437	0.35957025272263043	0.4566582462712216	0.5479317874122688	0.625431094156396	0.6890970889244389	0.7482175975401545	0.811299679572789	0.326583955678906	0.3272417663878367	0.3043670759308442	0.26610181520491233	0.2250651153547341	0.18924857032867504	0.15867542950469696	0.1290029231007041	0.0963290145649506
98.0	-15.0	-4.0	0.13581848591656406	0.2117108991190015	0.2828386718280179	0.3498856935223726	0.4125808120246604	0.4662302435439684	0.5134078114175259	0.5636930935236915	0.6248402780648254	0.4066270905674427	0.4120326574120125	0.39416674159431464	0.36664654912594874	0.3380860595260277	0.31106776459356145	0.28445505637169266	0.2548980718452313	0.21885339060917416
99.0	-15.0	-4.0	0.1358184859165641	0.2117108991190016	0.28283867182801803	0.34988569352237264	0.41258081202466046	0.4662302435439686	0.513407811417526	0.5636930935236916	0.6248402780648256	0.4066270905674426	0.4120326574120126	0.3941667415943147	0.36664654912594885	0.3380860595260279	0.3110677645935615	0.28445505637169266	0.25489807184523144	0.21885339060917425
100.0	-15.0	-4.0	0.15628323046305917	0.25854103526918437	0.3595702527226304	0.4566582462712216	0.5479317874122688	0.625431094156396	0.6890970889244389	0.7482175975401545	0.811299679572789	0.3265839556789062	0.3272417663878369	0.30436707593084444	0.26610181520491255	0.2250651153547344	0.18924857032867531	0.15867542950469718	0.1290029231007043	0.09632901456495081
101.0	-15.0	-4.0	0.15628323046305914	0.2585410352691844	0.35957025272263043	0.45665824627122165	0.5479317874122689	0.625431094156396	0.689097088924439	0.7482175975401545	0.811299679572789	0.32658395567890613	0.3272417663878368	0.30436707593084433	0.26610181520491244	0.22506511535473428	0.1892485703286752	0.15867542950469707	0.12900292310070424	0.09632901456495073
102.0	-15.0	-4.0	0.15628323046305914	0.2585410352691843	0.35957025272263027	0.4566582462712215	0.5479317874122687	0.6254310941563959	0.6890970889244388	0.7482175975401543	0.8112996795727888	0.32658395567890625	0.327241766387837	0.30436707593084444	0.2661018152049126	0.22506511535473445	0.18924857032867534	0.1586754295046972	0.12900292310070433	0.09632901456495083
103.0	-15.0	-4.0	0.1562832304630592	0.2585410352691845	0.35957025272263055	0.4566582462712217	0.5479317874122689	0.6254310941563962	0.6890970889244391	0.7482175975401546	0.8112996795727891	0.32658395567890625	0.32724176638783686	0.3043670759308444	0.2661018152049124	0.22506511535473422	0.18924857032867515	0.15867542950469699	0.1290029231007041	0.09632901456495065
104.0	-15.0	-4.0	0.13581848591656406	0.21171089911900157	0.282838671828018	0.3498856935223726	0.4125808120246604	0.4662302435439685	0.5134078114175259	0.5636930935236913	0.6248402780648254	0.4066270905674425	0.41203265741201256	0.3941667415943146	0.3666465491259488	0.3380860595260278	0.31106776459356145	0.2844550563716926	0.25489807184523133	0.21885339060917422
105.0	-15.0	-4.0	0.18770114936810225	0.3393107661281334	0.5019071753369299	0.6567806866961191	0.789498900829888	0.8849105338005813	0.9408179491705376	0.9695838689076673	0.983632550332705	0.162451891244605	0.13816270571072697	0.10388140189224945	0.06546117813114889	0.03243228371742711	0.011838037662616721	0.0032769388111592718	0.000796739173899216	0.00020300443593193168
106.0	-15.0	-4.0	0.1877011493681024	0.3393107661281336	0.5019071753369303	0.6567806866961197	0.7894989008298888	0.8849105338005822	0.9408179491705386	0.9695838689076683	0.9836325503327059	0.16245189124460505	0.13816270571072697	0.1038814018922494	0.06546117813114882	0.032432283717427	0.01183803766261662	0.003276938811159196	0.0007967391738991684	0.00020300443593190568
107.0	-15.0	-4.0	0.1877011493681023	0.33931076612813343	0.5019071753369299	0.6567806866961191	0.789498900829888	0.8849105338005813	0.9408179491705376	0.9695838689076673	0.983632550332705	0.16245189124460502	0.13816270571072692	0.10388140189224934	0.06546117813114875	0.032432283717426964	0.011838037662616593	0.0032769388111591794	0.0007967391738991607	0.0002030044359319013
108.0	-15.0	-4.0	0.18770114936810225	0.33931076612813343	0.5019071753369299	0.6567806866961193	0.7894989008298884	0.8849105338005815	0.940817949170538	0.9695838689076677	0.9836325503327052	0.1624518912446051	0.13816270571072706	0.10388140189224948	0.0654611781311489	0.03243228371742712	0.011838037662616709	0.0032769388111592588	0.0007967391738992074	0.00020300443593192677
109.0	-15.0	-4.0	0.1877011493681024	0.33931076612813366	0.5019071753369303	0.6567806866961198	0.7894989008298888	0.884910533800582	0.9408179491705384	0.9695838689076681	0.9836325503327058	0.16245189124460507	0.13816270571072703	0.10388140189224948	0.06546117813114886	0.03243228371742706	0.011838037662616681	0.0032769388111592345	0.0007967391738991935	0.000203004435931919
110.0	-15.0	-4.0	0.18770114936810242	0.3393107661281336	0.5019071753369303	0.6567806866961197	0.7894989008298887	0.8849105338005818	0.9408179491705383	0.969583868907668	0.9836325503327056	0.1624518912446051	0.13816270571072706	0.10388140189224948	0.06546117813114889	0.03243228371742708	0.01183803766261668	0.003276938811159241	0.0007967391738991974	0.00020300443593192102
111.0	-15.0	-4.0	0.1877011493681023	0.33931076612813343	0.5019071753369299	0.6567806866961192	0.7894989008298883	0.8849105338005814	0.9408179491705378	0.9695838689076676	0.9836325503327051	0.16245189124460507	0.13816270571072697	0.10388140189224951	0.06546117813114888	0.03243228371742709	0.011838037662616699	0.003276938811159254	0.0007967391738992044	0.0002030044359319253
112.0	-15.0	-4.0	0.1877011493681024	0.3393107661281337	0.5019071753369304	0.6567806866961199	0.789498900829889	0.8849105338005823	0.9408179491705387	0.9695838689076685	0.983632550332706	0.16245189124460507	0.13816270571072703	0.10388140189224945	0.06546117813114885	0.03243228371742704	0.011838037662616652	0.00327693881115922	0.0007967391738991844	0.00020300443593191438
113.0	-15.0	-4.0	0.1877260835759139	0.3394165943766391	0.502057922440217	0.6569458671918216	0.7896136952029742	0.8849664983714127	0.9408300701255556	0.9694916811128617	0.9836357205857788	0.16349340281458594	0.1391327808235096	0.10442648807316728	0.06566613012144268	0.03246904702223294	0.01183372881163337	0.003271901771320987	0.0007994469407398643	0.0002024380342528028
114.0	-15.0	-4.0	0.1877260835759139	0.3394165943766391	0.5020579224402171	0.6569458671918216	0.7896136952029742	0.8849664983714127	0.9408300701255556	0.9694916811128617	0.9836357205857788	0.16349340281458596	0.1391327808235096	0.10442648807316726	0.06566613012144269	0.032469047022232946	0.011833728811633377	0.003271901771320993	0.0007994469407398687	0.00020243803425280533
115.0	-15.0	-4.0	0.1877260835759139	0.3394165943766391	0.502057922440217	0.6569458671918216	0.7896136952029742	0.8849664983714127	0.9408300701255555	0.9694916811128615	0.9836357205857786	0.16349340281458602	0.13913278082350966	0.10442648807316733	0.06566613012144275	0.032469047022233015	0.01183372881163343	0.0032719017713210255	0.0007994469407398882	0.00020243803425281599
116.0	-15.0	-4.0	0.18772608357591386	0.3394165943766391	0.5020579224402171	0.6569458671918216	0.7896136952029742	0.8849664983714127	0.9408300701255555	0.9694916811128615	0.9836357205857786	0.16349340281458605	0.13913278082350972	0.10442648807316735	0.06566613012144278	0.03246904702223306	0.011833728811633462	0.003271901771321047	0.0007994469407399007	0.00020243803425282273
117.0	-15.0	-4.0	0.18772608357591383	0.339416594376639	0.5020579224402167	0.6569458671918211	0.7896136952029738	0.8849664983714123	0.940830070125555	0.969491681112861	0.9836357205857782	0.16349340281458596	0.13913278082350963	0.10442648807316732	0.06566613012144275	0.032469047022233015	0.01183372881163343	0.0032719017713210273	0.0007994469407398891	0.00020243803425281655
118.0	-15.0	-4.0	0.18772608357591386	0.339416594376639	0.5020579224402169	0.6569458671918214	0.7896136952029741	0.8849664983714125	0.9408300701255553	0.9694916811128613	0.9836357205857784	0.16349340281458605	0.1391327808235097	0.10442648807316732	0.06566613012144276	0.032469047022233	0.011833728811633418	0.00327190177132102	0.0007994469407398844	0.0002024380342528136
119.0	-15.0	-4.0	0.18772608357591394	0.33941659437663924	0.5020579224402171	0.6569458671918216	0.7896136952029744	0.8849664983714128	0.9408300701255556	0.9694916811128617	0.9836357205857788	0.16349340281458602	0.13913278082350963	0.10442648807316732	0.0656661301214427	0.03246904702223298	0.011833728811633389	0.003271901771321001	0.0007994469407398735	0.00020243803425280807
120.0	-15.0	-4.0	0.1877260835759139	0.3394165943766392	0.502057922440217	0.6569458671918216	0.7896136952029742	0.8849664983714127	0.9408300701255555	0.9694916811128615	0.9836357205857786	0.16349340281458605	0.1391327808235097	0.10442648807316735	0.06566613012144276	0.032469047022233036	0.011833728811633443	0.0032719017713210355	0.0007994469407398942	0.00020243803425281886
121.0	-15.0	-4.0	0.15775631632187107	0.2710545873830933	0.39714654192542115	0.5388122737174176	0.6920172849044807	0.8279364749121327	0.9171073052238737	0.9615574515852174	0.9812165995111	0.2879430612589055	0.2764998685898801	0.23394332323356679	0.16661357656149736	0.09351588477336756	0.03787304307097734	0.010629379115219984	0.002362902190485576	0.0005502622449034812
122.0	-15.0	-4.0	0.15775631632187115	0.27105458738309346	0.3971465419254214	0.5388122737174178	0.692017284904481	0.8279364749121334	0.9171073052238745	0.9615574515852182	0.9812165995111007	0.2879430612589056	0.27649986858988024	0.2339433232335669	0.16661357656149747	0.09351588477336768	0.0378730430709774	0.010629379115220019	0.002362902190485593	0.0005502622449034903
123.0	-15.0	-4.0	0.15775631632187107	0.27105458738309335	0.3971465419254213	0.5388122737174177	0.6920172849044809	0.8279364749121332	0.9171073052238742	0.9615574515852179	0.9812165995111004	0.2879430612589057	0.2764998685898802	0.23394332323356684	0.16661357656149745	0.09351588477336764	0.0378730430709774	0.010629379115220014	0.0023629021904855913	0.0005502622449034893
124.0	-15.0	-4.0	0.157756316321871	0.2710545873830932	0.3971465419254211	0.5388122737174174	0.6920172849044804	0.8279364749121326	0.9171073052238734	0.9615574515852171	0.9812165995110996	0.28794306125890545	0.27649986858988	0.23394332323356676	0.1666135765614973	0.09351588477336752	0.03787304307097732	0.010629379115219956	0.002362902190485556	0.0005502622449034689
125.0	-15.0	-4.0	0.15707098321870885	0.2588228233118198	0.35945933893714377	0.4559854017651446	0.5466980599990094	0.6240987370090433	0.6878746743917499	0.7471579281482217	0.8104825720022625	0.331475287854659	0.3299385786896012	0.3062580714857451	0.2678424170024007	0.22648976764110917	0.190328082170439	0.15950961569284947	0.12965370350800237	0.0968090657511915
126.0	-15.0	-4.0	0.1364481632072365	0.21163391172587864	0.28214202272888333	0.348828592440443	0.4114998807306677	0.46556003052105505	0.5131744756924118	0.5636258749736617	0.6248172043485418	0.4207428303342642	0.4256272685219337	0.4073356327987516	0.37954640459441835	0.35034676473150594	0.3224719623922324	0.29492730275766577	0.2642071836870988	0.22657372186766928
127.0	-15.0	-4.0	0.15707098321870894	0.2588228233118198	0.3594593389371438	0.45598540176514474	0.5466980599990096	0.6240987370090433	0.6878746743917499	0.7471579281482217	0.8104825720022625	0.3314752878546591	0.3299385786896012	0.3062580714857451	0.26784241700240063	0.22648976764110912	0.19032808217043898	0.15950961569284944	0.12965370350800232	0.09680906575119144
128.0	-15.0	-4.0	0.13644816320723654	0.2116339117258787	0.2821420227288834	0.348828592440443	0.4114998807306678	0.4655600305210552	0.513174475692412	0.5636258749736619	0.624817204348542	0.42074283033426424	0.4256272685219337	0.4073356327987517	0.3795464045944184	0.350346764731506	0.3224719623922324	0.2949273027576657	0.2642071836870988	0.22657372186766916
129.0	-15.0	-4.0	0.13644816320723654	0.2116339117258787	0.2821420227288834	0.34882859244044306	0.4114998807306678	0.4655600305210552	0.513174475692412	0.563625874973662	0.6248172043485422	0.4207428303342643	0.4256272685219338	0.40733563279875185	0.3795464045944186	0.35034676473150617	0.32247196239223264	0.29492730275766593	0.26420718368709895	0.22657372186766933
130.0	-15.0	-4.0	0.13644816320723654	0.21163391172587873	0.28214202272888345	0.3488285924404431	0.4114998807306679	0.46556003052105543	0.5131744756924123	0.5636258749736621	0.6248172043485423	0.4207428303342644	0.42562726852193383	0.40733563279875196	0.3795464045944187	0.35034676473150633	0.32247196239223275	0.29492730275766604	0.264207183687099	0.22657372186766944
131.0	-15.0	-4.0	0.15873788808440675	0.2708103191834706	0.3959622617261222	0.537489976850175	0.6910560264445722	0.8273893599847592	0.9168400075551487	0.9613998264486048	0.9812349129065338	0.30886559587499046	0.2955643310916628	0.2498411560528883	0.17841743763819007	0.10067201571339955	0.04098672271267826	0.011541397496096043	0.002572211367148741	0.0005970091023147062
132.0	-15.0	-4.0	0.1570709832187089	0.2588228233118198	0.3594593389371439	0.4559854017651448	0.5466980599990097	0.6240987370090434	0.68787467439175	0.7471579281482217	0.8104825720022623	0.3314752878546592	0.3299385786896013	0.30625807148574524	0.26784241700240086	0.2264897676411093	0.19032808217043914	0.15950961569284963	0.12965370350800248	0.09680906575119158
133.0	-15.0	-4.0	0.13644816320723654	0.2116339117258787	0.2821420227288834	0.34882859244044306	0.4114998807306678	0.4655600305210552	0.5131744756924119	0.5636258749736619	0.624817204348542	0.42074283033426413	0.42562726852193355	0.40733563279875157	0.37954640459441824	0.35034676473150594	0.32247196239223236	0.2949273027576656	0.2642071836870986	0.22657372186766908
134.0	-15.0	-4.0	0.15707098321870885	0.2588228233118198	0.3594593389371438	0.45598540176514474	0.5466980599990096	0.6240987370090433	0.68787467439175	0.7471579281482217	0.8104825720022623	0.33147528785465913	0.3299385786896013	0.3062580714857452	0.26784241700240075	0.22648976764110917	0.190328082170439	0.1595096156928495	0.1296537035080024	0.09680906575119154
135.0	-15.0	-4.0	0.1587378880844067	0.2708103191834706	0.3959622617261222	0.5374899768501749	0.691056026444572	0.827389359984759	0.9168400075551486	0.9613998264486046	0.9812349129065336	0.3088655958749903	0.2955643310916627	0.2498411560528882	0.17841743763818996	0.10067201571339945	0.040986722712678184	0.011541397496095986	0.002572211367148703	0.000597009102314684
136.0	-15.0	-4.0	0.13644816320723654	0.2116339117258787	0.2821420227288834	0.348828592440443	0.4114998807306678	0.46556003052105516	0.5131744756924118	0.5636258749736618	0.6248172043485419	0.42074283033426424	0.4256272685219338	0.4073356327987518	0.37954640459441846	0.35034676473150594	0.3224719623922325	0.29492730275766577	0.26420718368709883	0.2265737218676692
137.0	-15.0	-4.0	0.15873788808440673	0.2708103191834706	0.3959622617261222	0.5374899768501749	0.6910560264445721	0.8273893599847592	0.9168400075551487	0.9613998264486048	0.9812349129065338	0.3088655958749904	0.2955643310916629	0.24984115605288834	0.17841743763819018	0.1006720157133996	0.0409867227126783	0.011541397496096074	0.002572211367148759	0.0005970091023147147
138.0	-15.0	-4.0	0.15707098321870885	0.2588228233118198	0.35945933893714377	0.45598540176514457	0.5466980599990094	0.6240987370090433	0.68787467439175	0.7471579281482217	0.8104825720022625	0.3314752878546592	0.3299385786896012	0.3062580714857452	0.26784241700240075	0.22648976764110923	0.19032808217043903	0.15950961569284952	0.1296537035080024	0.09680906575119151
139.0	-15.0	-4.0	0.13644816320723652	0.21163391172587864	0.2821420227288834	0.348828592440443	0.4114998807306677	0.46556003052105505	0.5131744756924118	0.5636258749736617	0.6248172043485418	0.42074283033426435	0.4256272685219336	0.4073356327987516	0.3795464045944183	0.35034676473150594	0.32247196239223247	0.29492730275766577	0.2642071836870987	0.2265737218676692
140.0	-15.0	-4.0	0.15707098321870885	0.25882282331181977	0.35945933893714377	0.4559854017651446	0.5466980599990094	0.6240987370090433	0.68787467439175	0.7471579281482217	0.8104825720022625	0.33147528785465924	0.32993857868960125	0.30625807148574524	0.26784241700240086	0.22648976764110929	0.19032808217043912	0.1595096156928496	0.1296537035080025	0.0968090657511916
141.0	-15.0	-4.0	0.1570709832187088	0.2588228233118197	0.35945933893714366	0.45598540176514457	0.5466980599990093	0.6240987370090432	0.6878746743917498	0.7471579281482216	0.8104825720022623	0.33147528785465913	0.3299385786896012	0.30625807148574513	0.2678424170024007	0.22648976764110915	0.19032808217043898	0.15950961569284944	0.12965370350800232	0.09680906575119147
142.0	-15.0	-4.0	0.1587378880844067	0.2708103191834706	0.3959622617261221	0.5374899768501749	0.691056026444572	0.827389359984759	0.9168400075551486	0.9613998264486046	0.9812349129065334	0.30886559587499024	0.29556433109166264	0.24984115605288817	0.17841743763818996	0.1006720157133994	0.04098672271267815	0.011541397496095968	0.0025722113671486947	0.0005970091023146826
143.0	-15.0	-4.0	0.13644816320723652	0.2116339117258787	0.28214202272888345	0.348828592440443	0.4114998807306678	0.4655600305210552	0.513174475692412	0.5636258749736619	0.624817204348542	0.42074283033426446	0.42562726852193383	0.40733563279875196	0.3795464045944186	0.35034676473150617	0.3224719623922327	0.294927302757666	0.26420718368709906	0.22657372186766947
144.0	-15.0	-4.0	0.15707098321870888	0.2588228233118198	0.35945933893714377	0.45598540176514457	0.5466980599990093	0.6240987370090431	0.6878746743917498	0.7471579281482216	0.8104825720022621	0.33147528785465913	0.3299385786896011	0.3062580714857451	0.26784241700240063	0.22648976764110912	0.1903280821704389	0.15950961569284935	0.12965370350800223	0.09680906575119139
145.0	-15.0	-4.0	0.18830050170837856	0.3390368881578156	0.5008142077829237	0.655614810770382	0.7888020015528461	0.8846473702670119	0.9407705187337349	0.9696292492453	0.983632288576385	0.180473877444993	0.15287943199142082	0.11458150081331578	0.0721184534738208	0.03570906138488175	0.013033563944636688	0.0036066542983869566	0.0008666593852446815	0.00022327416329327425
146.0	-15.0	-4.0	0.1883005017083785	0.3390368881578156	0.5008142077829236	0.6556148107703819	0.788802001552846	0.8846473702670116	0.9407705187337345	0.9696292492452998	0.9836322885763846	0.18047387744499305	0.15287943199142096	0.1145815008133159	0.07211845347382091	0.035709061384881856	0.013033563944636787	0.0036066542983870216	0.0008666593852447205	0.00022327416329329547
147.0	-15.0	-4.0	0.18830050170837848	0.3390368881578154	0.5008142077829236	0.6556148107703819	0.7888020015528457	0.8846473702670116	0.9407705187337345	0.9696292492452998	0.9836322885763846	0.18047387744499302	0.15287943199142087	0.11458150081331583	0.07211845347382084	0.035709061384881786	0.01303356394463673	0.0036066542983869804	0.0008666593852446957	0.00022327416329328195
148.0	-15.0	-4.0	0.1883005017083785	0.3390368881578156	0.5008142077829237	0.655614810770382	0.7888020015528461	0.8846473702670117	0.9407705187337347	0.9696292492452999	0.9836322885763847	0.18047387744499305	0.15287943199142093	0.11458150081331589	0.07211845347382088	0.03570906138488183	0.013033563944636749	0.003606654298386998	0.0008666593852447053	0.00022327416329328715
149.0	-15.0	-4.0	0.1883005017083786	0.3390368881578156	0.5008142077829237	0.655614810770382	0.7888020015528461	0.8846473702670117	0.9407705187337347	0.9696292492452999	0.9836322885763847	0.18047387744499302	0.15287943199142087	0.11458150081331579	0.07211845347382081	0.03570906138488175	0.013033563944636683	0.003606654298386946	0.0008666593852446754	0.00022327416329327084
150.0	-15.0	-4.0	0.18830050170837856	0.33903688815781563	0.5008142077829237	0.655614810770382	0.7888020015528463	0.8846473702670119	0.9407705187337349	0.9696292492453	0.983632288576385	0.18047387744499307	0.15287943199142093	0.11458150081331585	0.07211845347382086	0.03570906138488179	0.013033563944636724	0.0036066542983869765	0.0008666593852446925	0.00022327416329328008
151.0	-15.0	-4.0	0.18830050170837867	0.33903688815781574	0.500814207782924	0.6556148107703823	0.7888020015528465	0.8846473702670122	0.9407705187337352	0.9696292492453004	0.9836322885763852	0.18047387744499316	0.152879431991421	0.11458150081331595	0.07211845347382093	0.03570906138488185	0.013033563944636764	0.0036066542983870043	0.0008666593852447096	0.00022327416329328954
152.0	-15.0	-4.0	0.18830050170837856	0.3390368881578156	0.5008142077829237	0.655614810770382	0.7888020015528463	0.8846473702670119	0.9407705187337349	0.9696292492453	0.983632288576385	0.18047387744499313	0.152879431991421	0.11458150081331595	0.07211845347382098	0.03570906138488191	0.013033563944636811	0.0036066542983870403	0.0008666593852447303	0.00022327416329330065
153.0	-15.0	-4.0	0.18822154232732446	0.3389020215017006	0.5006984999678302	0.6555789510904556	0.7887892207115768	0.8846333253053399	0.9407381952695877	0.9695594209474611	0.9836279625647288	0.17453869008609635	0.149830413193535	0.11326711006449014	0.07163049826500277	0.03554955909991253	0.012989169840274924	0.003596721211752836	0.0008740216440907571	0.00022230310526684773
154.0	-15.0	-4.0	0.1882215423273245	0.3389020215017007	0.5006984999678302	0.6555789510904557	0.7887892207115768	0.8846333253053399	0.9407381952695876	0.969559420947461	0.9836279625647287	0.17453869008609635	0.14983041319353496	0.11326711006449011	0.07163049826500277	0.03554955909991252	0.012989169840274917	0.003596721211752832	0.0008740216440907549	0.0002223031052668466
155.0	-15.0	-4.0	0.18822154232732446	0.3389020215017007	0.5006984999678302	0.6555789510904557	0.7887892207115768	0.8846333253053399	0.9407381952695876	0.969559420947461	0.9836279625647287	0.17453869008609632	0.1498304131935349	0.11326711006449006	0.07163049826500273	0.03554955909991248	0.01298916984027487	0.0035967212117527987	0.0008740216440907353	0.0002223031052668362
156.0	-15.0	-4.0	0.1882215423273245	0.3389020215017007	0.5006984999678302	0.6555789510904557	0.7887892207115769	0.8846333253053401	0.9407381952695879	0.9695594209474613	0.983627962564729	0.1745386900860963	0.14983041319353482	0.11326711006448997	0.0716304982650026	0.03554955909991236	0.012989169840274766	0.003596721211752728	0.0008740216440906921	0.00022230310526681285
157.0	-15.0	-4.0	0.18822154232732433	0.3389020215017005	0.5006984999678299	0.6555789510904553	0.7887892207115764	0.8846333253053394	0.9407381952695871	0.9695594209474605	0.9836279625647282	0.17453869008609624	0.14983041319353488	0.11326711006449003	0.07163049826500269	0.03554955909991244	0.012989169840274864	0.0035967212117528017	0.0008740216440907364	0.00022230310526683637
158.0	-15.0	-4.0	0.18822154232732458	0.33890202150170073	0.5006984999678304	0.6555789510904559	0.788789220711577	0.8846333253053402	0.940738195269588	0.9695594209474614	0.9836279625647292	0.1745386900860964	0.14983041319353496	0.11326711006449011	0.07163049826500274	0.03554955909991249	0.01298916984027488	0.0035967212117528056	0.0008740216440907382	0.00022230310526683765
159.0	-15.0	-4.0	0.1882215423273244	0.3389020215017007	0.5006984999678302	0.6555789510904557	0.7887892207115769	0.8846333253053401	0.9407381952695879	0.9695594209474613	0.983627962564729	0.17453869008609638	0.149830413193535	0.11326711006449013	0.07163049826500276	0.035549559099912524	0.012989169840274916	0.0035967212117528277	0.0008740216440907519	0.00022230310526684516
160.0	-15.0	-4.0	0.1882215423273245	0.3389020215017008	0.5006984999678303	0.6555789510904559	0.788789220711577	0.8846333253053402	0.940738195269588	0.9695594209474614	0.9836279625647292	0.17453869008609638	0.14983041319353502	0.11326711006449014	0.07163049826500276	0.03554955909991249	0.012989169840274884	0.0035967212117528104	0.0008740216440907406	0.0002223031052668391
161.0	-15.0	-4.0	0.18778287935306096	0.33949593854314297	0.5021048469664255	0.6568909498100729	0.7895346076715798	0.8849151123581364	0.9408263033546823	0.9696373077923647	0.9836338793700252	0.17106156894039817	0.1468093408925399	0.11114156927425456	0.07041375971287256	0.03503380243053763	0.012837450336011767	0.003563845316240147	0.0008646255581846536	0.00022094312687669234
162.0	-15.0	-4.0	0.18784747917213815	0.33963257715010936	0.5022567239935707	0.6569970999653137	0.7895832197190612	0.8849310002291945	0.940828820219529	0.9696309368074529	0.9836339875357413	0.17466780503214047	0.14882964488134587	0.11206140673773397	0.07075144793528418	0.03513147275398292	0.01286030937171942	0.0035688517203502357	0.000866162040901851	0.00022122329347221446
163.0	-15.0	-4.0	0.1878474791721381	0.33963257715010936	0.5022567239935707	0.6569970999653137	0.7895832197190611	0.8849310002291944	0.9408288202195288	0.9696309368074527	0.983633987535741	0.17466780503214047	0.14882964488134584	0.11206140673773392	0.07075144793528415	0.03513147275398291	0.012860309371719399	0.0035688517203502235	0.0008661620409018424	0.00022122329347221056
164.0	-15.0	-4.0	0.1877828793530609	0.33949593854314297	0.5021048469664253	0.6568909498100727	0.7895346076715796	0.8849151123581361	0.9408263033546821	0.9696373077923646	0.983633879370025	0.1710615689403982	0.14680934089253994	0.11114156927425456	0.07041375971287257	0.03503380243053763	0.012837450336011774	0.003563845316240149	0.0008646255581846539	0.00022094312687669267
165.0	-15.0	-4.0	0.1877828793530609	0.3394959385431429	0.5021048469664253	0.6568909498100727	0.7895346076715793	0.884915112358136	0.940826303354682	0.9696373077923645	0.9836338793700249	0.1710615689403981	0.14680934089253989	0.1111415692742545	0.07041375971287252	0.03503380243053757	0.012837450336011713	0.0035638453162401113	0.0008646255581846314	0.0002209431268766801
166.0	-15.0	-4.0	0.18778287935306087	0.3394959385431428	0.5021048469664251	0.6568909498100723	0.7895346076715791	0.8849151123581357	0.9408263033546816	0.9696373077923641	0.9836338793700246	0.17106156894039806	0.14680934089253977	0.11114156927425443	0.07041375971287245	0.03503380243053753	0.01283745033601169	0.0035638453162400927	0.000864625558184622	0.00022094312687667494
167.0	-15.0	-4.0	0.187847479172138	0.33963257715010925	0.5022567239935705	0.6569970999653134	0.7895832197190608	0.8849310002291939	0.9408288202195284	0.9696309368074523	0.9836339875357406	0.17466780503214044	0.14882964488134584	0.11206140673773392	0.07075144793528416	0.035131472753982915	0.012860309371719413	0.0035688517203502383	0.0008661620409018515	0.00022122329347221552
168.0	-15.0	-4.0	0.1878474791721381	0.3396325771501093	0.5022567239935705	0.6569970999653135	0.7895832197190609	0.884931000229194	0.9408288202195285	0.9696309368074524	0.9836339875357408	0.17466780503214052	0.14882964488134595	0.11206140673773402	0.07075144793528428	0.03513147275398302	0.012860309371719496	0.003568851720350291	0.0008661620409018835	0.0002212232934722326
169.0	-15.0	-4.0	0.18784747917213795	0.3396325771501091	0.5022567239935704	0.6569970999653134	0.7895832197190608	0.8849310002291939	0.9408288202195284	0.9696309368074523	0.9836339875357406	0.17466780503214047	0.14882964488134595	0.11206140673773406	0.07075144793528432	0.03513147275398307	0.012860309371719537	0.003568851720350321	0.0008661620409018999	0.00022122329347224137
170.0	-15.0	-4.0	0.18778287935306098	0.339495938543143	0.5021048469664254	0.6568909498100729	0.7895346076715798	0.8849151123581361	0.9408263033546821	0.9696373077923646	0.983633879370025	0.17106156894039812	0.14680934089253989	0.1111415692742545	0.07041375971287248	0.03503380243053754	0.0128374503360117	0.0035638453162400966	0.000864625558184624	0.00022094312687667624
171.0	-15.0	-4.0	0.18778287935306104	0.33949593854314314	0.5021048469664257	0.656890949810073	0.7895346076715798	0.8849151123581365	0.9408263033546824	0.9696373077923649	0.9836338793700253	0.17106156894039815	0.14680934089253983	0.11114156927425442	0.07041375971287242	0.035033802430537504	0.012837450336011667	0.0035638453162400788	0.0008646255581846131	0.00022094312687667012
172.0	-15.0	-4.0	0.187847479172138	0.33963257715010925	0.5022567239935705	0.6569970999653135	0.7895832197190609	0.884931000229194	0.9408288202195285	0.9696309368074524	0.9836339875357408	0.1746678050321406	0.148829644881346	0.11206140673773413	0.07075144793528435	0.035131472753983095	0.012860309371719558	0.0035688517203503363	0.0008661620409019105	0.00022122329347224715
173.0	-15.0	-4.0	0.18784747917213798	0.3396325771501092	0.5022567239935702	0.6569970999653134	0.7895832197190608	0.8849310002291939	0.9408288202195284	0.9696309368074523	0.9836339875357406	0.1746678050321405	0.14882964488134587	0.11206140673773402	0.07075144793528426	0.035131472753983005	0.012860309371719489	0.003568851720350291	0.0008661620409018826	0.00022122329347223224
174.0	-15.0	-4.0	0.18778287935306087	0.33949593854314286	0.5021048469664252	0.6568909498100725	0.7895346076715791	0.8849151123581359	0.9408263033546819	0.9696373077923642	0.9836338793700247	0.17106156894039812	0.14680934089253986	0.11114156927425452	0.07041375971287253	0.03503380243053759	0.012837450336011738	0.003563845316240126	0.0008646255581846408	0.00022094312687668524
175.0	-15.0	-4.0	0.18784747917213807	0.33963257715010936	0.5022567239935705	0.6569970999653135	0.7895832197190609	0.8849310002291941	0.9408288202195286	0.9696309368074526	0.9836339875357409	0.1746678050321405	0.14882964488134592	0.11206140673773402	0.07075144793528423	0.035131472753982984	0.012860309371719465	0.00356885172035027	0.0008661620409018701	0.00022122329347222525
176.0	-15.0	-4.0	0.18778287935306096	0.33949593854314297	0.5021048469664253	0.6568909498100727	0.7895346076715795	0.8849151123581361	0.9408263033546821	0.9696373077923646	0.983633879370025	0.17106156894039812	0.1468093408925399	0.11114156927425453	0.07041375971287253	0.0350338024305376	0.012837450336011759	0.003563845316240141	0.0008646255581846502	0.00022094312687669055
177.0	-15.0	-4.0	0.2247879797991795	0.42177430803160687	0.615839309925682	0.764149951652271	0.8615939935746401	0.9209360897577383	0.954882923797499	0.9743165991349739	0.9851263088485454	0.03973286535847162	0.016405056644999205	0.005801269108193358	0.0018887837700402863	0.0006049171252676546	0.00019601044091513103	5.672000552421376e-5	1.9500092515716726e-5	6.483762654282402e-6
178.0	-15.0	-4.0	0.22479113021871372	0.4217769880931228	0.6158416690177975	0.7641519156729875	0.8615918110408018	0.920935397041298	0.954885558026159	0.9743140319826177	0.9851260000397951	0.03971211029198817	0.016396508112997803	0.005799061370965843	0.0018881765395366676	0.000604644686630391	0.00019633898249826352	5.6709379790395376e-5	1.948877956071416e-5	6.484359019804726e-6
179.0	-15.0	-4.0	0.2247911302187136	0.4217769880931226	0.6158416690177971	0.764151915672987	0.8615918110408014	0.9209353970412976	0.9548855580261586	0.9743140319826173	0.9851260000397949	0.039712110291988144	0.016396508112997803	0.005799061370965845	0.0018881765395366683	0.0006046446866303908	0.0001963389824982636	5.670937979039538e-5	1.9488779560714186e-5	6.484359019804759e-6
180.0	-15.0	-4.0	0.22479113021871372	0.4217769880931227	0.6158416690177975	0.7641519156729875	0.861591811040802	0.9209353970412982	0.9548855580261592	0.974314031982618	0.9851260000397954	0.03971211029198817	0.0163965081129978	0.005799061370965848	0.001888176539536669	0.0006046446866303913	0.0001963389824982638	5.670937979039554e-5	1.9488779560714264e-5	6.484359019804785e-6
181.0	-15.0	-4.0	0.2247879797991795	0.4217743080316068	0.615839309925682	0.764149951652271	0.8615939935746401	0.9209360897577383	0.954882923797499	0.9743165991349739	0.9851263088485454	0.039732865358471633	0.0164050566449992	0.005801269108193357	0.0018887837700402841	0.0006049171252676535	0.00019601044091513008	5.672000552421325e-5	1.950009251571643e-5	6.483762654282215e-6
182.0	-15.0	-4.0	0.22479113021871366	0.4217769880931226	0.6158416690177971	0.764151915672987	0.8615918110408014	0.9209353970412976	0.9548855580261586	0.9743140319826173	0.9851260000397949	0.039712110291988165	0.016396508112997782	0.005799061370965842	0.001888176539536666	0.0006046446866303901	0.00019633898249826298	5.670937979039511e-5	1.9488779560714044e-5	6.48435901980467e-6
183.0	-15.0	-4.0	0.2247911302187137	0.42177698809312264	0.6158416690177975	0.7641519156729873	0.8615918110408017	0.9209353970412979	0.9548855580261589	0.9743140319826177	0.9851260000397951	0.03971211029198816	0.016396508112997803	0.005799061370965849	0.0018881765395366704	0.0006046446866303923	0.0001963389824982646	5.670937979039588e-5	1.948877956071449e-5	6.484359019804929e-6
184.0	-15.0	-4.0	0.22478797979917942	0.4217743080316066	0.6158393099256816	0.7641499516522702	0.8615939935746393	0.9209360897577374	0.9548829237974981	0.974316599134973	0.9851263088485442	0.039732865358471585	0.016405056644999173	0.005801269108193334	0.0018887837700402711	0.0006049171252676466	0.00019601044091512628	5.67200055242112e-5	1.950009251571525e-5	6.48376265428156e-6
185.0	-15.0	-4.0	0.2247911302187136	0.4217769880931225	0.6158416690177971	0.7641519156729869	0.8615918110408012	0.9209353970412975	0.9548855580261584	0.974314031982617	0.9851260000397946	0.03971211029198813	0.016396508112997775	0.005799061370965837	0.0018881765395366617	0.0006046446866303875	0.0001963389824982618	5.670937979039439e-5	1.9488779560713647e-5	6.484359019804444e-6
186.0	-15.0	-4.0	0.22479113021871372	0.4217769880931228	0.6158416690177975	0.7641519156729875	0.8615918110408022	0.9209353970412983	0.9548855580261595	0.9743140319826182	0.9851260000397958	0.03971211029198817	0.016396508112997813	0.005799061370965855	0.0018881765395366724	0.000604644686630394	0.00019633898249826512	5.670937979039625e-5	1.9488779560714667e-5	6.4843590198050114e-6
187.0	-15.0	-4.0	0.22479113021871366	0.4217769880931226	0.6158416690177971	0.764151915672987	0.8615918110408014	0.9209353970412976	0.9548855580261586	0.9743140319826172	0.9851260000397947	0.039712110291988144	0.016396508112997782	0.005799061370965841	0.0018881765395366659	0.0006046446866303897	0.00019633898249826298	5.670937979039501e-5	1.9488779560713986e-5	6.4843590198046404e-6
188.0	-15.0	-4.0	0.22478797979917928	0.4217743080316064	0.6158393099256813	0.7641499516522698	0.861593993574639	0.9209360897577371	0.9548829237974977	0.9743165991349727	0.9851263088485439	0.03973286535847157	0.016405056644999163	0.005801269108193332	0.0018887837700402705	0.0006049171252676465	0.00019601044091512647	5.6720005524211126e-5	1.9500092515715276e-5	6.483762654281594e-6
189.0	-15.0	-4.0	0.22476481620145497	0.42175711965880874	0.6158681797126312	0.7642330824562134	0.8615936783238162	0.9207892444619963	0.9549544985328045	0.9742577642856632	0.9851228126143418	0.0369236359742571	0.015243504087668214	0.005391911443936548	0.0017523227775822579	0.0005571924466506665	0.00018077685715336525	5.2614966977904136e-5	1.7781130986206512e-5	6.021003968154815e-6
190.0	-15.0	-4.0	0.224764816201455	0.42175711965880885	0.6158681797126313	0.7642330824562135	0.8615936783238163	0.9207892444619964	0.9549544985328047	0.9742577642856634	0.9851228126143419	0.03692363597425711	0.015243504087668218	0.005391911443936551	0.0017523227775822603	0.0005571924466506671	0.00018077685715336568	5.2614966977904387e-5	1.7781130986206675e-5	6.021003968154907e-6
191.0	-15.0	-4.0	0.2248087058906546	0.4217906125298849	0.615787671798865	0.7640735885325902	0.8616678321522686	0.9208995340937998	0.9548132787022986	0.9744267181223901	0.9851360105292947	0.04243888997366014	0.01753038981222447	0.006205120403093606	0.002028951206725386	0.0006544144016063714	0.00020155994587932688	6.142450761327102e-5	2.125768889910053e-5	6.944664764369902e-6
192.0	-15.0	-4.0	0.2248087058906548	0.42179061252988526	0.6157876717988654	0.7640735885325907	0.8616678321522692	0.9208995340938004	0.9548132787022992	0.9744267181223908	0.9851360105292953	0.042438889973660174	0.017530389812224483	0.00620512040309362	0.002028951206725394	0.0006544144016063761	0.0002015599458793295	6.14245076132725e-5	2.1257688899101345e-5	6.944664764370363e-6
1.0	-15.0	-4.5	0.1425563387484986	0.24006188334740636	0.3364755102233847	0.43018731342404887	0.5370002631779128	0.6667265288192918	0.803509602166172	0.9095619828509468	0.9649169145332946	0.27961891511827863	0.27982897920587296	0.2670941315872904	0.2337997044181719	0.18126755799543887	0.11860094946562365	0.05965833321215411	0.020352178423821612	0.00442555439716714
2.0	-15.0	-4.5	0.14251597785179312	0.240951158116673	0.33783328310704297	0.43140729385300897	0.5380227458257841	0.6675054873964474	0.8039854799331544	0.909775918616374	0.9649632381511543	0.28967345932189703	0.28716530779137456	0.27281082884007857	0.23851068108177748	0.18518449610192386	0.12143810992454378	0.061260662794041146	0.020995052507614	0.004592637958933527
3.0	-15.0	-4.5	0.1425159778517931	0.24095115811667292	0.33783328310704286	0.43140729385300874	0.5380227458257838	0.6675054873964469	0.8039854799331536	0.909775918616373	0.9649632381511533	0.2896734593218969	0.28716530779137445	0.27281082884007846	0.23851068108177745	0.1851844961019238	0.12143810992454376	0.061260662794041125	0.020995052507613993	0.0045926379589335195
4.0	-15.0	-4.5	0.14251597785179307	0.24095115811667286	0.3378332831070428	0.4314072938530086	0.5380227458257837	0.6675054873964471	0.8039854799331541	0.9097759186163734	0.9649632381511536	0.28967345932189703	0.28716530779137456	0.2728108288400786	0.23851068108177748	0.1851844961019239	0.12143810992454385	0.06126066279404121	0.020995052507614072	0.004592637958933593
5.0	-15.0	-4.5	0.14255633874849857	0.24006188334740625	0.3364755102233846	0.43018731342404876	0.5370002631779127	0.6667265288192916	0.8035096021661716	0.9095619828509465	0.9649169145332943	0.2796189151182785	0.27982897920587285	0.26709413158729034	0.23379970441817177	0.18126755799543873	0.11860094946562352	0.059658333212153955	0.020352178423821504	0.004425554397167072
6.0	-15.0	-4.5	0.14251597785179304	0.24095115811667284	0.3378332831070427	0.4314072938530086	0.5380227458257837	0.6675054873964469	0.8039854799331536	0.909775918616373	0.9649632381511531	0.28967345932189675	0.28716530779137434	0.27281082884007823	0.2385106810817772	0.18518449610192353	0.12143810992454351	0.061260662794040896	0.020995052507613795	0.0045926379589334
7.0	-15.0	-4.5	0.1425159778517931	0.24095115811667292	0.3378332831070428	0.4314072938530087	0.5380227458257838	0.667505487396447	0.8039854799331537	0.9097759186163731	0.9649632381511533	0.28967345932189675	0.28716530779137445	0.27281082884007835	0.2385106810817773	0.18518449610192372	0.12143810992454364	0.061260662794041035	0.020995052507613916	0.004592637958933476
8.0	-15.0	-4.5	0.14255633874849863	0.24006188334740636	0.33647551022338473	0.4301873134240489	0.5370002631779129	0.666726528819292	0.8035096021661722	0.9095619828509469	0.9649169145332948	0.27961891511827863	0.27982897920587285	0.2670941315872904	0.2337997044181718	0.18126755799543878	0.11860094946562354	0.05965833321215396	0.020352178423821508	0.004425554397167063
9.0	-15.0	-4.5	0.14251597785179312	0.24095115811667295	0.33783328310704286	0.43140729385300874	0.5380227458257838	0.667505487396447	0.8039854799331538	0.9097759186163733	0.9649632381511535	0.28967345932189686	0.28716530779137445	0.2728108288400784	0.2385106810817773	0.1851844961019237	0.12143810992454364	0.061260662794041014	0.02099505250761389	0.004592637958933444
10.0	-15.0	-4.5	0.1425159778517931	0.24095115811667292	0.3378332831070428	0.43140729385300874	0.5380227458257837	0.6675054873964469	0.8039854799331536	0.909775918616373	0.9649632381511531	0.28967345932189675	0.2871653077913743	0.27281082884007823	0.23851068108177714	0.18518449610192358	0.1214381099245435	0.06126066279404088	0.020995052507613788	0.004592637958933379
11.0	-15.0	-4.5	0.1425159778517931	0.24095115811667295	0.33783328310704286	0.43140729385300874	0.5380227458257837	0.6675054873964469	0.8039854799331536	0.909775918616373	0.9649632381511531	0.28967345932189675	0.28716530779137434	0.27281082884007835	0.23851068108177725	0.18518449610192367	0.1214381099245436	0.06126066279404099	0.020995052507613885	0.004592637958933453
12.0	-15.0	-4.5	0.14255633874849863	0.24006188334740627	0.3364755102233847	0.43018731342404887	0.5370002631779129	0.6667265288192918	0.803509602166172	0.9095619828509466	0.9649169145332945	0.2796189151182786	0.2798289792058729	0.2670941315872904	0.23379970441817183	0.18126755799543876	0.11860094946562354	0.05965833321215397	0.02035217842382151	0.0044255543971670735
13.0	-15.0	-4.5	0.12899655412193198	0.21186782315573596	0.2941340763407221	0.3747710853874181	0.46357277444507067	0.5697098239481063	0.6877737610321045	0.7864351814637445	0.8459677192471589	0.32115862522708155	0.3235189473528158	0.3125868549991013	0.28559937860757767	0.24384116402326703	0.19058347307658147	0.13552777700293625	0.09280575878895204	0.06747786035232384
14.0	-15.0	-4.5	0.12899655412193198	0.21186782315573596	0.2941340763407221	0.3747710853874181	0.46357277444507067	0.5697098239481063	0.6877737610321045	0.7864351814637445	0.8459677192471589	0.32115862522708155	0.3235189473528158	0.3125868549991013	0.28559937860757767	0.243841164023267	0.19058347307658152	0.1355277770029363	0.09280575878895209	0.06747786035232387
15.0	-15.0	-4.5	0.14384857099571688	0.238629119285795	0.3260041445017274	0.4009501612324852	0.4721358888504495	0.5428630881396258	0.606945988968098	0.6599746826405041	0.7065898824671766	0.3422932488206728	0.3510083905743849	0.3452064177505036	0.3219660571836616	0.2861541126175816	0.2462625153288801	0.20914435952967986	0.17815462545876243	0.15177601344769212
16.0	-15.0	-4.5	0.14925626689788843	0.2598078495137065	0.37488451133344697	0.4875534242029369	0.6042469801236026	0.727463948971021	0.8435485703184573	0.9271794144686243	0.9699539894976779	0.2808873520163368	0.28006550176578937	0.2667475105525529	0.23225200649432365	0.17853873424400907	0.11413041192507509	0.05504744574615473	0.017901826539980664	0.003951201288247671
17.0	-15.0	-4.5	0.14327164755847813	0.24252606059107432	0.34210726508130546	0.4415275030414863	0.5555188826429116	0.6896528086992373	0.8230835506213143	0.9200482404434557	0.9682696488822028	0.3404105445522002	0.3426670621984732	0.3272682927820778	0.28683244817278136	0.2218171467398708	0.14158283890683218	0.06726521236812838	0.021116596320257443	0.004394404180809735
18.0	-15.0	-4.5	0.1438485709957168	0.23862911928579492	0.32600414450172727	0.4009501612324851	0.4721358888504493	0.5428630881396256	0.6069459889680978	0.6599746826405039	0.7065898824671762	0.3422932488206727	0.3510083905743846	0.34520641775050337	0.32196605718366134	0.28615411261758134	0.24626251532887994	0.2091443595296797	0.17815462545876226	0.15177601344769195
19.0	-15.0	-4.5	0.12899655412193195	0.21186782315573593	0.29413407634072203	0.374771085387418	0.4635727744450706	0.5697098239481063	0.6877737610321045	0.7864351814637445	0.8459677192471591	0.32115862522708166	0.32351894735281583	0.31258685499910144	0.28559937860757784	0.24384116402326728	0.1905834730765817	0.1355277770029365	0.09280575878895227	0.06747786035232405
20.0	-15.0	-4.5	0.14384857099571688	0.238629119285795	0.3260041445017274	0.4009501612324853	0.47213588885044955	0.5428630881396258	0.6069459889680981	0.6599746826405042	0.7065898824671767	0.34229324882067275	0.35100839057438477	0.34520641775050365	0.3219660571836616	0.28615411261758156	0.2462625153288801	0.20914435952967986	0.17815462545876246	0.1517760134476922
21.0	-15.0	-4.5	0.12899655412193192	0.21186782315573588	0.29413407634072203	0.374771085387418	0.4635727744450706	0.5697098239481064	0.6877737610321046	0.7864351814637446	0.8459677192471592	0.3211586252270816	0.32351894735281583	0.31258685499910144	0.2855993786075778	0.24384116402326717	0.19058347307658166	0.13552777700293644	0.09280575878895221	0.06747786035232405
22.0	-15.0	-4.5	0.14327164755847807	0.2425260605910743	0.34210726508130535	0.4415275030414861	0.5555188826429113	0.689652808699237	0.823083550621314	0.9200482404434552	0.9682696488822023	0.34041054455220016	0.3426670621984731	0.3272682927820778	0.28683244817278136	0.2218171467398708	0.1415828389068322	0.06726521236812841	0.021116596320257478	0.004394404180809757
23.0	-15.0	-4.5	0.1492562668978884	0.2598078495137065	0.37488451133344697	0.48755342420293707	0.6042469801236028	0.7274639489710212	0.8435485703184575	0.9271794144686244	0.969953989497678	0.2808873520163368	0.28006550176578937	0.26674751055255286	0.23225200649432362	0.17853873424400904	0.11413041192507506	0.05504744574615471	0.017901826539980653	0.003951201288247663
24.0	-15.0	-4.5	0.12899655412193198	0.21186782315573593	0.2941340763407221	0.374771085387418	0.4635727744450706	0.5697098239481064	0.6877737610321046	0.7864351814637446	0.8459677192471594	0.3211586252270817	0.32351894735281583	0.3125868549991015	0.28559937860757784	0.24384116402326725	0.1905834730765817	0.13552777700293647	0.09280575878895228	0.06747786035232409
25.0	-15.0	-4.5	0.14925626689788837	0.25980784951370645	0.37488451133344686	0.48755342420293685	0.6042469801236026	0.727463948971021	0.8435485703184573	0.927179414468624	0.9699539894976775	0.28088735201633674	0.28006550176578926	0.2667475105525528	0.23225200649432354	0.17853873424400893	0.11413041192507498	0.05504744574615459	0.017901826539980563	0.003951201288247624
26.0	-15.0	-4.5	0.14327164755847807	0.2425260605910742	0.34210726508130535	0.441527503041486	0.5555188826429112	0.6896528086992367	0.8230835506213137	0.9200482404434549	0.968269648882202	0.34041054455220005	0.342667062198473	0.3272682927820777	0.2868324481727812	0.22181714673987063	0.14158283890683213	0.06726521236812834	0.021116596320257423	0.00439440418080972
27.0	-15.0	-4.5	0.14327164755847804	0.24252606059107415	0.3421072650813052	0.4415275030414859	0.5555188826429112	0.6896528086992367	0.8230835506213136	0.9200482404434546	0.9682696488822017	0.34041054455219993	0.342667062198473	0.3272682927820776	0.28683244817278114	0.2218171467398706	0.14158283890683204	0.06726521236812828	0.021116596320257395	0.004394404180809699
28.0	-15.0	-4.5	0.14925626689788837	0.25980784951370645	0.37488451133344686	0.4875534242029369	0.6042469801236026	0.727463948971021	0.8435485703184572	0.9271794144686238	0.9699539894976774	0.28088735201633663	0.28006550176578926	0.26674751055255275	0.23225200649432348	0.17853873424400893	0.114130411925075	0.055047445746154625	0.017901826539980587	0.003951201288247628
29.0	-15.0	-4.5	0.14384857099571685	0.23862911928579497	0.3260041445017274	0.4009501612324852	0.4721358888504495	0.5428630881396258	0.606945988968098	0.659974682640504	0.7065898824671766	0.3422932488206729	0.3510083905743849	0.34520641775050365	0.32196605718366167	0.28615411261758167	0.24626251532888024	0.2091443595296799	0.17815462545876257	0.15177601344769232
30.0	-15.0	-4.5	0.12899655412193198	0.21186782315573593	0.29413407634072203	0.3747710853874181	0.46357277444507067	0.5697098239481065	0.6877737610321045	0.7864351814637446	0.8459677192471591	0.32115862522708166	0.323518947352816	0.3125868549991015	0.28559937860757784	0.2438411640232672	0.19058347307658163	0.13552777700293647	0.09280575878895223	0.06747786035232403
31.0	-15.0	-4.5	0.14925626689788837	0.2598078495137065	0.37488451133344686	0.487553424202937	0.6042469801236027	0.7274639489710212	0.8435485703184575	0.9271794144686244	0.969953989497678	0.28088735201633686	0.2800655017657895	0.26674751055255297	0.23225200649432373	0.17853873424400912	0.11413041192507514	0.055047445746154756	0.017901826539980684	0.003951201288247688
32.0	-15.0	-4.5	0.14384857099571677	0.23862911928579492	0.32600414450172727	0.4009501612324851	0.4721358888504493	0.5428630881396256	0.6069459889680978	0.659974682640504	0.7065898824671766	0.34229324882067275	0.3510083905743847	0.3452064177505035	0.32196605718366145	0.2861541126175814	0.24626251532888	0.20914435952967964	0.1781546254587622	0.15177601344769193
33.0	-15.0	-4.5	0.14327164755847807	0.24252606059107423	0.34210726508130535	0.44152750304148625	0.5555188826429115	0.6896528086992372	0.8230835506213141	0.9200482404434555	0.9682696488822027	0.34041054455220016	0.3426670621984731	0.32726829278207775	0.28683244817278136	0.2218171467398708	0.14158283890683218	0.06726521236812841	0.021116596320257464	0.004394404180809745
34.0	-15.0	-4.5	0.14327164755847804	0.2425260605910742	0.34210726508130535	0.441527503041486	0.5555188826429112	0.6896528086992367	0.8230835506213137	0.9200482404434549	0.968269648882202	0.3404105445522	0.3426670621984731	0.3272682927820776	0.2868324481727812	0.22181714673987063	0.14158283890683207	0.0672652123681283	0.021116596320257416	0.004394404180809723
35.0	-15.0	-4.5	0.14925626689788835	0.25980784951370645	0.37488451133344686	0.4875534242029369	0.6042469801236026	0.727463948971021	0.8435485703184573	0.9271794144686241	0.9699539894976777	0.28088735201633674	0.28006550176578926	0.2667475105525528	0.2322520064943236	0.178538734244009	0.11413041192507506	0.05504744574615471	0.017901826539980646	0.003951201288247656
36.0	-15.0	-4.5	0.12899655412193198	0.211867823155736	0.2941340763407222	0.37477108538741827	0.4635727744450708	0.5697098239481065	0.6877737610321049	0.7864351814637449	0.8459677192471594	0.3211586252270817	0.32351894735281594	0.31258685499910155	0.2855993786075779	0.24384116402326722	0.1905834730765817	0.1355277770029364	0.09280575878895224	0.06747786035232405
37.0	-15.0	-4.5	0.14384857099571674	0.23862911928579483	0.3260041445017272	0.40095016123248506	0.47213588885044927	0.5428630881396255	0.6069459889680977	0.6599746826405036	0.7065898824671762	0.3422932488206727	0.3510083905743846	0.34520641775050337	0.3219660571836614	0.28615411261758145	0.24626251532888	0.2091443595296797	0.1781546254587623	0.15177601344769204
38.0	-15.0	-4.5	0.14925626689788835	0.25980784951370645	0.37488451133344686	0.4875534242029369	0.6042469801236026	0.727463948971021	0.8435485703184573	0.927179414468624	0.9699539894976775	0.2808873520163367	0.28006550176578926	0.26674751055255275	0.23225200649432354	0.17853873424400896	0.114130411925075	0.05504744574615463	0.01790182653998059	0.00395120128824763
39.0	-15.0	-4.5	0.14327164755847804	0.2425260605910742	0.34210726508130523	0.441527503041486	0.5555188826429112	0.6896528086992368	0.8230835506213137	0.9200482404434549	0.968269648882202	0.34041054455220005	0.34266706219847304	0.3272682927820777	0.28683244817278114	0.2218171467398707	0.14158283890683215	0.06726521236812838	0.02111659632025746	0.004394404180809751
40.0	-15.0	-4.5	0.14384857099571682	0.23862911928579497	0.3260041445017273	0.4009501612324851	0.4721358888504493	0.5428630881396256	0.6069459889680978	0.659974682640504	0.7065898824671766	0.34229324882067286	0.35100839057438477	0.3452064177505035	0.3219660571836615	0.2861541126175815	0.24626251532888013	0.20914435952967986	0.1781546254587624	0.15177601344769215
41.0	-15.0	-4.5	0.14327164755847802	0.24252606059107415	0.34210726508130523	0.441527503041486	0.5555188826429112	0.6896528086992367	0.8230835506213136	0.9200482404434547	0.9682696488822019	0.34041054455220005	0.34266706219847304	0.32726829278207764	0.28683244817278114	0.22181714673987057	0.14158283890683201	0.06726521236812825	0.021116596320257378	0.004394404180809704
42.0	-15.0	-4.5	0.14384857099571682	0.23862911928579497	0.3260041445017273	0.4009501612324851	0.4721358888504493	0.5428630881396256	0.6069459889680978	0.6599746826405039	0.7065898824671764	0.34229324882067286	0.3510083905743847	0.34520641775050354	0.32196605718366156	0.28615411261758167	0.24626251532888027	0.20914435952967997	0.17815462545876257	0.15177601344769234
43.0	-15.0	-4.5	0.1492562668978884	0.2598078495137065	0.37488451133344686	0.4875534242029369	0.6042469801236026	0.727463948971021	0.8435485703184573	0.9271794144686241	0.9699539894976777	0.28088735201633674	0.28006550176578926	0.26674751055255286	0.23225200649432362	0.178538734244009	0.11413041192507502	0.055047445746154625	0.017901826539980577	0.003951201288247618
44.0	-15.0	-4.5	0.12899655412193192	0.21186782315573588	0.29413407634072203	0.374771085387418	0.4635727744450706	0.5697098239481063	0.6877737610321046	0.7864351814637446	0.8459677192471591	0.3211586252270816	0.3235189473528158	0.31258685499910144	0.2855993786075778	0.24384116402326714	0.19058347307658163	0.1355277770029364	0.09280575878895218	0.06747786035232396
45.0	-15.0	-4.5	0.12957035021424984	0.21264254857816745	0.2948420181026545	0.375307916358148	0.46397013651961977	0.5700041900582521	0.687858919315812	0.7862574389803945	0.8457041395983412	0.3298343478473474	0.33081115959773855	0.3186575182794074	0.2909842186040714	0.2487436197750786	0.1946948484273786	0.13841930229935234	0.09453402170164191	0.06841918166315313
46.0	-15.0	-4.5	0.12957035021424979	0.2126425485781674	0.2948420181026544	0.375307916358148	0.46397013651961966	0.5700041900582519	0.6878589193158119	0.7862574389803944	0.845704139598341	0.32983434784734733	0.33081115959773866	0.3186575182794075	0.2909842186040715	0.2487436197750787	0.1946948484273787	0.13841930229935245	0.094534021701642	0.06841918166315322
47.0	-15.0	-4.5	0.14453888764762388	0.23893220132084475	0.32617568768902905	0.4011955934604809	0.472043438533206	0.5422191637711777	0.6061326325952805	0.6591027470542239	0.7057011706768448	0.3437700792945028	0.35194866067631003	0.3456204955482119	0.3225472553147184	0.28686171622747036	0.2469625260372451	0.20973641364287565	0.178688384194888	0.15227517364571527
48.0	-15.0	-4.5	0.14930112035333656	0.25985308972505383	0.3748778158248768	0.4874901708460061	0.6041909690028916	0.7273614778413952	0.8434857620461045	0.9271434022595317	0.9699506649007863	0.2832169786726238	0.28149517318567074	0.2676128178393483	0.2327712287179202	0.17883153066047136	0.11429216999374979	0.05512274249888713	0.017931075871143388	0.003956516775279061
49.0	-15.0	-4.5	0.1445388876476239	0.2389322013208448	0.3261756876890291	0.4011955934604809	0.472043438533206	0.5422191637711777	0.6061326325952805	0.6591027470542239	0.7057011706768448	0.3437700792945029	0.3519486606763101	0.34562049554821206	0.32254725531471845	0.28686171622747036	0.2469625260372451	0.20973641364287565	0.17868838419488797	0.15227517364571524
50.0	-15.0	-4.5	0.1295703502142498	0.21264254857816745	0.2948420181026545	0.375307916358148	0.46397013651961966	0.5700041900582519	0.6878589193158119	0.7862574389803944	0.845704139598341	0.3298343478473474	0.33081115959773866	0.31865751827940747	0.2909842186040714	0.24874361977507864	0.19469484842737858	0.13841930229935231	0.09453402170164185	0.06841918166315306
51.0	-15.0	-4.5	0.14453888764762388	0.23893220132084475	0.32617568768902905	0.4011955934604809	0.472043438533206	0.5422191637711778	0.6061326325952806	0.6591027470542239	0.7057011706768448	0.3437700792945029	0.3519486606763101	0.345620495548212	0.32254725531471845	0.2868617162274705	0.2469625260372451	0.2097364136428758	0.17868838419488806	0.1522751736457154
52.0	-15.0	-4.5	0.12957035021424984	0.21264254857816747	0.2948420181026545	0.3753079163581481	0.4639701365196198	0.5700041900582521	0.6878589193158121	0.7862574389803946	0.8457041395983413	0.32983434784734755	0.3308111595977387	0.3186575182794076	0.2909842186040716	0.24874361977507878	0.19469484842737872	0.13841930229935243	0.09453402170164198	0.06841918166315322
53.0	-15.0	-4.5	0.14930112035333654	0.2598530897250538	0.3748778158248767	0.487490170846006	0.6041909690028915	0.7273614778413952	0.8434857620461045	0.9271434022595317	0.9699506649007863	0.28321697867262385	0.2814951731856707	0.26761281783934826	0.23277122871792005	0.17883153066047125	0.11429216999374972	0.05512274249888708	0.017931075871143336	0.003956516775279038
54.0	-15.0	-4.5	0.14453888764762396	0.2389322013208449	0.32617568768902916	0.401195593460481	0.4720434385332061	0.5422191637711778	0.6061326325952806	0.6591027470542239	0.7057011706768448	0.34377007929450276	0.35194866067631003	0.3456204955482119	0.32254725531471834	0.28686171622747025	0.24696252603724503	0.20973641364287554	0.1786883841948879	0.1522751736457151
55.0	-15.0	-4.5	0.12957035021424984	0.21264254857816747	0.2948420181026545	0.3753079163581481	0.4639701365196198	0.5700041900582521	0.6878589193158121	0.7862574389803948	0.8457041395983416	0.32983434784734744	0.33081115959773877	0.31865751827940764	0.29098421860407153	0.24874361977507878	0.19469484842737877	0.1384193022993525	0.09453402170164206	0.06841918166315328
56.0	-15.0	-4.5	0.14930112035333656	0.25985308972505383	0.3748778158248768	0.4874901708460061	0.6041909690028916	0.7273614778413954	0.8434857620461046	0.9271434022595318	0.9699506649007865	0.2832169786726239	0.2814951731856708	0.2676128178393483	0.23277122871792022	0.17883153066047136	0.1142921699937498	0.05512274249888715	0.017931075871143384	0.003956516775279063
57.0	-15.0	-4.5	0.14930112035333656	0.25985308972505383	0.3748778158248768	0.48749017084600615	0.6041909690028917	0.7273614778413954	0.8434857620461046	0.9271434022595318	0.9699506649007865	0.2832169786726238	0.2814951731856707	0.2676128178393482	0.2327712287179201	0.17883153066047128	0.11429216999374973	0.0551227424988871	0.01793107587114337	0.003956516775279061
58.0	-15.0	-4.5	0.12957035021424984	0.2126425485781674	0.2948420181026544	0.3753079163581479	0.4639701365196196	0.5700041900582518	0.6878589193158117	0.7862574389803941	0.8457041395983409	0.32983434784734733	0.33081115959773855	0.31865751827940736	0.29098421860407137	0.2487436197750786	0.1946948484273786	0.13841930229935234	0.0945340217016419	0.06841918166315308
59.0	-15.0	-4.5	0.14930112035333656	0.25985308972505383	0.3748778158248768	0.4874901708460061	0.6041909690028916	0.7273614778413952	0.8434857620461045	0.9271434022595317	0.9699506649007863	0.2832169786726238	0.2814951731856707	0.26761281783934815	0.23277122871791997	0.17883153066047114	0.11429216999374957	0.055122742498886906	0.01793107587114322	0.0039565167752789775
60.0	-15.0	-4.5	0.14453888764762388	0.23893220132084475	0.32617568768902905	0.4011955934604809	0.472043438533206	0.5422191637711778	0.6061326325952806	0.6591027470542239	0.7057011706768448	0.34377007929450276	0.35194866067631	0.34562049554821195	0.3225472553147183	0.28686171622747036	0.24696252603724508	0.20973641364287568	0.178688384194888	0.15227517364571527
61.0	-15.0	-4.5	0.14453888764762388	0.2389322013208447	0.326175687689029	0.4011955934604809	0.4720434385332059	0.5422191637711776	0.6061326325952804	0.6591027470542238	0.7057011706768447	0.34377007929450276	0.35194866067631014	0.3456204955482119	0.3225472553147184	0.2868617162274703	0.24696252603724514	0.20973641364287565	0.17868838419488803	0.15227517364571524
62.0	-15.0	-4.5	0.14930112035333654	0.2598530897250537	0.3748778158248767	0.487490170846006	0.6041909690028915	0.727361477841395	0.8434857620461043	0.9271434022595315	0.9699506649007862	0.28321697867262385	0.28149517318567063	0.2676128178393481	0.23277122871792005	0.17883153066047122	0.11429216999374969	0.05512274249888704	0.017931075871143308	0.003956516775279006
63.0	-15.0	-4.5	0.12957035021424984	0.2126425485781674	0.2948420181026544	0.375307916358148	0.46397013651961966	0.5700041900582519	0.6878589193158119	0.7862574389803944	0.845704139598341	0.32983434784734733	0.33081115959773866	0.31865751827940736	0.29098421860407137	0.24874361977507858	0.19469484842737853	0.13841930229935226	0.09453402170164178	0.06841918166315304
64.0	-15.0	-4.5	0.1493011203533365	0.2598530897250537	0.3748778158248767	0.487490170846006	0.6041909690028915	0.727361477841395	0.8434857620461043	0.9271434022595315	0.9699506649007862	0.28321697867262385	0.28149517318567074	0.2676128178393482	0.2327712287179201	0.17883153066047125	0.11429216999374975	0.05512274249888709	0.01793107587114336	0.003956516775279067
65.0	-15.0	-4.5	0.14930112035333656	0.2598530897250538	0.3748778158248767	0.4874901708460061	0.6041909690028916	0.7273614778413954	0.8434857620461046	0.9271434022595318	0.9699506649007865	0.28321697867262385	0.28149517318567074	0.2676128178393482	0.23277122871792016	0.1788315306604713	0.11429216999374976	0.055122742498887115	0.017931075871143377	0.003956516775279065
66.0	-15.0	-4.5	0.12957035021424979	0.2126425485781673	0.2948420181026543	0.3753079163581479	0.4639701365196196	0.5700041900582518	0.6878589193158118	0.7862574389803944	0.845704139598341	0.3298343478473474	0.33081115959773866	0.3186575182794075	0.29098421860407153	0.24874361977507878	0.1946948484273787	0.13841930229935245	0.09453402170164202	0.06841918166315322
67.0	-15.0	-4.5	0.1445388876476239	0.23893220132084475	0.32617568768902905	0.4011955934604809	0.4720434385332061	0.5422191637711778	0.6061326325952807	0.659102747054224	0.705701170676845	0.3437700792945028	0.35194866067631003	0.34562049554821195	0.3225472553147184	0.2868617162274704	0.24696252603724528	0.20973641364287576	0.17868838419488817	0.15227517364571538
68.0	-15.0	-4.5	0.14453888764762385	0.2389322013208447	0.326175687689029	0.40119559346048084	0.4720434385332059	0.5422191637711776	0.6061326325952804	0.6591027470542238	0.7057011706768447	0.3437700792945028	0.35194866067631003	0.3456204955482119	0.32254725531471834	0.28686171622747036	0.2469625260372451	0.20973641364287568	0.178688384194888	0.15227517364571527
69.0	-15.0	-4.5	0.14242973275327553	0.24177373701376656	0.3391671479713384	0.43269863461714814	0.5391667370450961	0.6683658349487818	0.8044201107193949	0.9098921350677088	0.9649961603434243	0.29479284382399096	0.291742942142464	0.27701908362332184	0.24235584439180607	0.1885946450957015	0.12402673861912569	0.06280448370532973	0.021648592155389213	0.0047706569430316864
70.0	-15.0	-4.5	0.14242973275327556	0.24177373701376656	0.3391671479713384	0.43269863461714814	0.5391667370450961	0.6683658349487818	0.8044201107193949	0.9098921350677087	0.9649961603434243	0.29479284382399096	0.2917429421424639	0.27701908362332167	0.24235584439180585	0.1885946450957013	0.12402673861912546	0.06280448370532953	0.021648592155389043	0.004770656943031575
71.0	-15.0	-4.5	0.1424297327532755	0.2417737370137665	0.33916714797133823	0.43269863461714797	0.539166737045096	0.6683658349487817	0.8044201107193947	0.9098921350677087	0.9649961603434241	0.294792843823991	0.291742942142464	0.27701908362332184	0.24235584439180602	0.18859464509570154	0.12402673861912561	0.06280448370532965	0.021648592155389154	0.004770656943031664
72.0	-15.0	-4.5	0.14242973275327553	0.24177373701376653	0.3391671479713383	0.4326986346171481	0.5391667370450961	0.6683658349487817	0.8044201107193947	0.9098921350677085	0.964996160343424	0.29479284382399074	0.29174294214246377	0.2770190836233215	0.24235584439180569	0.18859464509570117	0.12402673861912528	0.06280448370532937	0.02164859215538891	0.004770656943031502
73.0	-15.0	-4.5	0.1693897689766383	0.3073830420996708	0.4512009554099072	0.584412883047161	0.7093181256405835	0.8214631204017521	0.9064434688581892	0.9562682296956699	0.979683008318718	0.20233335269509245	0.18133304580140536	0.15563860148936082	0.12183338186060663	0.0826941978516419	0.04536440113487683	0.018293232903099158	0.005120226908005541	0.0011186299538147977
74.0	-15.0	-4.5	0.16943175322474396	0.30753101697014273	0.4514280366305443	0.5846118363420048	0.7094280484066161	0.8215627588676842	0.9064957444930666	0.9562913892977282	0.979679819952807	0.20652536697288204	0.1840421464982224	0.15708048137654196	0.122483014385981	0.08294416345492572	0.04542625778171121	0.01829816313860627	0.005117287834685874	0.00112022946241732
75.0	-15.0	-4.5	0.16943175322474405	0.3075310169701428	0.4514280366305444	0.5846118363420048	0.7094280484066161	0.8215627588676842	0.9064957444930667	0.9562913892977284	0.9796798199528071	0.20652536697288215	0.18404214649822245	0.15708048137654207	0.12248301438598114	0.0829441634549258	0.04542625778171131	0.018298163138606358	0.0051172878346859504	0.0011202294624173704
76.0	-15.0	-4.5	0.1693897689766382	0.3073830420996707	0.4512009554099071	0.5844128830471608	0.7093181256405832	0.821463120401752	0.9064434688581888	0.9562682296956696	0.9796830083187177	0.2023333526950924	0.1813330458014053	0.15563860148936076	0.12183338186060656	0.08269419785164181	0.04536440113487676	0.018293232903099116	0.005120226908005501	0.0011186299538147755
77.0	-15.0	-4.5	0.16938976897663827	0.3073830420996707	0.451200955409907	0.5844128830471608	0.7093181256405833	0.821463120401752	0.9064434688581889	0.9562682296956697	0.9796830083187179	0.20233335269509237	0.1813330458014053	0.15563860148936076	0.12183338186060652	0.0826941978516418	0.04536440113487674	0.018293232903099067	0.005120226908005461	0.0011186299538147489
78.0	-15.0	-4.5	0.169431753224744	0.3075310169701428	0.4514280366305445	0.5846118363420049	0.7094280484066162	0.8215627588676843	0.906495744493067	0.9562913892977287	0.9796798199528074	0.20652536697288215	0.18404214649822248	0.15708048137654207	0.12248301438598114	0.0829441634549258	0.04542625778171129	0.018298163138606324	0.005117287834685909	0.0011202294624173435
79.0	-15.0	-4.5	0.169431753224744	0.3075310169701428	0.4514280366305444	0.5846118363420046	0.7094280484066161	0.8215627588676842	0.9064957444930669	0.9562913892977285	0.9796798199528072	0.20652536697288215	0.18404214649822237	0.15708048137654193	0.12248301438598097	0.08294416345492563	0.045426257781711145	0.0182981631386062	0.005117287834685813	0.0011202294624172789
80.0	-15.0	-4.5	0.1693897689766383	0.3073830420996708	0.45120095540990734	0.5844128830471612	0.7093181256405836	0.8214631204017525	0.9064434688581896	0.9562682296956705	0.9796830083187187	0.2023333526950924	0.18133304580140533	0.1556386014893608	0.12183338186060662	0.08269419785164187	0.04536440113487682	0.01829323290309914	0.005120226908005513	0.0011186299538147803
81.0	-15.0	-4.5	0.1693897689766384	0.3073830420996709	0.4512009554099074	0.5844128830471613	0.7093181256405837	0.8214631204017527	0.9064434688581899	0.9562682296956707	0.9796830083187188	0.2023333526950924	0.18133304580140536	0.15563860148936082	0.12183338186060665	0.08269419785164188	0.04536440113487681	0.018293232903099116	0.005120226908005499	0.0011186299538147692
82.0	-15.0	-4.5	0.169431753224744	0.3075310169701428	0.4514280366305444	0.5846118363420049	0.7094280484066162	0.8215627588676843	0.9064957444930669	0.9562913892977285	0.9796798199528072	0.2065253669728822	0.18404214649822248	0.15708048137654207	0.12248301438598112	0.08294416345492578	0.045426257781711284	0.01829816313860632	0.005117287834685908	0.0011202294624173441
83.0	-15.0	-4.5	0.16938976897663835	0.3073830420996708	0.45120095540990723	0.5844128830471611	0.7093181256405836	0.8214631204017524	0.9064434688581894	0.9562682296956703	0.9796830083187184	0.20233335269509245	0.18133304580140538	0.15563860148936087	0.12183338186060669	0.08269419785164195	0.045364401134876865	0.0182932329030992	0.0051202269080055565	0.001118629953814806
84.0	-15.0	-4.5	0.16943175322474405	0.3075310169701429	0.4514280366305445	0.584611836342005	0.7094280484066163	0.8215627588676844	0.9064957444930671	0.9562913892977288	0.9796798199528075	0.20652536697288204	0.18404214649822231	0.15708048137654188	0.1224830143859809	0.08294416345492563	0.0454262577817111	0.018298163138606167	0.005117287834685786	0.0011202294624172624
85.0	-15.0	-4.5	0.16943175322474396	0.30753101697014273	0.4514280366305443	0.5846118363420045	0.7094280484066161	0.8215627588676839	0.9064957444930664	0.9562913892977281	0.9796798199528067	0.20652536697288218	0.18404214649822256	0.15708048137654215	0.12248301438598119	0.08294416345492592	0.04542625778171138	0.018298163138606414	0.005117287834685993	0.0011202294624174007
86.0	-15.0	-4.5	0.1694317532247439	0.3075310169701426	0.45142803663054426	0.5846118363420045	0.7094280484066159	0.8215627588676838	0.9064957444930662	0.956291389297728	0.9796798199528066	0.20652536697288212	0.18404214649822245	0.15708048137654199	0.12248301438598107	0.08294416345492578	0.045426257781711284	0.01829816313860634	0.005117287834685935	0.001120229462417361
87.0	-15.0	-4.5	0.16938976897663832	0.30738304209967077	0.4512009554099072	0.584412883047161	0.7093181256405833	0.8214631204017521	0.9064434688581892	0.9562682296956699	0.979683008318718	0.2023333526950924	0.18133304580140533	0.15563860148936084	0.12183338186060663	0.08269419785164189	0.04536440113487684	0.018293232903099192	0.005120226908005555	0.0011186299538148124
88.0	-15.0	-4.5	0.1693897689766384	0.307383042099671	0.45120095540990757	0.5844128830471615	0.709318125640584	0.821463120401753	0.9064434688581902	0.9562682296956712	0.9796830083187192	0.2023333526950925	0.18133304580140547	0.1556386014893609	0.12183338186060674	0.08269419785164199	0.045364401134876865	0.018293232903099185	0.005120226908005554	0.0011186299538148037
89.0	-15.0	-4.5	0.12655258499473807	0.1968232255534619	0.25699276360480483	0.3077936070027282	0.35694680075598817	0.4057224484529653	0.4492664541567351	0.4861659525583992	0.5222598739264407	0.4331202245507292	0.44545735925792207	0.43877271842988397	0.4192547254406165	0.39309987618643033	0.3645741814497231	0.33728516934431	0.312691066339986	0.2887700030591015
90.0	-15.0	-4.5	0.12655258499473807	0.1968232255534619	0.25699276360480483	0.3077936070027281	0.35694680075598817	0.4057224484529653	0.4492664541567351	0.4861659525583992	0.5222598739264407	0.4331202245507293	0.44545735925792207	0.438772718429884	0.41925472544061665	0.3930998761864305	0.36457418144972326	0.3372851693443102	0.3126910663399861	0.2887700030591017
91.0	-15.0	-4.5	0.14390339136908156	0.2386046743135491	0.3257747401407442	0.40065912593644765	0.4719931386152189	0.5429724072135272	0.6070736298452212	0.6601820857356366	0.706832988089141	0.3615793153931189	0.3684559260620297	0.36095792274873073	0.33642750734383353	0.2997966806155704	0.2592295686397801	0.22156957049499398	0.18987894001181457	0.16246469539969788
92.0	-15.0	-4.5	0.12655258499473807	0.1968232255534619	0.25699276360480483	0.3077936070027282	0.35694680075598817	0.40572244845296535	0.44926645415673516	0.48616595255839923	0.5222598739264407	0.4331202245507294	0.4454573592579221	0.4387727184298841	0.4192547254406167	0.39309987618643055	0.36457418144972326	0.3372851693443102	0.3126910663399861	0.2887700030591017
93.0	-15.0	-4.5	0.12655258499473812	0.19682322555346202	0.256992763604805	0.3077936070027284	0.3569468007559884	0.40572244845296557	0.4492664541567355	0.4861659525583997	0.5222598739264411	0.4331202245507297	0.44545735925792257	0.4387727184298845	0.41925472544061704	0.39309987618643094	0.3645741814497237	0.33728516934431063	0.31269106633998667	0.28877000305910216
94.0	-15.0	-4.5	0.14390339136908162	0.23860467431354918	0.3257747401407443	0.40065912593644765	0.4719931386152189	0.5429724072135272	0.6070736298452212	0.6601820857356366	0.706832988089141	0.3615793153931188	0.3684559260620295	0.3609579227487306	0.3364275073438333	0.29979668061557013	0.25922956863977975	0.22156957049499368	0.18987894001181418	0.16246469539969752
95.0	-15.0	-4.5	0.12655258499473812	0.19682322555346202	0.25699276360480494	0.3077936070027283	0.35694680075598834	0.4057224484529654	0.4492664541567353	0.4861659525583994	0.5222598739264408	0.43312022455072946	0.44545735925792246	0.4387727184298842	0.41925472544061687	0.39309987618643083	0.3645741814497234	0.3372851693443104	0.3126910663399864	0.28877000305910194
96.0	-15.0	-4.5	0.1439033913690816	0.2386046743135491	0.3257747401407442	0.4006591259364475	0.4719931386152188	0.5429724072135271	0.6070736298452211	0.6601820857356364	0.7068329880891407	0.3615793153931188	0.3684559260620297	0.3609579227487307	0.3364275073438335	0.2997966806155703	0.25922956863978	0.22156957049499384	0.18987894001181438	0.16246469539969768
97.0	-15.0	-4.5	0.14390339136908162	0.23860467431354918	0.3257747401407443	0.4006591259364477	0.47199313861521897	0.5429724072135274	0.6070736298452213	0.6601820857356366	0.706832988089141	0.3615793153931189	0.36845592606202965	0.3609579227487307	0.3364275073438334	0.2997966806155703	0.25922956863978	0.22156957049499384	0.18987894001181438	0.16246469539969768
98.0	-15.0	-4.5	0.12655258499473812	0.19682322555346196	0.2569927636048049	0.3077936070027283	0.3569468007559883	0.4057224484529654	0.4492664541567353	0.4861659525583994	0.5222598739264408	0.4331202245507294	0.4454573592579223	0.4387727184298842	0.41925472544061665	0.3930998761864305	0.36457418144972337	0.33728516934431024	0.3126910663399861	0.2887700030591016
99.0	-15.0	-4.5	0.1265525849947381	0.19682322555346193	0.2569927636048049	0.30779360700272823	0.3569468007559883	0.40572244845296535	0.44926645415673516	0.48616595255839923	0.5222598739264407	0.4331202245507294	0.4454573592579223	0.43877271842988413	0.4192547254406167	0.3930998761864305	0.36457418144972326	0.33728516934431024	0.3126910663399862	0.28877000305910167
100.0	-15.0	-4.5	0.1439033913690816	0.23860467431354915	0.3257747401407443	0.40065912593644765	0.47199313861521897	0.5429724072135274	0.6070736298452213	0.6601820857356366	0.706832988089141	0.3615793153931189	0.36845592606202965	0.36095792274873073	0.33642750734383353	0.2997966806155704	0.25922956863978	0.22156957049499387	0.18987894001181443	0.16246469539969777
101.0	-15.0	-4.5	0.14390339136908162	0.23860467431354918	0.3257747401407443	0.40065912593644765	0.47199313861521897	0.5429724072135274	0.6070736298452213	0.6601820857356366	0.706832988089141	0.3615793153931189	0.3684559260620297	0.3609579227487308	0.3364275073438335	0.29979668061557035	0.2592295686397799	0.22156957049499384	0.18987894001181438	0.1624646953996977
102.0	-15.0	-4.5	0.1439033913690816	0.2386046743135491	0.3257747401407442	0.4006591259364476	0.4719931386152188	0.5429724072135271	0.607073629845221	0.6601820857356364	0.7068329880891406	0.3615793153931189	0.36845592606202965	0.3609579227487307	0.3364275073438336	0.2997966806155704	0.2592295686397801	0.22156957049499404	0.18987894001181457	0.1624646953996979
103.0	-15.0	-4.5	0.14390339136908167	0.2386046743135493	0.3257747401407445	0.40065912593644787	0.47199313861521913	0.5429724072135275	0.6070736298452215	0.6601820857356367	0.7068329880891411	0.36157931539311894	0.3684559260620298	0.3609579227487308	0.33642750734383353	0.2997966806155703	0.25922956863978	0.22156957049499387	0.18987894001181435	0.16246469539969766
104.0	-15.0	-4.5	0.12655258499473807	0.1968232255534619	0.25699276360480483	0.3077936070027282	0.3569468007559883	0.4057224484529654	0.4492664541567353	0.4861659525583994	0.5222598739264408	0.43312022455072935	0.44545735925792246	0.4387727184298842	0.41925472544061665	0.39309987618643055	0.36457418144972337	0.33728516934431024	0.31269106633998617	0.28877000305910167
105.0	-15.0	-4.5	0.16882106164632613	0.30776293547709443	0.45284725726588415	0.5866235237548056	0.7111436813642281	0.8224800581036803	0.9068240749259676	0.9563584600044073	0.9797176783954501	0.201590879153417	0.17940703508343142	0.1535773551480823	0.12010555278158463	0.08149349919297952	0.04477384362090038	0.018104283377570647	0.005085851280596032	0.0011093727010204621
106.0	-15.0	-4.5	0.1688210616463261	0.3077629354770943	0.452847257265884	0.5866235237548054	0.7111436813642278	0.8224800581036797	0.9068240749259672	0.9563584600044067	0.9797176783954495	0.20159087915341684	0.17940703508343114	0.15357735514808207	0.12010555278158438	0.0814934991929793	0.04477384362090016	0.01810428337757045	0.0050858512805958735	0.001109372701020356
107.0	-15.0	-4.5	0.1688210616463261	0.3077629354770943	0.452847257265884	0.5866235237548054	0.7111436813642278	0.8224800581036797	0.9068240749259672	0.9563584600044067	0.9797176783954495	0.20159087915341697	0.1794070350834313	0.1535773551480822	0.12010555278158454	0.08149349919297946	0.04477384362090031	0.01810428337757058	0.005085851280595976	0.0011093727010204246
108.0	-15.0	-4.5	0.1688210616463261	0.30776293547709443	0.4528472572658841	0.5866235237548055	0.711143681364228	0.82248005810368	0.9068240749259674	0.9563584600044067	0.9797176783954495	0.20159087915341692	0.17940703508343134	0.15357735514808227	0.12010555278158454	0.08149349919297948	0.04477384362090034	0.018104283377570602	0.005085851280596	0.00110937270102044
109.0	-15.0	-4.5	0.1688210616463261	0.3077629354770944	0.4528472572658841	0.5866235237548054	0.711143681364228	0.82248005810368	0.9068240749259676	0.9563584600044073	0.9797176783954501	0.20159087915341697	0.17940703508343134	0.1535773551480823	0.12010555278158459	0.08149349919297946	0.044773843620900325	0.018104283377570574	0.005085851280595965	0.0011093727010204142
110.0	-15.0	-4.5	0.1688210616463261	0.3077629354770944	0.4528472572658841	0.5866235237548055	0.711143681364228	0.82248005810368	0.9068240749259674	0.9563584600044069	0.9797176783954498	0.20159087915341697	0.17940703508343134	0.15357735514808227	0.12010555278158458	0.08149349919297949	0.04477384362090034	0.018104283377570606	0.005085851280595996	0.0011093727010204378
111.0	-15.0	-4.5	0.16882106164632615	0.3077629354770945	0.45284725726588426	0.5866235237548056	0.7111436813642283	0.8224800581036803	0.906824074925968	0.9563584600044074	0.9797176783954502	0.20159087915341709	0.17940703508343148	0.15357735514808243	0.12010555278158472	0.0814934991929796	0.044773843620900436	0.018104283377570692	0.005085851280596062	0.0011093727010204806
112.0	-15.0	-4.5	0.16882106164632607	0.3077629354770943	0.452847257265884	0.5866235237548054	0.7111436813642278	0.8224800581036797	0.9068240749259672	0.9563584600044067	0.9797176783954495	0.20159087915341686	0.17940703508343125	0.15357735514808224	0.12010555278158452	0.08149349919297941	0.0447738436209003	0.01810428337757056	0.0050858512805959585	0.0011093727010204131
113.0	-15.0	-4.5	0.16883585191147385	0.3078858564270862	0.45307350787268913	0.5867953298609907	0.7112347775533788	0.8226563305212662	0.9069431174215496	0.956420111768619	0.9797006676040563	0.201939754517452	0.1803598356552138	0.1543061643164598	0.12048885658456801	0.08167705743514385	0.044796867379368055	0.018077960998282943	0.005066326665819852	0.0011132487213719082
114.0	-15.0	-4.5	0.16883585191147388	0.30788585642708627	0.45307350787268924	0.5867953298609909	0.7112347775533789	0.8226563305212663	0.90694311742155	0.9564201117686193	0.9797006676040566	0.20193975451745202	0.18035983565521385	0.15430616431645985	0.12048885658456807	0.08167705743514392	0.04479686737936811	0.018077960998282974	0.005066326665819875	0.0011132487213719232
115.0	-15.0	-4.5	0.1688358519114738	0.30788585642708616	0.4530735078726891	0.5867953298609908	0.7112347775533788	0.8226563305212662	0.9069431174215496	0.956420111768619	0.9797006676040563	0.20193975451745205	0.18035983565521396	0.1543061643164599	0.12048885658456814	0.08167705743514399	0.04479686737936822	0.018077960998283068	0.005066326665819961	0.0011132487213719804
116.0	-15.0	-4.5	0.1688358519114739	0.3078858564270864	0.4530735078726893	0.586795329860991	0.7112347775533793	0.8226563305212666	0.9069431174215503	0.9564201117686197	0.979700667604057	0.20193975451745205	0.18035983565521396	0.1543061643164599	0.12048885658456808	0.08167705743514399	0.04479686737936817	0.018077960998283057	0.005066326665819932	0.0011132487213719616
117.0	-15.0	-4.5	0.1688358519114739	0.3078858564270863	0.4530735078726893	0.586795329860991	0.7112347775533789	0.8226563305212663	0.90694311742155	0.9564201117686195	0.9797006676040567	0.20193975451745202	0.18035983565521385	0.1543061643164598	0.12048885658456798	0.08167705743514386	0.04479686737936808	0.01807796099828296	0.005066326665819857	0.001113248721371911
118.0	-15.0	-4.5	0.1688358519114739	0.3078858564270863	0.4530735078726893	0.586795329860991	0.711234777553379	0.8226563305212664	0.9069431174215501	0.9564201117686197	0.979700667604057	0.20193975451745194	0.1803598356552138	0.15430616431645974	0.12048885658456798	0.08167705743514383	0.04479686737936804	0.018077960998282912	0.0050663266658198345	0.0011132487213718967
119.0	-15.0	-4.5	0.1688358519114739	0.3078858564270863	0.4530735078726894	0.5867953298609911	0.7112347775533793	0.8226563305212666	0.9069431174215503	0.95642011176862	0.9797006676040573	0.20193975451745214	0.180359835655214	0.15430616431646	0.12048885658456823	0.08167705743514404	0.04479686737936822	0.01807796099828309	0.005066326665819962	0.0011132487213719778
120.0	-15.0	-4.5	0.16883585191147382	0.30788585642708616	0.4530735078726891	0.5867953298609907	0.7112347775533788	0.8226563305212662	0.9069431174215496	0.9564201117686192	0.9797006676040565	0.201939754517452	0.18035983565521385	0.1543061643164598	0.12048885658456807	0.08167705743514392	0.04479686737936814	0.018077960998283016	0.005066326665819909	0.0011132487213719442
121.0	-15.0	-4.5	0.14270130122746288	0.24250598139256216	0.3428177937414906	0.4424927238707738	0.5563288028453375	0.6902707510088772	0.8234534425916264	0.9202128874961479	0.9683323423567076	0.32970929447753516	0.3320298562359158	0.31734481074901144	0.2780178924864756	0.21468485142850408	0.13672626177817943	0.06477749746088082	0.0202917967660405	0.004201749287564765
122.0	-15.0	-4.5	0.14270130122746283	0.24250598139256205	0.3428177937414903	0.4424927238707735	0.556328802845337	0.6902707510088768	0.823453442591626	0.9202128874961475	0.9683323423567072	0.329709294477535	0.3320298562359156	0.31734481074901116	0.27801789248647546	0.2146848514285039	0.1367262617781793	0.06477749746088074	0.02029179676604043	0.00420174928756472
123.0	-15.0	-4.5	0.14270130122746286	0.24250598139256205	0.34281779374149035	0.4424927238707735	0.556328802845337	0.6902707510088767	0.8234534425916258	0.9202128874961472	0.9683323423567068	0.329709294477535	0.33202985623591547	0.31734481074901105	0.27801789248647535	0.21468485142850385	0.1367262617781792	0.06477749746088067	0.020291796766040388	0.0042017492875647015
124.0	-15.0	-4.5	0.1427013012274629	0.2425059813925622	0.3428177937414906	0.4424927238707738	0.5563288028453374	0.6902707510088771	0.8234534425916262	0.9202128874961478	0.9683323423567075	0.3297092944775351	0.33202985623591574	0.3173448107490114	0.2780178924864756	0.214684851428504	0.13672626177817931	0.06477749746088075	0.020291796766040433	0.004201749287564732
125.0	-15.0	-4.5	0.14470442543802658	0.23900161821241578	0.32595959384282175	0.40084822108988954	0.47182853821941556	0.5423280186729406	0.6061869462715782	0.6592607032017975	0.7059478149786598	0.36733943431294713	0.3716045312797295	0.36248229387615055	0.3376134999753113	0.3008686502697202	0.2601253697692139	0.22233104281303395	0.19053332008319582	0.16303121122295466
126.0	-15.0	-4.5	0.12723287197304045	0.196931589053004	0.2565485155887169	0.3071168717043461	0.35614665534946605	0.40499089275161937	0.4487985772797554	0.486040479269155	0.5222674318557087	0.4485131528531341	0.4599105189863445	0.45212716641231415	0.4322206918797985	0.4059784895230386	0.37716539540572835	0.349394402585042	0.32418423908859795	0.29956421450848036
127.0	-15.0	-4.5	0.14470442543802656	0.23900161821241578	0.32595959384282175	0.40084822108988954	0.47182853821941556	0.5423280186729406	0.6061869462715782	0.6592607032017975	0.7059478149786598	0.36733943431294713	0.3716045312797294	0.3624822938761506	0.3376134999753114	0.30086865026972043	0.2601253697692141	0.2223310428130342	0.19053332008319607	0.16303121122295494
128.0	-15.0	-4.5	0.12723287197304045	0.196931589053004	0.2565485155887169	0.3071168717043461	0.35614665534946605	0.40499089275161937	0.4487985772797554	0.486040479269155	0.5222674318557087	0.44851315285313387	0.4599105189863444	0.45212716641231404	0.4322206918797983	0.4059784895230383	0.3771653954057281	0.3493944025850418	0.3241842390885976	0.29956421450848003
129.0	-15.0	-4.5	0.12723287197304045	0.196931589053004	0.25654851558871694	0.30711687170434615	0.3561466553494661	0.4049908927516194	0.44879857727975553	0.48604047926915506	0.5222674318557088	0.44851315285313403	0.4599105189863447	0.4521271664123144	0.4322206918797986	0.4059784895230386	0.37716539540572847	0.3493944025850422	0.3241842390885981	0.2995642145084805
130.0	-15.0	-4.5	0.12723287197304045	0.196931589053004	0.25654851558871694	0.30711687170434615	0.3561466553494661	0.4049908927516194	0.44879857727975553	0.48604047926915506	0.5222674318557088	0.44851315285313403	0.4599105189863447	0.4521271664123144	0.43222069187979856	0.40597848952303855	0.37716539540572835	0.349394402585042	0.32418423908859795	0.29956421450848036
131.0	-15.0	-4.5	0.1438941406687121	0.24263030920687664	0.3414047379553967	0.44046075218156816	0.5545944750123551	0.6888304957911842	0.822590368381297	0.9198012241478887	0.9682003187694643	0.3548084326669037	0.3557530229389784	0.3387432980853548	0.29658475782448374	0.2294676352405629	0.1467554993177132	0.06990817017661607	0.02201277017661508	0.004600108680026751
132.0	-15.0	-4.5	0.14470442543802656	0.23900161821241578	0.3259595938428218	0.40084822108988954	0.47182853821941556	0.5423280186729406	0.6061869462715782	0.6592607032017975	0.7059478149786598	0.3673394343129471	0.3716045312797295	0.3624822938761506	0.3376134999753114	0.30086865026972043	0.2601253697692141	0.22233104281303417	0.19053332008319598	0.16303121122295483
133.0	-15.0	-4.5	0.12723287197304042	0.196931589053004	0.25654851558871694	0.3071168717043462	0.3561466553494661	0.4049908927516194	0.44879857727975553	0.48604047926915506	0.5222674318557088	0.448513152853134	0.4599105189863446	0.4521271664123141	0.43222069187979845	0.40597848952303844	0.3771653954057283	0.34939440258504195	0.32418423908859784	0.2995642145084803
134.0	-15.0	-4.5	0.1447044254380266	0.23900161821241586	0.32595959384282186	0.40084822108988954	0.47182853821941556	0.5423280186729406	0.6061869462715782	0.6592607032017975	0.7059478149786598	0.367339434312947	0.3716045312797294	0.3624822938761504	0.33761349997531126	0.3008686502697201	0.26012536976921385	0.22233104281303384	0.1905333200831957	0.16303121122295453
135.0	-15.0	-4.5	0.14389414066871214	0.24263030920687675	0.34140473795539683	0.44046075218156827	0.5545944750123553	0.6888304957911843	0.8225903683812974	0.9198012241478892	0.9682003187694649	0.35480843266690376	0.3557530229389785	0.3387432980853548	0.29658475782448374	0.2294676352405629	0.14675549931771315	0.06990817017661602	0.022012770176615015	0.004600108680026712
136.0	-15.0	-4.5	0.12723287197304045	0.196931589053004	0.25654851558871694	0.3071168717043462	0.3561466553494661	0.4049908927516194	0.44879857727975553	0.48604047926915506	0.5222674318557088	0.4485131528531339	0.4599105189863445	0.45212716641231404	0.4322206918797984	0.40597848952303844	0.37716539540572835	0.3493944025850419	0.32418423908859784	0.2995642145084803
137.0	-15.0	-4.5	0.14389414066871214	0.24263030920687673	0.3414047379553968	0.44046075218156827	0.5545944750123551	0.6888304957911843	0.8225903683812973	0.9198012241478892	0.9682003187694649	0.35480843266690376	0.3557530229389784	0.3387432980853548	0.29658475782448374	0.22946763524056293	0.1467554993177132	0.06990817017661607	0.02201277017661508	0.0046001086800267375
138.0	-15.0	-4.5	0.14470442543802658	0.23900161821241578	0.32595959384282186	0.40084822108988954	0.47182853821941556	0.5423280186729406	0.6061869462715782	0.6592607032017975	0.7059478149786598	0.3673394343129471	0.3716045312797295	0.3624822938761506	0.3376134999753114	0.30086865026972026	0.26012536976921397	0.2223310428130341	0.19053332008319587	0.16303121122295466
139.0	-15.0	-4.5	0.1272328719730404	0.19693158905300398	0.2565485155887169	0.3071168717043461	0.35614665534946605	0.40499089275161937	0.4487985772797554	0.486040479269155	0.5222674318557087	0.44851315285313403	0.45991051898634444	0.45212716641231404	0.43222069187979834	0.40597848952303833	0.3771653954057282	0.3493944025850418	0.3241842390885978	0.29956421450848014
140.0	-15.0	-4.5	0.14470442543802656	0.23900161821241578	0.3259595938428218	0.4008482210898896	0.4718285382194156	0.5423280186729406	0.6061869462715783	0.6592607032017976	0.70594781497866	0.36733943431294713	0.3716045312797294	0.36248229387615055	0.33761349997531137	0.30086865026972026	0.26012536976921397	0.22233104281303406	0.19053332008319587	0.16303121122295472
141.0	-15.0	-4.5	0.14470442543802656	0.23900161821241578	0.32595959384282175	0.40084822108988954	0.47182853821941556	0.5423280186729406	0.6061869462715782	0.6592607032017976	0.7059478149786598	0.36733943431294697	0.3716045312797294	0.36248229387615055	0.33761349997531126	0.3008686502697202	0.2601253697692139	0.222331042813034	0.1905333200831959	0.16303121122295472
142.0	-15.0	-4.5	0.14389414066871214	0.24263030920687673	0.3414047379553969	0.44046075218156827	0.5545944750123551	0.6888304957911844	0.8225903683812974	0.9198012241478895	0.968200318769465	0.35480843266690376	0.3557530229389783	0.3387432980853548	0.2965847578244836	0.2294676352405628	0.14675549931771303	0.06990817017661588	0.022012770176614925	0.004600108680026653
143.0	-15.0	-4.5	0.12723287197304045	0.196931589053004	0.256548515588717	0.3071168717043462	0.3561466553494661	0.4049908927516194	0.4487985772797556	0.48604047926915506	0.5222674318557088	0.44851315285313426	0.4599105189863448	0.45212716641231443	0.4322206918797987	0.4059784895230387	0.3771653954057286	0.3493944025850422	0.3241842390885981	0.29956421450848053
144.0	-15.0	-4.5	0.14470442543802653	0.23900161821241572	0.32595959384282175	0.4008482210898895	0.47182853821941545	0.5423280186729404	0.6061869462715782	0.6592607032017975	0.7059478149786598	0.367339434312947	0.37160453127972937	0.36248229387615055	0.33761349997531137	0.3008686502697203	0.260125369769214	0.22233104281303404	0.1905333200831959	0.16303121122295472
145.0	-15.0	-4.5	0.1695863326249638	0.3078728304481036	0.4518611371670126	0.5851134579158295	0.7096092509921488	0.8214751000472745	0.9063986285867425	0.9562372237127496	0.9797129204767404	0.2236635585669442	0.19813341452758074	0.16884011984348965	0.13175989099904672	0.08934510207434104	0.049086056485661174	0.019849150328923648	0.005584502827114484	0.0012106148934396448
146.0	-15.0	-4.5	0.16958633262496386	0.30787283044810365	0.4518611371670126	0.5851134579158295	0.7096092509921488	0.8214751000472743	0.9063986285867422	0.9562372237127493	0.9797129204767404	0.22366355856694412	0.19813341452758065	0.1688401198434895	0.13175989099904659	0.08934510207434089	0.04908605648566103	0.019849150328923516	0.005584502827114379	0.001210614893439574
147.0	-15.0	-4.5	0.1695863326249638	0.3078728304481036	0.4518611371670126	0.5851134579158295	0.7096092509921488	0.8214751000472745	0.9063986285867425	0.9562372237127496	0.9797129204767404	0.22366355856694412	0.19813341452758063	0.16884011984348954	0.13175989099904659	0.08934510207434092	0.04908605648566105	0.019849150328923534	0.005584502827114401	0.0012106148934395886
148.0	-15.0	-4.5	0.16958633262496375	0.3078728304481035	0.4518611371670125	0.5851134579158292	0.7096092509921486	0.8214751000472741	0.9063986285867419	0.9562372237127491	0.97971292047674	0.22366355856694412	0.19813341452758068	0.16884011984348954	0.13175989099904664	0.08934510207434097	0.049086056485661125	0.019849150328923603	0.005584502827114457	0.0012106148934396266
149.0	-15.0	-4.5	0.16958633262496375	0.3078728304481035	0.4518611371670125	0.5851134579158292	0.7096092509921486	0.8214751000472741	0.9063986285867419	0.9562372237127491	0.97971292047674	0.22366355856694412	0.19813341452758076	0.1688401198434896	0.13175989099904667	0.08934510207434103	0.049086056485661174	0.01984915032892364	0.005584502827114486	0.0012106148934396454
150.0	-15.0	-4.5	0.1695863326249639	0.30787283044810376	0.45186113716701276	0.5851134579158296	0.709609250992149	0.8214751000472746	0.9063986285867426	0.9562372237127497	0.9797129204767407	0.2236635585669442	0.1981334145275807	0.16884011984348957	0.13175989099904659	0.0893451020743409	0.049086056485661035	0.019849150328923516	0.00558450282711438	0.0012106148934395754
151.0	-15.0	-4.5	0.16958633262496378	0.30787283044810354	0.45186113716701237	0.5851134579158292	0.7096092509921486	0.8214751000472741	0.9063986285867419	0.9562372237127491	0.9797129204767401	0.223663558566944	0.19813341452758057	0.1688401198434894	0.1317598909990465	0.08934510207434085	0.04908605648566102	0.019849150328923506	0.00558450282711438	0.0012106148934395763
152.0	-15.0	-4.5	0.16958633262496386	0.30787283044810365	0.4518611371670127	0.5851134579158296	0.7096092509921488	0.8214751000472745	0.9063986285867425	0.9562372237127496	0.9797129204767405	0.2236635585669441	0.19813341452758068	0.16884011984348957	0.13175989099904659	0.08934510207434095	0.04908605648566108	0.019849150328923558	0.005584502827114416	0.0012106148934395977
153.0	-15.0	-4.5	0.16949119428041032	0.3076676915194732	0.45157968449123514	0.584807192322196	0.7095164921768449	0.8214891823086896	0.9064195223750844	0.9562457662201723	0.9796940221261259	0.21517438413588072	0.19364126326624548	0.16670977592599528	0.13086715886654815	0.08903790939175757	0.048971414742071784	0.01980564562227931	0.00556948033981265	0.0012150761547237222
154.0	-15.0	-4.5	0.16949119428041046	0.3076676915194734	0.45157968449123537	0.5848071923221964	0.7095164921768453	0.8214891823086901	0.9064195223750848	0.9562457662201729	0.9796940221261263	0.21517438413588086	0.1936412632662455	0.16670977592599534	0.13086715886654818	0.0890379093917576	0.048971414742071784	0.019805645622279305	0.005569480339812645	0.0012150761547237185
155.0	-15.0	-4.5	0.1694911942804104	0.3076676915194734	0.45157968449123537	0.5848071923221964	0.7095164921768453	0.8214891823086901	0.9064195223750848	0.9562457662201729	0.9796940221261263	0.2151743841358808	0.19364126326624545	0.16670977592599534	0.13086715886654815	0.08903790939175758	0.04897141474207179	0.019805645622279315	0.005569480339812641	0.0012150761547237172
156.0	-15.0	-4.5	0.16949119428041046	0.3076676915194734	0.4515796844912355	0.5848071923221965	0.7095164921768453	0.8214891823086903	0.906419522375085	0.956245766220173	0.9796940221261264	0.2151743841358808	0.19364126326624553	0.1667097759259954	0.1308671588665482	0.08903790939175762	0.048971414742071825	0.01980564562227934	0.005569480339812659	0.001215076154723729
157.0	-15.0	-4.5	0.1694911942804104	0.3076676915194734	0.45157968449123537	0.5848071923221964	0.7095164921768453	0.8214891823086901	0.9064195223750848	0.9562457662201729	0.9796940221261263	0.21517438413588097	0.19364126326624567	0.16670977592599553	0.13086715886654837	0.08903790939175776	0.04897141474207195	0.019805645622279457	0.005569480339812769	0.0012150761547238002
158.0	-15.0	-4.5	0.16949119428041037	0.30766769151947326	0.4515796844912353	0.5848071923221962	0.7095164921768452	0.8214891823086901	0.9064195223750848	0.9562457662201729	0.9796940221261263	0.21517438413588075	0.19364126326624548	0.16670977592599537	0.13086715886654818	0.0890379093917576	0.04897141474207181	0.019805645622279322	0.005569480339812654	0.0012150761547237258
159.0	-15.0	-4.5	0.16949119428041035	0.3076676915194732	0.45157968449123526	0.584807192322196	0.709516492176845	0.8214891823086896	0.9064195223750844	0.9562457662201723	0.9796940221261259	0.21517438413588072	0.19364126326624545	0.16670977592599537	0.13086715886654815	0.0890379093917576	0.048971414742071825	0.01980564562227935	0.0055694803398126875	0.0012150761547237475
160.0	-15.0	-4.5	0.1694911942804104	0.3076676915194733	0.45157968449123526	0.5848071923221962	0.7095164921768452	0.82148918230869	0.9064195223750847	0.9562457662201727	0.9796940221261261	0.2151743841358809	0.1936412632662455	0.1667097759259954	0.1308671588665482	0.08903790939175761	0.04897141474207182	0.019805645622279325	0.005569480339812648	0.001215076154723721
161.0	-15.0	-4.5	0.16892128524674158	0.30805104833415115	0.45326035060975417	0.5870560390553599	0.7113336772085083	0.8225229330546915	0.9068180843896733	0.9563491344928371	0.9797265524331997	0.21183875569262833	0.19010127551815745	0.16372378579330343	0.12862817556735961	0.08760003759287907	0.04828281029880493	0.019580778484404475	0.005523662673342972	0.0012039754338423248
162.0	-15.0	-4.5	0.1689874248960149	0.3082314151965967	0.4534999616541187	0.5872595410843221	0.7114914032396817	0.8226109486372728	0.9068528246382138	0.9563591766353969	0.9797255961827793	0.21653829237629707	0.1928984074959424	0.16514177261125373	0.1292581847824052	0.08783030262178952	0.04834184843233305	0.019590329490083217	0.005524595420767401	0.0012054198577601564
163.0	-15.0	-4.5	0.1689874248960148	0.3082314151965964	0.45349996165411843	0.5872595410843218	0.7114914032396813	0.8226109486372725	0.9068528246382133	0.9563591766353965	0.9797255961827788	0.21653829237629707	0.19289840749594236	0.16514177261125376	0.12925818478240522	0.0878303026217896	0.04834184843233314	0.01959032949008331	0.005524595420767489	0.0012054198577602154
164.0	-15.0	-4.5	0.16892128524674166	0.3080510483341512	0.45326035060975445	0.5870560390553601	0.7113336772085084	0.8225229330546919	0.9068180843896738	0.9563491344928375	0.9797265524332	0.21183875569262858	0.1901012755181577	0.16372378579330368	0.12862817556735986	0.0876000375928793	0.048282810298805184	0.01958077848440469	0.005523662673343152	0.0012039754338424452
165.0	-15.0	-4.5	0.16892128524674166	0.30805104833415126	0.45326035060975434	0.58705603905536	0.7113336772085084	0.8225229330546916	0.9068180843896735	0.9563491344928372	0.9797265524331997	0.21183875569262856	0.19010127551815761	0.16372378579330366	0.1286281755673598	0.08760003759287928	0.04828281029880513	0.019580778484404652	0.00552366267334312	0.0012039754338424215
166.0	-15.0	-4.5	0.16892128524674163	0.3080510483341512	0.4532603506097543	0.5870560390553597	0.7113336772085082	0.8225229330546915	0.9068180843896733	0.9563491344928371	0.9797265524331994	0.2118387556926284	0.19010127551815745	0.1637237857933034	0.12862817556735961	0.0876000375928791	0.048282810298804976	0.01958077848440454	0.005523662673343036	0.0012039754338423723
167.0	-15.0	-4.5	0.16898742489601484	0.3082314151965966	0.45349996165411866	0.5872595410843221	0.7114914032396816	0.8226109486372728	0.9068528246382138	0.9563591766353969	0.9797255961827793	0.21653829237629704	0.19289840749594234	0.1651417726112537	0.12925818478240517	0.08783030262178955	0.048341848432333086	0.019590329490083238	0.005524595420767427	0.0012054198577601727
168.0	-15.0	-4.5	0.16898742489601487	0.30823141519659664	0.45349996165411866	0.5872595410843221	0.7114914032396816	0.8226109486372728	0.9068528246382138	0.9563591766353969	0.9797255961827793	0.21653829237629704	0.1928984074959423	0.16514177261125368	0.1292581847824051	0.0878303026217895	0.04834184843233301	0.01959032949008318	0.005524595420767377	0.001205419857760141
169.0	-15.0	-4.5	0.16898742489601487	0.3082314151965966	0.4534999616541187	0.5872595410843222	0.7114914032396819	0.822610948637273	0.9068528246382141	0.9563591766353973	0.9797255961827795	0.21653829237629707	0.19289840749594245	0.16514177261125382	0.12925818478240525	0.08783030262178958	0.04834184843233309	0.019590329490083252	0.005524595420767427	0.0012054198577601744
170.0	-15.0	-4.5	0.16892128524674158	0.30805104833415103	0.45326035060975406	0.5870560390553595	0.7113336772085079	0.8225229330546914	0.9068180843896732	0.956349134492837	0.9797265524331992	0.2118387556926285	0.1901012755181576	0.16372378579330354	0.1286281755673598	0.08760003759287925	0.048282810298805136	0.019580778484404676	0.0055236626733431455	0.00120397543384244
171.0	-15.0	-4.5	0.1689212852467417	0.3080510483341512	0.4532603506097543	0.5870560390553599	0.7113336772085084	0.8225229330546916	0.9068180843896735	0.9563491344928372	0.9797265524331997	0.21183875569262847	0.19010127551815756	0.16372378579330354	0.12862817556735975	0.0876000375928792	0.04828281029880509	0.019580778484404628	0.005523662673343098	0.0012039754338424083
172.0	-15.0	-4.5	0.16898742489601487	0.3082314151965966	0.4534999616541186	0.587259541084322	0.7114914032396816	0.8226109486372726	0.9068528246382137	0.9563591766353968	0.9797255961827791	0.216538292376297	0.1928984074959423	0.16514177261125362	0.12925818478240508	0.08783030262178945	0.04834184843233298	0.01959032949008317	0.005524595420767365	0.001205419857760132
173.0	-15.0	-4.5	0.16898742489601482	0.3082314151965965	0.4534999616541186	0.587259541084322	0.7114914032396816	0.8226109486372726	0.9068528246382137	0.9563591766353968	0.9797255961827791	0.21653829237629704	0.19289840749594225	0.16514177261125362	0.12925818478240508	0.08783030262178942	0.04834184843233296	0.019590329490083137	0.005524595420767332	0.0012054198577601117
174.0	-15.0	-4.5	0.16892128524674163	0.3080510483341512	0.4532603506097543	0.5870560390553599	0.7113336772085083	0.8225229330546916	0.9068180843896735	0.9563491344928372	0.9797265524331995	0.2118387556926285	0.19010127551815764	0.16372378579330363	0.12862817556735984	0.08760003759287929	0.048282810298805164	0.019580778484404694	0.005523662673343157	0.001203975433842447
175.0	-15.0	-4.5	0.16898742489601476	0.30823141519659647	0.4534999616541185	0.5872595410843219	0.7114914032396814	0.8226109486372722	0.9068528246382135	0.9563591766353966	0.979725596182779	0.21653829237629682	0.19289840749594211	0.16514177261125348	0.12925818478240494	0.08783030262178931	0.04834184843233286	0.019590329490083044	0.0055245954207672684	0.00120541985776007
176.0	-15.0	-4.5	0.1689212852467416	0.3080510483341511	0.45326035060975417	0.5870560390553596	0.7113336772085079	0.8225229330546914	0.9068180843896732	0.956349134492837	0.9797265524331992	0.21183875569262842	0.19010127551815742	0.16372378579330343	0.12862817556735967	0.08760003759287913	0.048282810298805025	0.019580778484404586	0.005523662673343084	0.0012039754338424005
177.0	-15.0	-4.5	0.2025574190496368	0.3948622785996411	0.5953462687778821	0.7531312370161335	0.8572742299384366	0.9189704607518739	0.954183176268321	0.9743575161827127	0.9853732129884634	0.06943100046195225	0.031110841036571003	0.011671847284162535	0.003677047057409406	0.0010973903889621736	0.0003170053131170488	9.975967298662799e-5	3.0133141151983135e-5	1.0441531453645591e-5
178.0	-15.0	-4.5	0.20255876958618932	0.3948639442516189	0.5953440167605113	0.7531269081400958	0.8572653566645487	0.9189735693923965	0.9541832271477093	0.9743584479907081	0.985372656002548	0.06937219440239259	0.03108726856421252	0.011665828450303171	0.003675673765644379	0.0010970275571043507	0.00031702492991891716	9.971024615327282e-5	3.0163488429184067e-5	1.0442443405483818e-5
179.0	-15.0	-4.5	0.20255876958618937	0.39486394425161897	0.5953440167605114	0.7531269081400959	0.857265356664549	0.9189735693923968	0.9541832271477096	0.9743584479907085	0.9853726560025483	0.06937219440239265	0.031087268564212546	0.011665828450303188	0.0036756737656443894	0.0010970275571043572	0.00031702492991892074	9.971024615327464e-5	3.0163488429185093e-5	1.0442443405484373e-5
180.0	-15.0	-4.5	0.20255876958618937	0.39486394425161897	0.5953440167605114	0.7531269081400958	0.8572653566645487	0.9189735693923968	0.9541832271477095	0.9743584479907084	0.9853726560025481	0.06937219440239262	0.03108726856421256	0.011665828450303192	0.003675673765644389	0.001097027557104355	0.0003170249299189197	9.97102461532741e-5	3.0163488429184727e-5	1.0442443405484099e-5
181.0	-15.0	-4.5	0.202557419049637	0.3948622785996413	0.5953462687778824	0.753131237016134	0.857274229938437	0.9189704607518744	0.9541831762683215	0.9743575161827132	0.9853732129884638	0.0694310004619523	0.031110841036571028	0.011671847284162552	0.0036770470574094163	0.0010973903889621793	0.00031700531311705196	9.975967298662977e-5	3.0133141151984104e-5	1.0441531453646143e-5
182.0	-15.0	-4.5	0.2025587695861893	0.3948639442516189	0.5953440167605113	0.7531269081400958	0.8572653566645487	0.9189735693923968	0.9541832271477095	0.9743584479907084	0.9853726560025481	0.0693721944023926	0.03108726856421254	0.011665828450303194	0.00367567376564439	0.0010970275571043546	0.0003170249299189197	9.971024615327423e-5	3.0163488429184795e-5	1.0442443405484195e-5
183.0	-15.0	-4.5	0.2025587695861892	0.39486394425161864	0.595344016760511	0.7531269081400953	0.8572653566645483	0.918973569392396	0.9541832271477089	0.9743584479907077	0.9853726560025475	0.06937219440239258	0.031087268564212518	0.011665828450303168	0.0036756737656443777	0.0010970275571043487	0.00031702492991891634	9.971024615327233e-5	3.0163488429183758e-5	1.0442443405483611e-5
184.0	-15.0	-4.5	0.2025574190496368	0.39486227859964107	0.595346268777882	0.7531312370161334	0.8572742299384363	0.9189704607518736	0.9541831762683207	0.9743575161827124	0.985373212988463	0.06943100046195223	0.031110841036570996	0.011671847284162533	0.003677047057409404	0.0010973903889621734	0.0003170053131170492	9.975967298662814e-5	3.013314115198324e-5	1.0441531453645667e-5
185.0	-15.0	-4.5	0.2025587695861893	0.39486394425161897	0.5953440167605114	0.7531269081400958	0.8572653566645487	0.9189735693923968	0.9541832271477095	0.9743584479907084	0.9853726560025481	0.06937219440239259	0.031087268564212532	0.011665828450303183	0.003675673765644382	0.0010970275571043505	0.00031702492991891754	9.971024615327287e-5	3.0163488429183995e-5	1.0442443405483745e-5
186.0	-15.0	-4.5	0.20255876958618926	0.39486394425161875	0.5953440167605111	0.7531269081400954	0.8572653566645484	0.9189735693923965	0.9541832271477092	0.974358447990708	0.9853726560025479	0.06937219440239256	0.031087268564212525	0.011665828450303176	0.0036756737656443825	0.0010970275571043529	0.0003170249299189185	9.971024615327332e-5	3.016348842918434e-5	1.0442443405483977e-5
187.0	-15.0	-4.5	0.20255876958618926	0.3948639442516188	0.5953440167605112	0.7531269081400956	0.8572653566645486	0.9189735693923965	0.9541832271477093	0.9743584479907081	0.985372656002548	0.06937219440239259	0.031087268564212536	0.011665828450303185	0.0036756737656443855	0.0010970275571043529	0.00031702492991891857	9.971024615327342e-5	3.0163488429184348e-5	1.0442443405483945e-5
188.0	-15.0	-4.5	0.20255741904963687	0.39486227859964124	0.5953462687778823	0.7531312370161338	0.8572742299384369	0.9189704607518742	0.9541831762683213	0.974357516182713	0.9853732129884637	0.0694310004619523	0.03111084103657103	0.011671847284162554	0.0036770470574094168	0.0010973903889621801	0.00031700531311705266	9.97596729866302e-5	3.0133141151984318e-5	1.0441531453646279e-5
189.0	-15.0	-4.5	0.20251154409051225	0.3948351241486739	0.5952745668327825	0.7530445866443586	0.8569976954996842	0.9190903821856937	0.9542074526697341	0.9743832871182188	0.9853527689362259	0.0644984258991247	0.02905402272299921	0.01091908320412858	0.003423869741527925	0.001013718201048308	0.0002986973582930156	9.092013204815932e-5	2.994187332337103e-5	9.714113618441321e-6
190.0	-15.0	-4.5	0.2025115440905122	0.3948351241486737	0.5952745668327823	0.7530445866443584	0.8569976954996839	0.9190903821856934	0.9542074526697337	0.9743832871182183	0.9853527689362255	0.06449842589912468	0.029054022722999187	0.010919083204128559	0.0034238697415279132	0.0010137182010483009	0.00029869735829301164	9.092013204815718e-5	2.994187332336987e-5	9.714113618440669e-6
191.0	-15.0	-4.5	0.20260860866106783	0.3948867806465385	0.5954831454859587	0.7533216396580531	0.8572530178029101	0.9188388221958291	0.9542175706662466	0.9743080622857881	0.9853969669247811	0.07413693525850636	0.03308283423941641	0.012391863429093196	0.0039233841417026325	0.0011407336798165287	0.0003393120152145845	0.00010890417674849321	3.148708034698959e-5	1.1134162185765137e-5
192.0	-15.0	-4.5	0.20260860866106783	0.3948867806465384	0.5954831454859586	0.753321639658053	0.85725301780291	0.918838822195829	0.9542175706662464	0.974308062285788	0.985396966924781	0.07413693525850637	0.0330828342394164	0.0123918634290932	0.0039233841417026395	0.0011407336798165333	0.00033931201521458695	0.00010890417674849468	3.148708034699042e-5	1.113416218576568e-5
1.0	-15.0	-5.0	0.12773816996695936	0.21739853054071678	0.30299326152731815	0.37342672121611437	0.44040332642572194	0.5224881327857042	0.6309109597446495	0.7611621328208109	0.8827786080709238	0.3132194234511429	0.31004764170926435	0.30681800300153267	0.2922442629298155	0.26153431267422766	0.2158675214123431	0.1576979338875251	0.09389832451265441	0.03998703164697444
2.0	-15.0	-5.0	0.12754809780450657	0.21805565278702177	0.3043903068318536	0.37479490875821225	0.4415681309763662	0.52349498104815	0.6317304737207431	0.761738317073242	0.8830444337466683	0.32655103124902973	0.3189690671841481	0.3130180186606212	0.297150396557592	0.2659763161288251	0.21987588647725054	0.16084457330432866	0.09589482100632549	0.04094865440348154
3.0	-15.0	-5.0	0.12754809780450657	0.2180556527870218	0.3043903068318536	0.37479490875821236	0.4415681309763663	0.5234949810481501	0.6317304737207432	0.7617383170732424	0.8830444337466687	0.32655103124902995	0.31896906718414825	0.3130180186606213	0.297150396557592	0.26597631612882516	0.21987588647725054	0.1608445733043287	0.0958948210063255	0.040948654403481534
4.0	-15.0	-5.0	0.12754809780450657	0.2180556527870218	0.3043903068318536	0.37479490875821236	0.4415681309763663	0.5234949810481501	0.6317304737207431	0.7617383170732424	0.8830444337466685	0.32655103124902995	0.3189690671841482	0.31301801866062146	0.29715039655759223	0.26597631612882533	0.21987588647725076	0.16084457330432894	0.09589482100632578	0.04094865440348182
5.0	-15.0	-5.0	0.12773816996695936	0.21739853054071673	0.3029932615273181	0.37342672121611437	0.44040332642572194	0.522488132785704	0.6309109597446495	0.7611621328208109	0.8827786080709236	0.31321942345114295	0.31004764170926435	0.3068180030015326	0.29224426292981553	0.2615343126742277	0.21586752141234317	0.15769793388752518	0.09389832451265451	0.03998703164697457
6.0	-15.0	-5.0	0.1275480978045066	0.21805565278702185	0.3043903068318537	0.37479490875821236	0.4415681309763663	0.5234949810481501	0.6317304737207432	0.7617383170732424	0.8830444337466687	0.3265510312490299	0.3189690671841482	0.3130180186606213	0.2971503965575921	0.26597631612882516	0.21987588647725062	0.1608445733043288	0.09589482100632561	0.04094865440348165
7.0	-15.0	-5.0	0.12754809780450654	0.21805565278702171	0.30439030683185353	0.37479490875821225	0.4415681309763662	0.52349498104815	0.631730473720743	0.7617383170732422	0.8830444337466684	0.3265510312490299	0.318969067184148	0.3130180186606213	0.29715039655759207	0.2659763161288252	0.21987588647725057	0.16084457330432875	0.09589482100632557	0.040948654403481624
8.0	-15.0	-5.0	0.12773816996695944	0.2173985305407169	0.30299326152731837	0.3734267212161146	0.44040332642572216	0.5224881327857044	0.6309109597446497	0.7611621328208111	0.8827786080709238	0.3132194234511431	0.3100476417092645	0.3068180030015328	0.2922442629298157	0.2615343126742279	0.21586752141234328	0.15769793388752526	0.09389832451265458	0.03998703164697462
9.0	-15.0	-5.0	0.12754809780450654	0.21805565278702171	0.3043903068318536	0.37479490875821225	0.4415681309763662	0.52349498104815	0.6317304737207431	0.7617383170732422	0.8830444337466684	0.3265510312490298	0.3189690671841482	0.3130180186606213	0.2971503965575921	0.2659763161288252	0.21987588647725065	0.16084457330432883	0.09589482100632568	0.040948654403481735
10.0	-15.0	-5.0	0.12754809780450657	0.21805565278702177	0.30439030683185364	0.37479490875821236	0.4415681309763663	0.5234949810481501	0.6317304737207432	0.7617383170732424	0.8830444337466687	0.32655103124902995	0.31896906718414825	0.31301801866062123	0.2971503965575921	0.2659763161288251	0.2198758864772506	0.16084457330432878	0.09589482100632556	0.04094865440348158
11.0	-15.0	-5.0	0.12754809780450657	0.2180556527870218	0.3043903068318536	0.3747949087582123	0.44156813097636627	0.5234949810481501	0.6317304737207431	0.7617383170732424	0.8830444337466687	0.3265510312490298	0.31896906718414814	0.3130180186606212	0.29715039655759207	0.2659763161288251	0.21987588647725043	0.16084457330432866	0.09589482100632547	0.04094865440348151
12.0	-15.0	-5.0	0.12773816996695944	0.21739853054071684	0.30299326152731826	0.37342672121611453	0.44040332642572205	0.5224881327857043	0.6309109597446496	0.7611621328208111	0.8827786080709239	0.3132194234511431	0.31004764170926447	0.3068180030015329	0.29224426292981587	0.261534312674228	0.21586752141234342	0.15769793388752537	0.09389832451265469	0.03998703164697474
13.0	-15.0	-5.0	0.11535368210416917	0.18847660225946922	0.25693452036397185	0.3155070866273888	0.37425074602793673	0.44343592790113073	0.529694315231465	0.6356352172881617	0.7435793553316778	0.35665363144643025	0.35555117592892893	0.35129328311523333	0.33758547688801616	0.3128182110606868	0.2769790507924235	0.22955768200716722	0.17376856394973555	0.12096427210192023
14.0	-15.0	-5.0	0.11535368210416917	0.1884766022594692	0.2569345203639718	0.31550708662738874	0.3742507460279366	0.4434359279011306	0.5296943152314649	0.6356352172881615	0.7435793553316775	0.35665363144643014	0.35555117592892876	0.3512932831152333	0.33758547688801605	0.31281821106068664	0.2769790507924234	0.2295576820071671	0.17376856394973542	0.12096427210192008
15.0	-15.0	-5.0	0.12991957375925578	0.21995261638465746	0.30261222901572704	0.3657645410556831	0.4173657971020939	0.46927159394364204	0.5259254255203409	0.583692501559113	0.6355098097594819	0.3734348493406449	0.37694105034200404	0.3780834918438012	0.36824574653189873	0.34590849127587614	0.3144347370947491	0.2772635647966971	0.23842329618532654	0.2031877158853196
16.0	-15.0	-5.0	0.13090438838652196	0.22907449318044906	0.32933324418068777	0.4191950483803125	0.506229928170048	0.6017200208895181	0.709570077117621	0.8218543675264726	0.9153045295571779	0.3284533039413212	0.32189276720385857	0.31763313753398537	0.30185458170053336	0.2683955702804346	0.21813017627847348	0.15459110658998731	0.08733205258536687	0.03461550808219954
17.0	-15.0	-5.0	0.12812821040270272	0.2191580625267741	0.3073531615525979	0.3825953146611859	0.4558468701190166	0.5443476366747786	0.658934619076506	0.7897413358020029	0.9018348233201252	0.37986668970434223	0.37988148524312854	0.3780929999306155	0.36360549398700215	0.32932680729472885	0.2725043945377914	0.19487401885844216	0.10956461021954729	0.04255006915158113
18.0	-15.0	-5.0	0.12991957375925578	0.21995261638465746	0.30261222901572704	0.3657645410556831	0.4173657971020939	0.46927159394364204	0.5259254255203409	0.583692501559113	0.6355098097594819	0.37343484934064497	0.37694105034200415	0.37808349184380124	0.3682457465318987	0.34590849127587614	0.31443473709474906	0.2772635647966971	0.23842329618532648	0.2031877158853196
19.0	-15.0	-5.0	0.11535368210416917	0.18847660225946922	0.25693452036397174	0.3155070866273887	0.3742507460279366	0.44343592790113057	0.5296943152314649	0.6356352172881615	0.7435793553316776	0.35665363144643014	0.3555511759289287	0.3512932831152331	0.33758547688801593	0.3128182110606865	0.2769790507924233	0.22955768200716692	0.17376856394973525	0.12096427210191989
20.0	-15.0	-5.0	0.12991957375925578	0.21995261638465746	0.30261222901572704	0.3657645410556832	0.417365797102094	0.46927159394364215	0.525925425520341	0.583692501559113	0.635509809759482	0.3734348493406449	0.37694105034200387	0.37808349184380097	0.3682457465318985	0.34590849127587586	0.31443473709474884	0.27726356479669695	0.23842329618532632	0.20318771588531945
21.0	-15.0	-5.0	0.11535368210416913	0.1884766022594691	0.2569345203639717	0.31550708662738863	0.3742507460279365	0.4434359279011305	0.5296943152314647	0.6356352172881613	0.7435793553316774	0.35665363144643003	0.35555117592892865	0.3512932831152331	0.33758547688801593	0.3128182110606865	0.27697905079242335	0.229557682007167	0.17376856394973536	0.12096427210192003
22.0	-15.0	-5.0	0.12812821040270272	0.2191580625267741	0.30735316155259784	0.38259531466118585	0.4558468701190165	0.5443476366747784	0.6589346190765056	0.7897413358020026	0.9018348233201249	0.3798666897043422	0.3798814852431286	0.37809299993061557	0.36360549398700204	0.3293268072947288	0.2725043945377914	0.19487401885844213	0.10956461021954728	0.042550069151581105
23.0	-15.0	-5.0	0.13090438838652202	0.2290744931804491	0.3293332441806878	0.41919504838031263	0.506229928170048	0.6017200208895181	0.709570077117621	0.8218543675264726	0.9153045295571779	0.32845330394132116	0.3218927672038585	0.31763313753398537	0.30185458170053336	0.2683955702804344	0.2181301762784734	0.1545911065899873	0.08733205258536685	0.03461550808219952
24.0	-15.0	-5.0	0.11535368210416916	0.1884766022594692	0.2569345203639718	0.31550708662738874	0.3742507460279366	0.4434359279011306	0.529694315231465	0.6356352172881615	0.7435793553316776	0.35665363144643014	0.3555511759289287	0.3512932831152332	0.337585476888016	0.3128182110606866	0.2769790507924234	0.22955768200716706	0.17376856394973536	0.12096427210192
25.0	-15.0	-5.0	0.130904388386522	0.229074493180449	0.3293332441806877	0.41919504838031246	0.5062299281700479	0.6017200208895179	0.7095700771176209	0.8218543675264725	0.9153045295571778	0.32845330394132105	0.32189276720385845	0.31763313753398537	0.3018545817005333	0.2683955702804344	0.21813017627847342	0.15459110658998731	0.08733205258536678	0.03461550808219948
26.0	-15.0	-5.0	0.12812821040270275	0.21915806252677414	0.3073531615525979	0.382595314661186	0.45584687011901676	0.5443476366747788	0.6589346190765061	0.7897413358020031	0.9018348233201252	0.37986668970434234	0.3798814852431287	0.37809299993061557	0.36360549398700215	0.32932680729472885	0.2725043945377914	0.1948740188584421	0.10956461021954723	0.042550069151581056
27.0	-15.0	-5.0	0.1281282104027027	0.2191580625267741	0.30735316155259784	0.38259531466118585	0.4558468701190165	0.5443476366747785	0.6589346190765059	0.7897413358020028	0.9018348233201251	0.3798666897043422	0.3798814852431286	0.3780929999306155	0.3636054939870021	0.32932680729472874	0.2725043945377914	0.19487401885844213	0.10956461021954725	0.042550069151581105
28.0	-15.0	-5.0	0.13090438838652205	0.22907449318044915	0.3293332441806879	0.41919504838031263	0.506229928170048	0.6017200208895181	0.709570077117621	0.8218543675264728	0.9153045295571781	0.32845330394132116	0.3218927672038585	0.3176331375339855	0.3018545817005334	0.26839557028043454	0.21813017627847348	0.15459110658998734	0.08733205258536683	0.034615508082199514
29.0	-15.0	-5.0	0.12991957375925584	0.21995261638465755	0.3026122290157272	0.36576454105568323	0.4173657971020941	0.4692715939436422	0.5259254255203412	0.5836925015591133	0.6355098097594822	0.373434849340645	0.37694105034200426	0.37808349184380136	0.3682457465318988	0.34590849127587614	0.31443473709474906	0.27726356479669717	0.23842329618532657	0.20318771588531961
30.0	-15.0	-5.0	0.11535368210416917	0.18847660225946922	0.25693452036397185	0.3155070866273888	0.37425074602793673	0.44343592790113073	0.529694315231465	0.6356352172881617	0.7435793553316778	0.3566536314464302	0.3555511759289288	0.35129328311523333	0.3375854768880161	0.31281821106068675	0.2769790507924236	0.22955768200716717	0.17376856394973555	0.12096427210192016
31.0	-15.0	-5.0	0.13090438838652202	0.2290744931804491	0.3293332441806879	0.41919504838031263	0.506229928170048	0.6017200208895183	0.7095700771176211	0.8218543675264728	0.9153045295571781	0.3284533039413211	0.3218927672038586	0.31763313753398553	0.3018545817005336	0.2683955702804347	0.21813017627847361	0.15459110658998748	0.08733205258536698	0.03461550808219964
32.0	-15.0	-5.0	0.1299195737592558	0.2199526163846575	0.3026122290157271	0.3657645410556832	0.417365797102094	0.46927159394364215	0.525925425520341	0.583692501559113	0.635509809759482	0.37343484934064497	0.37694105034200415	0.37808349184380124	0.3682457465318988	0.3459084912758762	0.3144347370947492	0.2772635647966972	0.23842329618532657	0.20318771588531964
33.0	-15.0	-5.0	0.1281282104027027	0.2191580625267741	0.3073531615525979	0.3825953146611859	0.4558468701190166	0.5443476366747786	0.658934619076506	0.7897413358020031	0.9018348233201252	0.3798666897043423	0.3798814852431286	0.3780929999306157	0.3636054939870022	0.32932680729472885	0.27250439453779146	0.19487401885844216	0.10956461021954729	0.04255006915158112
34.0	-15.0	-5.0	0.12812821040270275	0.21915806252677422	0.307353161552598	0.38259531466118607	0.45584687011901676	0.5443476366747789	0.6589346190765062	0.7897413358020032	0.9018348233201255	0.3798666897043423	0.37988148524312865	0.37809299993061557	0.3636054939870022	0.3293268072947289	0.27250439453779157	0.1948740188584422	0.10956461021954732	0.04255006915158115
35.0	-15.0	-5.0	0.13090438838652205	0.22907449318044917	0.3293332441806879	0.4191950483803127	0.5062299281700482	0.6017200208895184	0.7095700771176213	0.8218543675264729	0.9153045295571782	0.3284533039413213	0.3218927672038585	0.31763313753398553	0.30185458170053325	0.2683955702804344	0.2181301762784734	0.15459110658998726	0.08733205258536676	0.03461550808219945
36.0	-15.0	-5.0	0.1153536821041692	0.18847660225946924	0.25693452036397185	0.31550708662738886	0.37425074602793673	0.4434359279011308	0.5296943152314652	0.6356352172881617	0.7435793553316778	0.3566536314464303	0.3555511759289289	0.3512932831152333	0.3375854768880162	0.31281821106068675	0.2769790507924236	0.2295576820071672	0.17376856394973553	0.12096427210192015
37.0	-15.0	-5.0	0.1299195737592558	0.21995261638465746	0.30261222901572704	0.3657645410556831	0.4173657971020939	0.46927159394364204	0.5259254255203409	0.583692501559113	0.6355098097594819	0.373434849340645	0.37694105034200404	0.37808349184380124	0.3682457465318988	0.3459084912758762	0.31443473709474906	0.27726356479669717	0.23842329618532648	0.20318771588531956
38.0	-15.0	-5.0	0.1309043883865221	0.2290744931804492	0.32933324418068793	0.4191950483803127	0.5062299281700481	0.6017200208895183	0.7095700771176211	0.8218543675264728	0.9153045295571781	0.3284533039413212	0.32189276720385845	0.3176331375339854	0.30185458170053336	0.2683955702804345	0.21813017627847342	0.15459110658998723	0.08733205258536673	0.03461550808219939
39.0	-15.0	-5.0	0.1281282104027027	0.21915806252677406	0.3073531615525978	0.3825953146611858	0.45584687011901637	0.5443476366747784	0.6589346190765055	0.7897413358020026	0.9018348233201249	0.37986668970434223	0.3798814852431285	0.37809299993061535	0.3636054939870019	0.32932680729472863	0.2725043945377913	0.19487401885844202	0.10956461021954716	0.04255006915158103
40.0	-15.0	-5.0	0.12991957375925578	0.21995261638465746	0.3026122290157271	0.3657645410556832	0.417365797102094	0.46927159394364215	0.5259254255203412	0.5836925015591131	0.6355098097594821	0.3734348493406451	0.3769410503420042	0.3780834918438012	0.3682457465318988	0.34590849127587625	0.314434737094749	0.2772635647966971	0.23842329618532648	0.20318771588531956
41.0	-15.0	-5.0	0.12812821040270267	0.21915806252677406	0.3073531615525978	0.38259531466118585	0.4558468701190165	0.5443476366747784	0.6589346190765057	0.7897413358020026	0.9018348233201249	0.3798666897043422	0.37988148524312854	0.37809299993061557	0.3636054939870022	0.32932680729472885	0.27250439453779157	0.19487401885844224	0.1095646102195474	0.042550069151581243
42.0	-15.0	-5.0	0.12991957375925578	0.21995261638465746	0.3026122290157271	0.3657645410556832	0.417365797102094	0.46927159394364215	0.525925425520341	0.5836925015591131	0.635509809759482	0.373434849340645	0.37694105034200415	0.3780834918438012	0.3682457465318988	0.34590849127587614	0.31443473709474906	0.27726356479669717	0.23842329618532648	0.2031877158853196
43.0	-15.0	-5.0	0.13090438838652202	0.2290744931804491	0.3293332441806878	0.4191950483803125	0.506229928170048	0.6017200208895181	0.709570077117621	0.8218543675264726	0.9153045295571779	0.32845330394132116	0.32189276720385857	0.31763313753398553	0.3018545817005335	0.2683955702804345	0.21813017627847348	0.1545911065899874	0.0873320525853669	0.0346155080821996
44.0	-15.0	-5.0	0.1153536821041692	0.18847660225946922	0.25693452036397185	0.3155070866273888	0.37425074602793673	0.44343592790113073	0.529694315231465	0.6356352172881617	0.7435793553316778	0.35665363144643025	0.355551175928929	0.3512932831152334	0.3375854768880162	0.31281821106068675	0.2769790507924236	0.22955768200716717	0.1737685639497355	0.12096427210192015
45.0	-15.0	-5.0	0.11575341719086714	0.18915688769768516	0.2576903712421102	0.3161947508869909	0.37484079843358903	0.4439600549417252	0.5302149149572116	0.6360439573861644	0.7437037320686287	0.3661647163481899	0.36318989049506173	0.3572384861170818	0.34259059826304483	0.31750992074633566	0.2815243668263272	0.23377936256891904	0.17719938359866155	0.12327535201948722
46.0	-15.0	-5.0	0.11575341719086722	0.18915688769768518	0.2576903712421103	0.31619475088699095	0.37484079843358914	0.44396005494172536	0.5302149149572116	0.6360439573861644	0.7437037320686288	0.36616471634818987	0.3631898904950618	0.3572384861170817	0.3425905982630448	0.31750992074633566	0.28152436682632714	0.23377936256891899	0.17719938359866155	0.12327535201948721
47.0	-15.0	-5.0	0.13054809322533548	0.2203042235317499	0.3027427523672488	0.36620743614955514	0.41799947101436113	0.4696620881663324	0.5259140401348344	0.5834302871787022	0.6350983516897303	0.3735551984567193	0.3777120220679339	0.3784140450324858	0.3683939983060543	0.34612229659248916	0.3146383487698625	0.2774853116036432	0.238651575317714	0.20347263864418874
48.0	-15.0	-5.0	0.1309297905816083	0.22910505005085838	0.32933903807777953	0.4191467508310502	0.5061330699836167	0.6016177937067105	0.70950382019293	0.8217861340587471	0.9152903925369196	0.33189860310875685	0.32387740915077606	0.31872811506243753	0.30249658786158595	0.26879856543458636	0.21838885097752114	0.15472409692748326	0.08741072667833716	0.034636870861306616
49.0	-15.0	-5.0	0.13054809322533542	0.2203042235317499	0.3027427523672488	0.36620743614955514	0.41799947101436113	0.4696620881663324	0.5259140401348346	0.5834302871787022	0.6350983516897303	0.3735551984567193	0.3777120220679341	0.3784140450324858	0.3683939983060543	0.34612229659248916	0.3146383487698625	0.2774853116036432	0.23865157531771397	0.20347263864418869
50.0	-15.0	-5.0	0.11575341719086718	0.18915688769768516	0.25769037124211025	0.3161947508869909	0.3748407984335891	0.44396005494172536	0.5302149149572117	0.6360439573861645	0.743703732068629	0.3661647163481899	0.3631898904950618	0.3572384861170818	0.34259059826304494	0.3175099207463357	0.2815243668263272	0.23377936256891907	0.17719938359866164	0.1232753520194873
51.0	-15.0	-5.0	0.1305480932253354	0.22030422353174983	0.30274275236724874	0.36620743614955503	0.4179994710143611	0.46966208816633237	0.5259140401348344	0.5834302871787019	0.6350983516897302	0.37355519845671936	0.37771202206793403	0.378414045032486	0.36839399830605446	0.3461222965924893	0.3146383487698627	0.27748531160364337	0.2386515753177142	0.20347263864418894
52.0	-15.0	-5.0	0.11575341719086717	0.18915688769768513	0.2576903712421102	0.31619475088699084	0.37484079843358903	0.44396005494172525	0.5302149149572116	0.6360439573861644	0.7437037320686288	0.3661647163481898	0.3631898904950616	0.3572384861170817	0.3425905982630448	0.31750992074633555	0.2815243668263271	0.23377936256891899	0.17719938359866153	0.12327535201948722
53.0	-15.0	-5.0	0.1309297905816083	0.22910505005085835	0.32933903807777953	0.4191467508310502	0.5061330699836166	0.6016177937067104	0.70950382019293	0.8217861340587469	0.9152903925369195	0.33189860310875685	0.323877409150776	0.3187281150624374	0.30249658786158595	0.26879856543458625	0.21838885097752106	0.15472409692748318	0.08741072667833709	0.034636870861306596
54.0	-15.0	-5.0	0.1305480932253355	0.22030422353174992	0.30274275236724885	0.3662074361495552	0.41799947101436125	0.46966208816633254	0.5259140401348347	0.5834302871787023	0.6350983516897305	0.3735551984567194	0.3777120220679342	0.37841404503248605	0.36839399830605435	0.3461222965924893	0.31463834876986263	0.27748531160364337	0.23865157531771414	0.20347263864418896
55.0	-15.0	-5.0	0.11575341719086721	0.18915688769768516	0.2576903712421102	0.31619475088699084	0.37484079843358903	0.4439600549417252	0.5302149149572116	0.6360439573861644	0.7437037320686287	0.36616471634818987	0.3631898904950619	0.35723848611708187	0.3425905982630449	0.3175099207463357	0.2815243668263272	0.2337793625689191	0.17719938359866164	0.12327535201948733
56.0	-15.0	-5.0	0.13092979058160834	0.22910505005085838	0.3293390380777796	0.4191467508310503	0.5061330699836168	0.6016177937067108	0.7095038201929303	0.8217861340587472	0.9152903925369197	0.33189860310875696	0.32387740915077606	0.3187281150624376	0.30249658786158595	0.26879856543458636	0.21838885097752114	0.1547240969274833	0.0874107266783372	0.034636870861306665
57.0	-15.0	-5.0	0.1309297905816083	0.22910505005085835	0.32933903807777953	0.4191467508310502	0.5061330699836166	0.6016177937067104	0.70950382019293	0.8217861340587469	0.9152903925369192	0.3318986031087568	0.32387740915077606	0.3187281150624374	0.30249658786158584	0.26879856543458625	0.21838885097752112	0.15472409692748326	0.08741072667833717	0.03463687086130662
58.0	-15.0	-5.0	0.11575341719086718	0.18915688769768516	0.2576903712421102	0.31619475088699084	0.37484079843358903	0.44396005494172525	0.5302149149572116	0.6360439573861644	0.7437037320686287	0.3661647163481898	0.36318989049506173	0.3572384861170818	0.3425905982630449	0.31750992074633566	0.2815243668263271	0.233779362568919	0.17719938359866164	0.12327535201948726
59.0	-15.0	-5.0	0.1309297905816083	0.22910505005085835	0.32933903807777953	0.4191467508310502	0.5061330699836166	0.6016177937067104	0.70950382019293	0.8217861340587469	0.9152903925369195	0.3318986031087569	0.323877409150776	0.3187281150624375	0.3024965878615859	0.2687985654345863	0.21838885097752106	0.15472409692748326	0.0874107266783372	0.03463687086130665
60.0	-15.0	-5.0	0.13054809322533542	0.2203042235317498	0.30274275236724874	0.36620743614955503	0.4179994710143611	0.46966208816633237	0.5259140401348346	0.5834302871787022	0.6350983516897303	0.3735551984567195	0.37771202206793403	0.37841404503248605	0.3683939983060545	0.34612229659248933	0.31463834876986274	0.2774853116036435	0.23865157531771425	0.20347263864418905
61.0	-15.0	-5.0	0.13054809322533542	0.22030422353174983	0.30274275236724874	0.36620743614955503	0.4179994710143611	0.46966208816633237	0.5259140401348344	0.583430287178702	0.6350983516897302	0.37355519845671925	0.377712022067934	0.37841404503248577	0.36839399830605424	0.3461222965924891	0.3146383487698625	0.2774853116036431	0.23865157531771386	0.20347263864418863
62.0	-15.0	-5.0	0.13092979058160836	0.22910505005085843	0.32933903807777964	0.4191467508310503	0.5061330699836168	0.6016177937067109	0.7095038201929303	0.8217861340587472	0.9152903925369197	0.331898603108757	0.32387740915077623	0.31872811506243753	0.30249658786158595	0.26879856543458636	0.21838885097752117	0.15472409692748335	0.08741072667833727	0.0346368708613067
63.0	-15.0	-5.0	0.11575341719086722	0.18915688769768518	0.25769037124211025	0.3161947508869909	0.3748407984335891	0.44396005494172525	0.5302149149572116	0.6360439573861644	0.7437037320686288	0.3661647163481899	0.36318989049506184	0.3572384861170818	0.3425905982630449	0.31750992074633566	0.28152436682632714	0.233779362568919	0.17719938359866158	0.12327535201948725
64.0	-15.0	-5.0	0.13092979058160836	0.22910505005085838	0.3293390380777796	0.41914675083105024	0.5061330699836166	0.6016177937067105	0.70950382019293	0.8217861340587469	0.9152903925369195	0.33189860310875685	0.32387740915077606	0.3187281150624375	0.30249658786158584	0.26879856543458625	0.2183888509775211	0.15472409692748326	0.08741072667833716	0.034636870861306616
65.0	-15.0	-5.0	0.1309297905816083	0.22910505005085832	0.32933903807777953	0.41914675083105024	0.5061330699836167	0.6016177937067105	0.70950382019293	0.8217861340587469	0.9152903925369195	0.33189860310875685	0.323877409150776	0.3187281150624375	0.30249658786158584	0.2687985654345863	0.21838885097752103	0.15472409692748318	0.0874107266783371	0.034636870861306575
66.0	-15.0	-5.0	0.11575341719086721	0.18915688769768518	0.2576903712421103	0.3161947508869909	0.37484079843358914	0.44396005494172536	0.5302149149572117	0.6360439573861645	0.7437037320686288	0.3661647163481899	0.3631898904950618	0.35723848611708175	0.34259059826304483	0.31750992074633566	0.28152436682632714	0.23377936256891907	0.1771993835986616	0.12327535201948728
67.0	-15.0	-5.0	0.13054809322533537	0.22030422353174978	0.3027427523672487	0.366207436149555	0.41799947101436097	0.46966208816633226	0.5259140401348344	0.583430287178702	0.6350983516897303	0.3735551984567193	0.37771202206793414	0.37841404503248605	0.3683939983060545	0.34612229659248933	0.3146383487698628	0.2774853116036434	0.23865157531771425	0.20347263864418902
68.0	-15.0	-5.0	0.1305480932253355	0.22030422353174992	0.3027427523672489	0.3662074361495552	0.41799947101436125	0.46966208816633254	0.5259140401348347	0.5834302871787023	0.6350983516897304	0.37355519845671936	0.377712022067934	0.3784140450324859	0.36839399830605435	0.34612229659248916	0.3146383487698627	0.2774853116036433	0.2386515753177141	0.20347263864418894
69.0	-15.0	-5.0	0.12733297672624158	0.2186723407965316	0.30569767269426473	0.376150943062391	0.4428082118817563	0.5246396434100937	0.6326710320853608	0.7623407563605265	0.8833808097650195	0.3322241549112685	0.32367726953168774	0.31703135397297955	0.3008413126397263	0.26966382484754764	0.22339900947734154	0.16370573144298	0.09778950945699165	0.04184004934655172
70.0	-15.0	-5.0	0.12733297672624158	0.21867234079653164	0.30569767269426473	0.3761509430623911	0.44280821188175634	0.5246396434100937	0.6326710320853609	0.7623407563605266	0.8833808097650198	0.33222415491126855	0.3236772695316876	0.3170313539729795	0.30084131263972624	0.2696638248475475	0.22339900947734148	0.16370573144297992	0.09778950945699155	0.04184004934655165
71.0	-15.0	-5.0	0.12733297672624153	0.21867234079653153	0.3056976726942646	0.37615094306239083	0.4428082118817561	0.5246396434100935	0.6326710320853607	0.7623407563605261	0.8833808097650194	0.3322241549112685	0.32367726953168746	0.3170313539729793	0.300841312639726	0.2696638248475473	0.22339900947734126	0.16370573144297978	0.09778950945699134	0.04184004934655144
72.0	-15.0	-5.0	0.12733297672624155	0.2186723407965316	0.30569767269426473	0.376150943062391	0.4428082118817563	0.5246396434100937	0.6326710320853608	0.7623407563605265	0.8833808097650198	0.33222415491126855	0.32367726953168763	0.31703135397297955	0.3008413126397262	0.2696638248475476	0.2233990094773415	0.16370573144298	0.09778950945699164	0.04184004934655172
73.0	-15.0	-5.0	0.14850404346943805	0.2754063295619772	0.4093509641387922	0.5250058370414382	0.6256978052499981	0.724702234722745	0.8233376988847222	0.9070497977399361	0.9600666701980316	0.24572112461111384	0.21762144561785043	0.19577675842216907	0.17159839147168424	0.14052861794487437	0.10275369469160414	0.06284610731960948	0.029122871542937946	0.009203822569402035
74.0	-15.0	-5.0	0.1485428211120913	0.2755932044986472	0.4096875568942703	0.5253822142814436	0.6260363030464725	0.7249283881936868	0.8234227618875769	0.9071212776924859	0.9600840487111535	0.2506401742311671	0.22108994083773761	0.1977917185146771	0.1726392788470544	0.14099884867887322	0.10291413787111871	0.06288814227749945	0.02911623859431293	0.009200120186397341
75.0	-15.0	-5.0	0.14854282111209122	0.2755932044986472	0.4096875568942703	0.5253822142814437	0.6260363030464726	0.7249283881936868	0.823422761887577	0.9071212776924861	0.9600840487111537	0.2506401742311671	0.22108994083773767	0.19779171851467714	0.17263927884705443	0.14099884867887327	0.10291413787111875	0.06288814227749949	0.029116238594312966	0.009200120186397352
76.0	-15.0	-5.0	0.14850404346943796	0.2754063295619771	0.40935096413879213	0.525005837041438	0.6256978052499977	0.7247022347227445	0.8233376988847219	0.9070497977399358	0.9600666701980313	0.24572112461111376	0.21762144561785043	0.19577675842216907	0.17159839147168426	0.14052861794487434	0.10275369469160411	0.06284610731960946	0.02912287154293794	0.009203822569402033
77.0	-15.0	-5.0	0.14850404346943805	0.2754063295619773	0.4093509641387924	0.5250058370414384	0.6256978052499985	0.7247022347227453	0.8233376988847227	0.9070497977399365	0.9600666701980323	0.24572112461111384	0.21762144561785055	0.19577675842216904	0.1715983914716842	0.1405286179448743	0.10275369469160407	0.06284610731960937	0.029122871542937814	0.009203822569401882
78.0	-15.0	-5.0	0.14854282111209127	0.27559320449864716	0.4096875568942703	0.5253822142814437	0.6260363030464725	0.7249283881936868	0.823422761887577	0.9071212776924861	0.9600840487111536	0.25064017423116713	0.22108994083773764	0.1977917185146772	0.1726392788470545	0.14099884867887327	0.10291413787111874	0.06288814227749949	0.029116238594312942	0.009200120186397358
79.0	-15.0	-5.0	0.1485428211120913	0.27559320449864727	0.40968755689427055	0.5253822142814439	0.626036303046473	0.7249283881936873	0.8234227618875776	0.9071212776924866	0.9600840487111543	0.25064017423116736	0.2210899408377379	0.19779171851467742	0.17263927884705477	0.1409988486788735	0.10291413787111894	0.06288814227749966	0.029116238594313098	0.009200120186397478
80.0	-15.0	-5.0	0.14850404346943796	0.2754063295619771	0.40935096413879213	0.5250058370414379	0.6256978052499977	0.7247022347227445	0.8233376988847216	0.9070497977399357	0.9600666701980312	0.24572112461111373	0.21762144561785032	0.19577675842216896	0.17159839147168415	0.14052861794487423	0.10275369469160403	0.06284610731960939	0.029122871542937894	0.009203822569401988
81.0	-15.0	-5.0	0.1485040434694381	0.27540632956197736	0.4093509641387925	0.5250058370414384	0.6256978052499985	0.7247022347227453	0.8233376988847227	0.9070497977399368	0.9600666701980324	0.24572112461111398	0.2176214456178506	0.19577675842216918	0.17159839147168435	0.1405286179448744	0.10275369469160414	0.06284610731960946	0.029122871542937905	0.009203822569401977
82.0	-15.0	-5.0	0.1485428211120913	0.2755932044986472	0.40968755689427055	0.5253822142814439	0.626036303046473	0.7249283881936873	0.8234227618875776	0.9071212776924865	0.9600840487111543	0.2506401742311672	0.2210899408377378	0.19779171851467728	0.1726392788470546	0.14099884867887336	0.10291413787111882	0.06288814227749953	0.02911623859431297	0.009200120186397348
83.0	-15.0	-5.0	0.14850404346943805	0.2754063295619772	0.4093509641387923	0.5250058370414381	0.625697805249998	0.7247022347227449	0.8233376988847222	0.907049797739936	0.9600666701980316	0.24572112461111378	0.21762144561785046	0.195776758422169	0.17159839147168415	0.14052861794487428	0.10275369469160409	0.0628461073196094	0.029122871542937887	0.00920382256940199
84.0	-15.0	-5.0	0.14854282111209127	0.2755932044986472	0.40968755689427044	0.5253822142814437	0.6260363030464727	0.7249283881936871	0.8234227618875773	0.9071212776924864	0.9600840487111539	0.2506401742311672	0.22108994083773784	0.1977917185146774	0.17263927884705468	0.1409988486788735	0.10291413787111894	0.06288814227749967	0.029116238594313126	0.009200120186397525
85.0	-15.0	-5.0	0.14854282111209122	0.2755932044986471	0.4096875568942702	0.5253822142814435	0.6260363030464724	0.7249283881936867	0.8234227618875768	0.9071212776924857	0.9600840487111533	0.2506401742311671	0.22108994083773761	0.19779171851467714	0.1726392788470544	0.14099884867887327	0.10291413787111871	0.06288814227749945	0.029116238594312924	0.009200120186397348
86.0	-15.0	-5.0	0.14854282111209133	0.2755932044986473	0.40968755689427055	0.525382214281444	0.6260363030464731	0.7249283881936873	0.8234227618875776	0.9071212776924865	0.9600840487111543	0.25064017423116736	0.22108994083773784	0.1977917185146774	0.17263927884705463	0.14099884867887347	0.1029141378711189	0.06288814227749959	0.029116238594313032	0.009200120186397414
87.0	-15.0	-5.0	0.1485040434694379	0.2754063295619771	0.409350964138792	0.5250058370414379	0.6256978052499977	0.7247022347227445	0.8233376988847219	0.9070497977399358	0.9600666701980313	0.24572112461111378	0.2176214456178504	0.19577675842216902	0.17159839147168413	0.14052861794487426	0.102753694691604	0.06284610731960938	0.02912287154293785	0.009203822569401948
88.0	-15.0	-5.0	0.14850404346943802	0.2754063295619772	0.40935096413879235	0.5250058370414382	0.6256978052499983	0.7247022347227452	0.8233376988847224	0.9070497977399362	0.9600666701980319	0.24572112461111387	0.21762144561785046	0.1957767584221692	0.17159839147168432	0.14052861794487448	0.10275369469160424	0.06284610731960955	0.029122871542937988	0.009203822569402085
89.0	-15.0	-5.0	0.11639113310551406	0.18398143212405593	0.24029527089036773	0.2818516243010375	0.3175956871238512	0.35468634431284873	0.3946890861624909	0.43366317731358855	0.46864028837268634	0.4548342962863372	0.4650393249487602	0.46463682796401934	0.45458673523010057	0.4372378610059713	0.414089886909933	0.3866806218846845	0.35829395718602436	0.3318359657973084
90.0	-15.0	-5.0	0.11639113310551406	0.18398143212405593	0.24029527089036778	0.28185162430103755	0.3175956871238513	0.3546863443128488	0.3946890861624909	0.4336631773135887	0.4686402883726864	0.4548342962863372	0.4650393249487603	0.4646368279640195	0.4545867352301008	0.43723786100597123	0.414089886909933	0.38668062188468444	0.3582939571860244	0.33183596579730845
91.0	-15.0	-5.0	0.12997765888664342	0.22003507048835344	0.3025795707322805	0.36557454260232874	0.41717672457063365	0.46922074988501056	0.5261356598310974	0.5839907338640756	0.63595486547184	0.3966318748885123	0.3969433497700359	0.39554202878711725	0.3839634531617485	0.3605326369444073	0.32843349255293536	0.2907175528377529	0.2514043016661831	0.21551867146271128
92.0	-15.0	-5.0	0.11639113310551404	0.18398143212405585	0.24029527089036773	0.2818516243010375	0.3175956871238512	0.35468634431284873	0.3946890861624908	0.43366317731358867	0.4686402883726863	0.45483429628633715	0.46503932494876016	0.4646368279640193	0.4545867352301005	0.43723786100597123	0.41408988690993287	0.38668062188468433	0.3582939571860243	0.33183596579730823
93.0	-15.0	-5.0	0.11639113310551406	0.18398143212405593	0.24029527089036778	0.28185162430103755	0.3175956871238513	0.3546863443128488	0.39468908616249093	0.43366317731358867	0.4686402883726864	0.45483429628633715	0.46503932494876027	0.46463682796401934	0.4545867352301006	0.4372378610059713	0.4140898869099331	0.38668062188468455	0.3582939571860245	0.3318359657973085
94.0	-15.0	-5.0	0.1299776588866434	0.2200350704883534	0.30257957073228053	0.36557454260232874	0.4171767245706337	0.4692207498850106	0.5261356598310974	0.5839907338640757	0.63595486547184	0.3966318748885122	0.39694334977003576	0.39554202878711714	0.3839634531617485	0.3605326369444073	0.3284334925529353	0.290717552837753	0.25140430166618327	0.21551867146271136
95.0	-15.0	-5.0	0.11639113310551405	0.18398143212405588	0.24029527089036778	0.28185162430103755	0.3175956871238513	0.3546863443128488	0.3946890861624909	0.43366317731358867	0.46864028837268634	0.45483429628633737	0.46503932494876027	0.4646368279640194	0.45458673523010074	0.4372378610059713	0.414089886909933	0.38668062188468455	0.3582939571860244	0.3318359657973085
96.0	-15.0	-5.0	0.12997765888664345	0.2200350704883535	0.3025795707322807	0.3655745426023289	0.4171767245706339	0.4692207498850108	0.5261356598310977	0.5839907338640759	0.6359548654718402	0.3966318748885123	0.3969433497700358	0.3955420287871172	0.3839634531617484	0.3605326369444072	0.3284334925529353	0.2907175528377529	0.2514043016661831	0.21551867146271117
97.0	-15.0	-5.0	0.12997765888664348	0.22003507048835358	0.3025795707322807	0.3655745426023289	0.4171767245706339	0.4692207498850108	0.5261356598310977	0.5839907338640759	0.6359548654718402	0.39663187488851226	0.3969433497700358	0.39554202878711725	0.38396345316174846	0.3605326369444072	0.32843349255293525	0.29071755283775286	0.25140430166618305	0.21551867146271111
98.0	-15.0	-5.0	0.11639113310551405	0.18398143212405588	0.24029527089036778	0.28185162430103755	0.3175956871238513	0.3546863443128488	0.39468908616249093	0.4336631773135887	0.46864028837268634	0.4548342962863373	0.46503932494876027	0.46463682796401934	0.4545867352301007	0.4372378610059713	0.41408988690993304	0.38668062188468455	0.3582939571860245	0.33183596579730845
99.0	-15.0	-5.0	0.11639113310551409	0.18398143212405596	0.2402952708903678	0.28185162430103755	0.31759568712385133	0.3546863443128489	0.39468908616249104	0.4336631773135888	0.4686402883726864	0.4548342962863373	0.46503932494876044	0.4646368279640196	0.45458673523010085	0.43723786100597145	0.41408988690993304	0.38668062188468455	0.35829395718602447	0.3318359657973085
100.0	-15.0	-5.0	0.12997765888664345	0.2200350704883535	0.3025795707322806	0.36557454260232886	0.4171767245706338	0.4692207498850107	0.5261356598310976	0.5839907338640757	0.6359548654718401	0.3966318748885122	0.3969433497700359	0.39554202878711714	0.3839634531617483	0.36053263694440707	0.3284334925529351	0.2907175528377527	0.2514043016661828	0.21551867146271086
101.0	-15.0	-5.0	0.12997765888664342	0.2200350704883534	0.3025795707322806	0.36557454260232874	0.4171767245706337	0.4692207498850106	0.5261356598310974	0.5839907338640756	0.63595486547184	0.3966318748885123	0.39694334977003576	0.3955420287871171	0.38396345316174835	0.36053263694440707	0.3284334925529351	0.2907175528377527	0.25140430166618283	0.21551867146271095
102.0	-15.0	-5.0	0.12997765888664345	0.22003507048835344	0.3025795707322806	0.36557454260232886	0.4171767245706337	0.4692207498850106	0.5261356598310974	0.5839907338640756	0.63595486547184	0.39663187488851215	0.39694334977003565	0.39554202878711703	0.38396345316174835	0.3605326369444071	0.32843349255293514	0.29071755283775275	0.2514043016661829	0.21551867146271103
103.0	-15.0	-5.0	0.12997765888664345	0.2200350704883535	0.3025795707322806	0.36557454260232886	0.4171767245706337	0.4692207498850106	0.5261356598310974	0.5839907338640757	0.63595486547184	0.39663187488851237	0.3969433497700359	0.39554202878711725	0.3839634531617485	0.36053263694440724	0.3284334925529352	0.2907175528377528	0.251404301666183	0.21551867146271111
104.0	-15.0	-5.0	0.11639113310551405	0.18398143212405588	0.24029527089036773	0.2818516243010375	0.3175956871238512	0.35468634431284873	0.3946890861624908	0.43366317731358867	0.46864028837268634	0.45483429628633715	0.46503932494876016	0.4646368279640193	0.4545867352301005	0.4372378610059712	0.4140898869099329	0.3866806218846842	0.3582939571860243	0.3318359657973083
105.0	-15.0	-5.0	0.14789971459631285	0.27537777905881144	0.4106169098824878	0.5272306968039351	0.6281354869518646	0.7267960546676573	0.8247399520244743	0.9076463347371921	0.9602448107197415	0.2466239086786966	0.21642217678933537	0.1937125050831006	0.1695623045417565	0.1388183386940246	0.10147006339679326	0.06205176119086911	0.02880036429871313	0.00911990685486329
106.0	-15.0	-5.0	0.14789971459631288	0.2753777790588115	0.41061690988248795	0.5272306968039354	0.6281354869518649	0.7267960546676576	0.8247399520244745	0.9076463347371925	0.960244810719742	0.24662390867869652	0.2164221767893353	0.1937125050831006	0.16956230454175644	0.13881833869402452	0.10147006339679318	0.062051761190869005	0.028800364298712983	0.009119906854863143
107.0	-15.0	-5.0	0.1478997145963129	0.2753777790588116	0.41061690988248795	0.5272306968039354	0.6281354869518649	0.7267960546676576	0.8247399520244745	0.9076463347371925	0.9602448107197419	0.2466239086786966	0.21642217678933537	0.19371250508310062	0.1695623045417565	0.13881833869402457	0.10147006339679318	0.06205176119086901	0.028800364298712994	0.009119906854863144
108.0	-15.0	-5.0	0.14789971459631285	0.2753777790588115	0.41061690988248795	0.5272306968039354	0.6281354869518649	0.7267960546676578	0.8247399520244747	0.9076463347371927	0.960244810719742	0.24662390867869663	0.21642217678933537	0.19371250508310073	0.16956230454175653	0.13881833869402468	0.10147006339679333	0.06205176119086915	0.028800364298713153	0.009119906854863304
109.0	-15.0	-5.0	0.14789971459631288	0.27537777905881156	0.41061690988248795	0.5272306968039354	0.6281354869518648	0.7267960546676576	0.8247399520244745	0.9076463347371925	0.9602448107197419	0.2466239086786965	0.21642217678933529	0.1937125050831006	0.16956230454175644	0.13881833869402452	0.10147006339679317	0.06205176119086896	0.028800364298712952	0.0091199068548631
110.0	-15.0	-5.0	0.1478997145963129	0.2753777790588116	0.41061690988248806	0.5272306968039355	0.6281354869518652	0.7267960546676582	0.8247399520244751	0.9076463347371931	0.9602448107197424	0.2466239086786966	0.21642217678933545	0.19371250508310076	0.16956230454175664	0.1388183386940247	0.1014700633967933	0.062051761190869116	0.028800364298713094	0.009119906854863236
111.0	-15.0	-5.0	0.1478997145963129	0.2753777790588116	0.4106169098824881	0.5272306968039355	0.6281354869518652	0.726796054667658	0.8247399520244748	0.9076463347371928	0.9602448107197423	0.24662390867869655	0.2164221767893353	0.1937125050831006	0.16956230454175647	0.13881833869402455	0.10147006339679317	0.062051761190869	0.02880036429871297	0.009119906854863124
112.0	-15.0	-5.0	0.1478997145963129	0.2753777790588116	0.41061690988248806	0.5272306968039355	0.6281354869518649	0.7267960546676578	0.8247399520244747	0.9076463347371927	0.960244810719742	0.24662390867869655	0.21642217678933537	0.19371250508310067	0.16956230454175644	0.13881833869402455	0.10147006339679318	0.062051761190868984	0.02880036429871298	0.009119906854863136
113.0	-15.0	-5.0	0.14791520314786372	0.27557547076078714	0.41101076955297816	0.5276938933576595	0.6285949736984433	0.7270678890419174	0.8247343439217197	0.907767751930098	0.9602729383737474	0.24519355370194867	0.2168611834166615	0.1944957330400967	0.1701370845406885	0.13910290669869668	0.101551725409023	0.062100798244659514	0.028778078913221317	0.009106549999165575
114.0	-15.0	-5.0	0.1479152031478638	0.27557547076078726	0.4110107695529784	0.5276938933576598	0.6285949736984435	0.7270678890419179	0.82473434392172	0.9077677519300983	0.9602729383737476	0.24519355370194867	0.2168611834166615	0.19449573304009665	0.17013708454068843	0.1391029066986966	0.10155172540902294	0.06210079824465946	0.028778078913221275	0.00910654999916554
115.0	-15.0	-5.0	0.14791520314786372	0.2755754707607872	0.4110107695529782	0.5276938933576596	0.6285949736984433	0.7270678890419178	0.82473434392172	0.9077677519300983	0.9602729383737476	0.24519355370194884	0.2168611834166617	0.19449573304009687	0.17013708454068865	0.13910290669869682	0.10155172540902319	0.06210079824465966	0.02877807891322147	0.009106549999165717
116.0	-15.0	-5.0	0.1479152031478637	0.27557547076078703	0.41101076955297794	0.5276938933576593	0.6285949736984429	0.7270678890419171	0.8247343439217191	0.9077677519300973	0.9602729383737465	0.24519355370194865	0.2168611834166614	0.1944957330400966	0.17013708454068843	0.1391029066986966	0.10155172540902299	0.062100798244659486	0.02877807891322134	0.009106549999165608
117.0	-15.0	-5.0	0.14791520314786363	0.275575470760787	0.41101076955297794	0.5276938933576591	0.6285949736984429	0.7270678890419171	0.8247343439217191	0.9077677519300972	0.9602729383737465	0.24519355370194842	0.21686118341666125	0.19449573304009643	0.17013708454068824	0.13910290669869643	0.10155172540902281	0.06210079824465933	0.028778078913221147	0.00910654999916543
118.0	-15.0	-5.0	0.14791520314786363	0.275575470760787	0.41101076955297783	0.5276938933576591	0.6285949736984427	0.7270678890419171	0.8247343439217191	0.9077677519300973	0.9602729383737465	0.2451935537019485	0.21686118341666138	0.19449573304009654	0.17013708454068835	0.13910290669869657	0.10155172540902294	0.062100798244659444	0.028778078913221268	0.009106549999165547
119.0	-15.0	-5.0	0.14791520314786374	0.2755754707607872	0.41101076955297816	0.5276938933576595	0.6285949736984432	0.7270678890419174	0.8247343439217195	0.9077677519300978	0.9602729383737472	0.24519355370194856	0.21686118341666136	0.1944957330400965	0.17013708454068827	0.1391029066986965	0.10155172540902288	0.0621007982446594	0.02877807891322123	0.009106549999165516
120.0	-15.0	-5.0	0.14791520314786374	0.2755754707607872	0.4110107695529782	0.5276938933576597	0.6285949736984433	0.7270678890419178	0.82473434392172	0.9077677519300983	0.9602729383737476	0.2451935537019487	0.21686118341666152	0.19449573304009674	0.17013708454068857	0.1391029066986967	0.1015517254090231	0.06210079824465959	0.028778078913221417	0.009106549999165676
121.0	-15.0	-5.0	0.12755059339143657	0.21888264111285943	0.3078431346515721	0.3836372105504453	0.4570439995297775	0.5454253671401462	0.6596655614349275	0.7902840115055505	0.9020384486879072	0.3672101091122896	0.3675316616244908	0.36633042274527955	0.3525921607051162	0.3193151491160752	0.2639590554932675	0.18848361305016012	0.10568563023022934	0.040966855303332335
122.0	-15.0	-5.0	0.12755059339143662	0.21888264111285946	0.3078431346515722	0.3836372105504455	0.45704399952977776	0.5454253671401466	0.659665561434928	0.790284011505551	0.9020384486879078	0.36721010911228963	0.367531661624491	0.3663304227452797	0.3525921607051164	0.3193151491160754	0.2639590554932677	0.18848361305016034	0.10568563023022953	0.04096685530333251
123.0	-15.0	-5.0	0.1275505933914365	0.2188826411128594	0.3078431346515721	0.38363721055044525	0.4570439995297775	0.5454253671401462	0.6596655614349275	0.7902840115055505	0.9020384486879072	0.3672101091122896	0.36753166162449086	0.36633042274527955	0.35259216070511623	0.31931514911607517	0.2639590554932676	0.1884836130501601	0.10568563023022937	0.04096685530333237
124.0	-15.0	-5.0	0.12755059339143662	0.21888264111285946	0.3078431346515722	0.3836372105504454	0.45704399952977764	0.5454253671401463	0.6596655614349278	0.7902840115055508	0.9020384486879075	0.3672101091122896	0.36753166162449086	0.3663304227452796	0.35259216070511623	0.3193151491160753	0.2639590554932676	0.1884836130501602	0.10568563023022945	0.04096685530333242
125.0	-15.0	-5.0	0.13068446901170228	0.22045726785782346	0.3027538118391145	0.3660230026740387	0.41774513823348386	0.4695293317493529	0.5261288469322267	0.5836757077096086	0.6355455799327409	0.403664140323425	0.4012289235064442	0.39750790578501954	0.38495946637154754	0.3612484074862613	0.32896520761277254	0.2911066189935132	0.2517748307007492	0.21587872357297944
126.0	-15.0	-5.0	0.11702874467072391	0.18426714169280545	0.24005362540199174	0.28139272411593	0.31704656132015013	0.3541379892423326	0.3942546685010699	0.4334394721240874	0.46866391438909694	0.4720425306630096	0.4808919295401832	0.47876413586455674	0.4675432868634153	0.4498260350953073	0.42667916916918625	0.39922742382756465	0.3706290242963308	0.34379004850775813
127.0	-15.0	-5.0	0.13068446901170233	0.22045726785782357	0.3027538118391146	0.36602300267403887	0.417745138233484	0.4695293317493531	0.5261288469322268	0.5836757077096087	0.6355455799327411	0.40366414032342507	0.4012289235064444	0.39750790578501954	0.3849594663715475	0.36124840748626136	0.3289652076127726	0.29110661899351314	0.2517748307007492	0.21587872357297933
128.0	-15.0	-5.0	0.11702874467072392	0.18426714169280548	0.24005362540199177	0.2813927241159301	0.31704656132015013	0.35413798924233264	0.3942546685010699	0.43343947212408723	0.46866391438909677	0.47204253066300933	0.4808919295401832	0.4787641358645567	0.46754328686341506	0.44982603509530705	0.426679169169186	0.3992274238275645	0.37062902429633066	0.34379004850775785
129.0	-15.0	-5.0	0.11702874467072395	0.18426714169280548	0.24005362540199182	0.28139272411593014	0.3170465613201502	0.35413798924233264	0.39425466850106994	0.43343947212408745	0.46866391438909705	0.4720425306630092	0.4808919295401833	0.4787641358645567	0.4675432868634153	0.44982603509530733	0.4266791691691862	0.3992274238275647	0.3706290242963308	0.34379004850775813
130.0	-15.0	-5.0	0.11702874467072397	0.18426714169280553	0.24005362540199182	0.28139272411593014	0.3170465613201502	0.35413798924233264	0.39425466850106994	0.4334394721240874	0.46866391438909705	0.47204253066300944	0.4808919295401832	0.4787641358645568	0.4675432868634152	0.44982603509530716	0.4266791691691862	0.3992274238275646	0.3706290242963307	0.3437900485077579
131.0	-15.0	-5.0	0.12873725595362218	0.21946362581590836	0.30683357825482566	0.38142745758145746	0.4544669311080144	0.5430912547629493	0.6579613027241867	0.7890575789034586	0.9016145523566487	0.397842615540999	0.39553158213424267	0.3918050721339108	0.3758001448178351	0.3400852189044328	0.2815354696141371	0.2015696530252722	0.11362002103924812	0.04416799331205911
132.0	-15.0	-5.0	0.1306844690117023	0.22045726785782355	0.3027538118391146	0.36602300267403887	0.4177451382334839	0.469529331749353	0.5261288469322268	0.5836757077096086	0.635545579932741	0.4036641403234252	0.40122892350644435	0.3975079057850197	0.38495946637154765	0.3612484074862615	0.32896520761277276	0.2911066189935134	0.2517748307007494	0.21587872357297955
133.0	-15.0	-5.0	0.11702874467072392	0.18426714169280548	0.24005362540199177	0.2813927241159301	0.31704656132015013	0.35413798924233264	0.3942546685010699	0.4334394721240873	0.4686639143890969	0.4720425306630095	0.480891929540183	0.47876413586455663	0.4675432868634149	0.44982603509530694	0.426679169169186	0.39922742382756443	0.3706290242963306	0.34379004850775785
134.0	-15.0	-5.0	0.13068446901170233	0.22045726785782355	0.30275381183911454	0.36602300267403876	0.4177451382334839	0.469529331749353	0.5261288469322268	0.5836757077096086	0.635545579932741	0.4036641403234252	0.4012289235064443	0.39750790578501966	0.38495946637154754	0.3612484074862613	0.3289652076127726	0.2911066189935132	0.2517748307007492	0.21587872357297935
135.0	-15.0	-5.0	0.12873725595362223	0.21946362581590848	0.3068335782548258	0.3814274575814577	0.4544669311080146	0.5430912547629495	0.6579613027241871	0.789057578903459	0.9016145523566491	0.3978426155409993	0.3955315821342427	0.3918050721339109	0.3758001448178352	0.3400852189044329	0.2815354696141373	0.2015696530252723	0.11362002103924816	0.04416799331205912
136.0	-15.0	-5.0	0.11702874467072395	0.18426714169280548	0.24005362540199177	0.2813927241159301	0.31704656132015013	0.35413798924233264	0.3942546685010699	0.4334394721240874	0.46866391438909694	0.47204253066300955	0.48089192954018334	0.4787641358645568	0.4675432868634152	0.44982603509530705	0.4266791691691861	0.3992274238275646	0.3706290242963307	0.3437900485077579
137.0	-15.0	-5.0	0.12873725595362226	0.21946362581590848	0.30683357825482577	0.38142745758145763	0.4544669311080145	0.5430912547629495	0.6579613027241871	0.789057578903459	0.9016145523566489	0.39784261554099903	0.39553158213424255	0.3918050721339108	0.3758001448178351	0.34008521890443266	0.2815354696141371	0.20156965302527213	0.11362002103924806	0.04416799331205899
138.0	-15.0	-5.0	0.13068446901170236	0.22045726785782357	0.30275381183911465	0.3660230026740389	0.417745138233484	0.4695293317493531	0.5261288469322268	0.5836757077096087	0.635545579932741	0.40366414032342507	0.40122892350644435	0.39750790578501943	0.38495946637154754	0.36124840748626125	0.32896520761277254	0.2911066189935132	0.25177483070074913	0.21587872357297933
139.0	-15.0	-5.0	0.11702874467072392	0.18426714169280548	0.24005362540199177	0.2813927241159301	0.31704656132015013	0.35413798924233264	0.3942546685010699	0.4334394721240873	0.46866391438909694	0.4720425306630096	0.4808919295401833	0.47876413586455674	0.46754328686341523	0.44982603509530705	0.42667916916918625	0.3992274238275647	0.3706290242963308	0.34379004850775796
140.0	-15.0	-5.0	0.13068446901170233	0.22045726785782357	0.3027538118391146	0.36602300267403887	0.417745138233484	0.4695293317493531	0.5261288469322268	0.5836757077096087	0.635545579932741	0.4036641403234252	0.4012289235064442	0.39750790578501954	0.3849594663715475	0.36124840748626125	0.3289652076127725	0.2911066189935131	0.2517748307007491	0.21587872357297921
141.0	-15.0	-5.0	0.13068446901170233	0.22045726785782355	0.3027538118391146	0.36602300267403887	0.4177451382334839	0.469529331749353	0.5261288469322268	0.5836757077096086	0.6355455799327409	0.4036641403234251	0.40122892350644423	0.3975079057850195	0.38495946637154754	0.36124840748626125	0.32896520761277254	0.2911066189935131	0.25177483070074913	0.21587872357297933
142.0	-15.0	-5.0	0.12873725595362226	0.21946362581590853	0.3068335782548258	0.38142745758145763	0.4544669311080145	0.5430912547629495	0.6579613027241871	0.789057578903459	0.9016145523566489	0.39784261554099926	0.3955315821342428	0.3918050721339111	0.37580014481783525	0.3400852189044329	0.2815354696141372	0.20156965302527233	0.11362002103924819	0.04416799331205914
143.0	-15.0	-5.0	0.11702874467072395	0.18426714169280548	0.24005362540199177	0.2813927241159301	0.31704656132015013	0.35413798924233264	0.3942546685010699	0.4334394721240873	0.46866391438909677	0.47204253066300955	0.48089192954018317	0.4787641358645567	0.4675432868634151	0.44982603509530716	0.426679169169186	0.3992274238275646	0.3706290242963306	0.3437900485077579
144.0	-15.0	-5.0	0.13068446901170225	0.22045726785782344	0.3027538118391145	0.3660230026740387	0.4177451382334838	0.46952933174935285	0.5261288469322266	0.5836757077096084	0.6355455799327407	0.403664140323425	0.4012289235064442	0.3975079057850196	0.38495946637154754	0.3612484074862614	0.32896520761277265	0.2911066189935133	0.2517748307007493	0.21587872357297952
145.0	-15.0	-5.0	0.1486717766610756	0.27589200159538546	0.41006367276604033	0.5256934021457517	0.6262359526121108	0.7252160109036658	0.8237054728599886	0.9070596244632465	0.9600975245223722	0.27375979127287586	0.2390479338445856	0.21248836010796332	0.1851121136051123	0.151313626664154	0.11064893155490316	0.0676585503384815	0.03142093532557726	0.009938579648960989
146.0	-15.0	-5.0	0.14867177666107556	0.27589200159538535	0.4100636727660402	0.5256934021457514	0.6262359526121106	0.7252160109036655	0.8237054728599884	0.9070596244632461	0.9600975245223717	0.2737597912728758	0.2390479338445855	0.21248836010796324	0.1851121136051122	0.15131362666415393	0.11064893155490307	0.06765855033848144	0.03142093532557719	0.009938579648960926
147.0	-15.0	-5.0	0.14867177666107553	0.27589200159538535	0.4100636727660402	0.5256934021457514	0.6262359526121106	0.7252160109036655	0.8237054728599884	0.9070596244632461	0.9600975245223716	0.2737597912728758	0.2390479338445855	0.21248836010796318	0.18511211360511215	0.15131362666415388	0.11064893155490307	0.06765855033848145	0.03142093532557723	0.009938579648960971
148.0	-15.0	-5.0	0.14867177666107553	0.27589200159538535	0.4100636727660402	0.5256934021457516	0.6262359526121107	0.7252160109036655	0.8237054728599884	0.9070596244632458	0.9600975245223716	0.2737597912728758	0.23904793384458545	0.2124883601079631	0.1851121136051121	0.1513136266641538	0.11064893155490298	0.06765855033848135	0.03142093532557712	0.009938579648960865
149.0	-15.0	-5.0	0.14867177666107553	0.27589200159538546	0.4100636727660402	0.5256934021457516	0.6262359526121107	0.7252160109036655	0.8237054728599884	0.9070596244632461	0.9600975245223717	0.27375979127287575	0.23904793384458556	0.2124883601079632	0.18511211360511218	0.1513136266641539	0.11064893155490306	0.06765855033848144	0.031420935325577215	0.009938579648960943
150.0	-15.0	-5.0	0.14867177666107553	0.27589200159538535	0.4100636727660402	0.5256934021457516	0.6262359526121107	0.7252160109036655	0.8237054728599884	0.9070596244632458	0.9600975245223716	0.27375979127287586	0.2390479338445855	0.21248836010796324	0.1851121136051122	0.15131362666415393	0.11064893155490312	0.06765855033848145	0.0314209353255772	0.00993857964896093
151.0	-15.0	-5.0	0.1486717766610755	0.27589200159538535	0.4100636727660402	0.5256934021457514	0.6262359526121106	0.7252160109036654	0.8237054728599882	0.9070596244632455	0.9600975245223714	0.27375979127287564	0.23904793384458545	0.21248836010796304	0.18511211360511198	0.15131362666415374	0.11064893155490292	0.06765855033848131	0.031420935325577104	0.00993857964896086
152.0	-15.0	-5.0	0.14867177666107553	0.2758920015953854	0.41006367276604033	0.5256934021457517	0.6262359526121107	0.7252160109036657	0.8237054728599885	0.9070596244632461	0.9600975245223717	0.2737597912728758	0.23904793384458553	0.21248836010796324	0.18511211360511215	0.15131362666415393	0.11064893155490306	0.06765855033848144	0.031420935325577194	0.00993857964896093
153.0	-15.0	-5.0	0.14858984727550806	0.2756885613601927	0.4097754793660806	0.5254184688989681	0.6260182506087881	0.724993941081216	0.8235891143645455	0.9070674381309863	0.9600791897382689	0.26153402825430866	0.23232191884234576	0.20927000403831886	0.18364571423863496	0.15067382644861366	0.11042484203618456	0.06762734867213045	0.0313962531617089	0.009938301020271247
154.0	-15.0	-5.0	0.14858984727550803	0.2756885613601926	0.40977547936608044	0.5254184688989678	0.6260182506087878	0.7249939410812156	0.8235891143645453	0.907067438130986	0.9600791897382687	0.2615340282543086	0.23232191884234565	0.20927000403831877	0.1836457142386349	0.1506738264486136	0.11042484203618451	0.06762734867213038	0.03139625316170884	0.009938301020271182
155.0	-15.0	-5.0	0.14858984727550803	0.27568856136019265	0.4097754793660805	0.5254184688989679	0.626018250608788	0.724993941081216	0.8235891143645455	0.9070674381309863	0.9600791897382689	0.2615340282543086	0.23232191884234568	0.20927000403831883	0.18364571423863496	0.15067382644861368	0.11042484203618456	0.06762734867213044	0.03139625316170888	0.009938301020271215
156.0	-15.0	-5.0	0.1485898472755081	0.2756885613601928	0.40977547936608066	0.5254184688989681	0.6260182506087882	0.7249939410812161	0.8235891143645457	0.9070674381309866	0.9600791897382691	0.26153402825430866	0.2323219188423457	0.2092700040383188	0.1836457142386349	0.15067382644861363	0.1104248420361845	0.06762734867213037	0.03139625316170881	0.009938301020271153
157.0	-15.0	-5.0	0.1485898472755081	0.2756885613601928	0.4097754793660807	0.5254184688989683	0.6260182506087882	0.7249939410812161	0.8235891143645457	0.9070674381309866	0.9600791897382691	0.2615340282543087	0.23232191884234574	0.20927000403831886	0.18364571423863493	0.15067382644861363	0.11042484203618452	0.06762734867213037	0.031396253161708826	0.00993830102027116
158.0	-15.0	-5.0	0.148589847275508	0.2756885613601926	0.40977547936608044	0.5254184688989678	0.6260182506087878	0.7249939410812156	0.8235891143645453	0.907067438130986	0.9600791897382687	0.26153402825430855	0.2323219188423457	0.20927000403831886	0.18364571423863496	0.15067382644861368	0.11042484203618459	0.06762734867213047	0.03139625316170893	0.009938301020271264
159.0	-15.0	-5.0	0.14858984727550797	0.2756885613601926	0.40977547936608033	0.5254184688989678	0.6260182506087878	0.7249939410812157	0.8235891143645454	0.9070674381309862	0.9600791897382688	0.26153402825430866	0.23232191884234574	0.2092700040383189	0.18364571423863504	0.1506738264486138	0.11042484203618468	0.06762734867213056	0.03139625316170901	0.00993830102027136
160.0	-15.0	-5.0	0.1485898472755081	0.27568856136019276	0.40977547936608066	0.5254184688989683	0.6260182506087882	0.7249939410812163	0.8235891143645457	0.9070674381309866	0.9600791897382691	0.26153402825430866	0.23232191884234582	0.20927000403831886	0.183645714238635	0.15067382644861368	0.11042484203618455	0.06762734867213044	0.03139625316170888	0.009938301020271224
161.0	-15.0	-5.0	0.14797964843394704	0.27567116114405277	0.41106517705176365	0.527670689998711	0.6284944417956914	0.72712127949723	0.8249584624533515	0.907669927261112	0.960259079234073	0.25859477132882003	0.22880545749827602	0.205856829430526	0.18079814776504793	0.14847691246717717	0.10887321171315867	0.06672008719037976	0.031032817002677536	0.009843273210900672
162.0	-15.0	-5.0	0.148040632244355	0.27589074026871013	0.41143375100275303	0.5280697723607232	0.6288338694676879	0.7273427182573495	0.8250856881789393	0.9077388841854857	0.9602741869743728	0.26461947532805796	0.23253056937404595	0.2078426819932781	0.18179169274191995	0.14892384465020367	0.1090252063332404	0.06674909496566739	0.031023557403275833	0.009840643138266172
163.0	-15.0	-5.0	0.14804063224435499	0.27589074026871013	0.41143375100275303	0.528069772360723	0.6288338694676879	0.7273427182573493	0.8250856881789392	0.9077388841854854	0.9602741869743727	0.2646194753280579	0.23253056937404576	0.20784268199327796	0.18179169274191984	0.14892384465020353	0.10902520633324028	0.0667490949656673	0.031023557403275767	0.009840643138266117
164.0	-15.0	-5.0	0.1479796484339471	0.27567116114405277	0.41106517705176354	0.527670689998711	0.6284944417956914	0.72712127949723	0.8249584624533515	0.907669927261112	0.960259079234073	0.25859477132882	0.22880545749827585	0.20585682943052577	0.1807981477650477	0.14847691246717695	0.10887321171315846	0.06672008719037958	0.031032817002677397	0.009843273210900547
165.0	-15.0	-5.0	0.14797964843394706	0.27567116114405277	0.41106517705176354	0.527670689998711	0.6284944417956914	0.72712127949723	0.8249584624533515	0.907669927261112	0.960259079234073	0.25859477132882003	0.22880545749827583	0.20585682943052586	0.1807981477650478	0.148476912467177	0.1088732117131585	0.06672008719037963	0.031032817002677397	0.009843273210900536
166.0	-15.0	-5.0	0.14797964843394706	0.27567116114405277	0.41106517705176354	0.527670689998711	0.6284944417956914	0.72712127949723	0.8249584624533515	0.907669927261112	0.960259079234073	0.2585947713288199	0.22880545749827585	0.20585682943052583	0.1807981477650478	0.14847691246717704	0.1088732117131585	0.06672008719037961	0.03103281700267741	0.009843273210900547
167.0	-15.0	-5.0	0.14804063224435504	0.2758907402687102	0.4114337510027531	0.5280697723607233	0.6288338694676879	0.7273427182573495	0.8250856881789393	0.9077388841854855	0.9602741869743728	0.26461947532805796	0.23253056937404584	0.20784268199327802	0.18179169274191986	0.1489238446502036	0.10902520633324031	0.0667490949656673	0.03102355740327573	0.009840643138266065
168.0	-15.0	-5.0	0.1480406322443551	0.27589074026871024	0.4114337510027532	0.5280697723607233	0.628833869467688	0.7273427182573496	0.8250856881789397	0.9077388841854857	0.9602741869743731	0.2646194753280581	0.232530569374046	0.20784268199327818	0.18179169274192003	0.14892384465020375	0.10902520633324048	0.06674909496566744	0.031023557403275885	0.009840643138266214
169.0	-15.0	-5.0	0.14804063224435504	0.27589074026871024	0.4114337510027532	0.5280697723607233	0.6288338694676882	0.7273427182573496	0.8250856881789397	0.9077388841854857	0.9602741869743731	0.264619475328058	0.23253056937404595	0.20784268199327813	0.18179169274191997	0.14892384465020372	0.10902520633324045	0.06674909496566744	0.03102355740327587	0.009840643138266216
170.0	-15.0	-5.0	0.14797964843394712	0.2756711611440528	0.41106517705176365	0.527670689998711	0.6284944417956915	0.7271212794972303	0.8249584624533516	0.9076699272611122	0.9602590792340732	0.2585947713288201	0.22880545749827597	0.2058568294305259	0.18079814776504788	0.1484769124671771	0.10887321171315856	0.06672008719037967	0.03103281700267747	0.00984327321090061
171.0	-15.0	-5.0	0.1479796484339471	0.2756711611440528	0.41106517705176365	0.527670689998711	0.6284944417956914	0.72712127949723	0.8249584624533515	0.907669927261112	0.960259079234073	0.25859477132882014	0.22880545749827613	0.2058568294305261	0.18079814776504807	0.1484769124671773	0.1088732117131588	0.06672008719037988	0.031032817002677647	0.009843273210900769
172.0	-15.0	-5.0	0.1480406322443551	0.2758907402687103	0.4114337510027534	0.5280697723607237	0.6288338694676886	0.7273427182573503	0.8250856881789403	0.9077388841854864	0.9602741869743736	0.2646194753280581	0.23253056937404604	0.2078426819932782	0.18179169274192009	0.1489238446502038	0.10902520633324049	0.06674909496566744	0.031023557403275864	0.009840643138266176
173.0	-15.0	-5.0	0.148040632244355	0.2758907402687102	0.4114337510027531	0.5280697723607233	0.628833869467688	0.7273427182573495	0.8250856881789393	0.9077388841854855	0.9602741869743728	0.2646194753280579	0.23253056937404581	0.20784268199327802	0.1817916927419199	0.1489238446502036	0.10902520633324031	0.0667490949656673	0.031023557403275746	0.009840643138266091
174.0	-15.0	-5.0	0.14797964843394706	0.27567116114405277	0.41106517705176365	0.527670689998711	0.6284944417956916	0.7271212794972304	0.8249584624533518	0.9076699272611125	0.9602590792340735	0.25859477132882003	0.22880545749827608	0.20585682943052613	0.18079814776504807	0.14847691246717726	0.10887321171315875	0.06672008719037983	0.031032817002677595	0.009843273210900725
175.0	-15.0	-5.0	0.148040632244355	0.27589074026871013	0.41143375100275303	0.5280697723607232	0.6288338694676879	0.7273427182573495	0.8250856881789396	0.9077388841854857	0.9602741869743728	0.26461947532805796	0.23253056937404593	0.20784268199327816	0.18179169274192	0.14892384465020372	0.10902520633324045	0.06674909496566743	0.031023557403275885	0.009840643138266224
176.0	-15.0	-5.0	0.14797964843394712	0.27567116114405277	0.41106517705176365	0.527670689998711	0.6284944417956915	0.7271212794972303	0.8249584624533516	0.9076699272611122	0.9602590792340732	0.25859477132882003	0.22880545749827585	0.20585682943052586	0.1807981477650478	0.148476912467177	0.1088732117131585	0.06672008719037961	0.03103281700267739	0.009843273210900531
177.0	-15.0	-5.0	0.17413624464715058	0.3543641902862457	0.558803477639742	0.7288613979342556	0.8443506797268919	0.913622484583168	0.9525095590408091	0.9738049115463552	0.9853799655958122	0.11768795649321312	0.05945094443869081	0.026124064527497205	0.01020954345402566	0.003172556887879186	0.0007265446390517925	0.00018368032806379006	5.061654359965859e-5	1.728709525111058e-5
178.0	-15.0	-5.0	0.17413852816026792	0.35436687702355013	0.5588044480538712	0.7288605188708046	0.844351291052275	0.913623779927195	0.9525081907663941	0.9738056334551789	0.9853795798091036	0.11755015212185606	0.059377698707389834	0.02610451932146084	0.01020686598392212	0.003172422936806176	0.0007263791858512494	0.00018362922170331485	5.061805053366766e-5	1.728913352904227e-5
179.0	-15.0	-5.0	0.17413852816026784	0.3543668770235501	0.5588044480538711	0.7288605188708046	0.8443512910522749	0.9136237799271948	0.952508190766394	0.9738056334551787	0.9853795798091034	0.11755015212185606	0.05937769870738984	0.026104519321460826	0.010206865983922115	0.0031724229368061746	0.0007263791858512492	0.00018362922170331463	5.0618050533667524e-5	1.7289133529042248e-5
180.0	-15.0	-5.0	0.17413852816026787	0.35436687702355013	0.5588044480538712	0.7288605188708049	0.8443512910522752	0.9136237799271951	0.9525081907663944	0.9738056334551791	0.9853795798091037	0.11755015212185607	0.05937769870738989	0.026104519321460865	0.010206865983922134	0.003172422936806184	0.0007263791858512544	0.0001836292217033171	5.0618050533668865e-5	1.7289133529042905e-5
181.0	-15.0	-5.0	0.17413624464715055	0.3543641902862455	0.5588034776397417	0.7288613979342552	0.8443506797268915	0.9136224845831674	0.9525095590408086	0.9738049115463543	0.9853799655958114	0.117687956493213	0.05945094443869074	0.026124064527497135	0.010209543454025624	0.003172556887879165	0.0007265446390517813	0.00018368032806378458	5.0616543599655664e-5	1.728709525110898e-5
182.0	-15.0	-5.0	0.17413852816026787	0.35436687702355013	0.5588044480538711	0.7288605188708046	0.8443512910522749	0.9136237799271948	0.952508190766394	0.9738056334551787	0.9853795798091034	0.11755015212185604	0.05937769870738985	0.02610451932146083	0.010206865983922113	0.0031724229368061715	0.0007263791858512472	0.00018362922170331306	5.061805053366652e-5	1.728913352904164e-5
183.0	-15.0	-5.0	0.17413852816026792	0.35436687702355024	0.5588044480538713	0.7288605188708049	0.8443512910522752	0.9136237799271951	0.9525081907663944	0.973805633455179	0.9853795798091037	0.11755015212185613	0.059377698707389875	0.02610451932146086	0.010206865983922125	0.0031724229368061832	0.000726379185851255	0.0001836292217033178	5.06180505336693e-5	1.7289133529043217e-5
184.0	-15.0	-5.0	0.17413624464715058	0.35436419028624566	0.5588034776397419	0.7288613979342555	0.8443506797268918	0.9136224845831677	0.952509559040809	0.9738049115463551	0.9853799655958121	0.11768795649321309	0.0594509444386908	0.026124064527497194	0.010209543454025657	0.0031725568878791825	0.0007265446390517907	0.00018368032806378976	5.061654359965842e-5	1.728709525111055e-5
185.0	-15.0	-5.0	0.1741385281602678	0.35436687702355	0.5588044480538711	0.7288605188708044	0.8443512910522749	0.9136237799271948	0.952508190766394	0.9738056334551787	0.9853795798091034	0.117550152121856	0.05937769870738982	0.026104519321460806	0.0102068659839221	0.0031724229368061655	0.0007263791858512426	0.00018362922170331086	5.0618050533665396e-5	1.728913352904099e-5
186.0	-15.0	-5.0	0.17413852816026784	0.3543668770235501	0.5588044480538711	0.7288605188708044	0.8443512910522746	0.9136237799271947	0.9525081907663938	0.9738056334551786	0.9853795798091033	0.11755015212185599	0.05937769870738984	0.026104519321460833	0.010206865983922108	0.003172422936806175	0.000726379185851251	0.000183629221703316	5.0618050533668405e-5	1.728913352904276e-5
187.0	-15.0	-5.0	0.17413852816026787	0.3543668770235501	0.558804448053871	0.7288605188708044	0.8443512910522747	0.9136237799271947	0.9525081907663938	0.9738056334551786	0.9853795798091033	0.11755015212185602	0.05937769870738979	0.026104519321460795	0.010206865983922092	0.003172422936806163	0.0007263791858512436	0.00018362922170331173	5.0618050533665965e-5	1.7289133529041404e-5
188.0	-15.0	-5.0	0.17413624464715063	0.35436419028624566	0.5588034776397419	0.7288613979342555	0.8443506797268919	0.913622484583168	0.9525095590408091	0.9738049115463552	0.9853799655958122	0.11768795649321306	0.05945094443869079	0.026124064527497194	0.010209543454025655	0.00317255688787918	0.0007265446390517875	0.00018368032806378738	5.061654359965707e-5	1.728709525110974e-5
189.0	-15.0	-5.0	0.1741202055454402	0.35436417937257514	0.5588618745484109	0.7288925599937334	0.8444420309217769	0.9137447743558383	0.9524538627740515	0.9738555711055236	0.9853571593219681	0.10917452329753731	0.05552631241442737	0.024682671823957777	0.009773170990857569	0.0030467969468461853	0.0006793708323519259	0.0001683848259705163	4.779124200065954e-5	1.614596260250535e-5
190.0	-15.0	-5.0	0.17412020554544022	0.35436417937257514	0.5588618745484107	0.728892559993733	0.8444420309217763	0.9137447743558379	0.9524538627740509	0.9738555711055231	0.9853571593219677	0.10917452329753725	0.055526312414427334	0.024682671823957725	0.009773170990857545	0.003046796946846173	0.0006793708323519201	0.0001683848259705138	4.779124200065828e-5	1.6145962602504717e-5
191.0	-15.0	-5.0	0.17415316226074481	0.35437362722433297	0.5587347375639256	0.7287750696913471	0.844207572132044	0.9135225714557678	0.9526261789844767	0.9737560495040284	0.9853615725834152	0.1256297853273948	0.06308638076526227	0.027496328181678537	0.010644355548171313	0.0033080677144133254	0.0007762335207737453	0.00019883585934542228	5.4517853764054266e-5	1.9183219220990254e-5
192.0	-15.0	-5.0	0.17415316226074495	0.35437362722433324	0.558734737563926	0.7287750696913475	0.8442075721320444	0.9135225714557682	0.9526261789844771	0.9737560495040289	0.9853615725834156	0.12562978532739486	0.06308638076526232	0.02749632818167857	0.010644355548171322	0.0033080677144133337	0.0007762335207737492	0.00019883585934542437	5.451785376405543e-5	1.9183219220990894e-5
1.0	-15.0	-5.5	0.11221418477118651	0.1944599779867877	0.2762682245724996	0.3390301256787444	0.38612778240571927	0.4337805273129644	0.49653212980296885	0.5842571201463633	0.700490815657368	0.35352086442502556	0.33776228647994255	0.3326564304056656	0.3260817831269254	0.31027348644818176	0.2842302082492061	0.24690551790040527	0.19642840483774826	0.1344901167128565
2.0	-15.0	-5.5	0.11195927389010332	0.19479979082601098	0.27754677618736634	0.3405260736393527	0.38741659130749456	0.43488576811674046	0.4974593786383169	0.5850327236847049	0.7011232578303341	0.37111679055053864	0.3496378187712481	0.340044771060463	0.33127943135574067	0.3147618972889419	0.2885581249044601	0.25095223530540456	0.19984327593908208	0.13691353854610414
3.0	-15.0	-5.5	0.11195927389010334	0.194799790826011	0.27754677618736634	0.3405260736393527	0.38741659130749456	0.43488576811674035	0.4974593786383168	0.5850327236847049	0.701123257830334	0.37111679055053864	0.34963781877124817	0.34004477106046294	0.33127943135574056	0.31476189728894177	0.28855812490446	0.25095223530540445	0.19984327593908194	0.13691353854610405
4.0	-15.0	-5.5	0.11195927389010331	0.19479979082601093	0.27754677618736623	0.34052607363935267	0.38741659130749456	0.43488576811674035	0.4974593786383168	0.5850327236847049	0.701123257830334	0.37111679055053864	0.3496378187712481	0.34004477106046305	0.3312794313557408	0.31476189728894194	0.28855812490446014	0.25095223530540467	0.1998432759390821	0.13691353854610422
5.0	-15.0	-5.5	0.11221418477118646	0.19445997798678763	0.27626822457249955	0.3390301256787443	0.38612778240571916	0.43378052731296424	0.4965321298029687	0.5842571201463631	0.7004908156573679	0.3535208644250256	0.33776228647994244	0.33265643040566556	0.3260817831269253	0.31027348644818176	0.284230208249206	0.24690551790040516	0.19642840483774815	0.13449011671285638
6.0	-15.0	-5.5	0.11195927389010334	0.19479979082601098	0.27754677618736623	0.34052607363935267	0.38741659130749445	0.4348857681167403	0.49745937863831674	0.5850327236847048	0.7011232578303339	0.37111679055053853	0.3496378187712481	0.3400447710604629	0.3312794313557405	0.31476189728894177	0.28855812490446	0.25095223530540445	0.199843275939082	0.13691353854610408
7.0	-15.0	-5.5	0.11195927389010332	0.19479979082601098	0.27754677618736634	0.34052607363935267	0.38741659130749456	0.4348857681167405	0.49745937863831696	0.585032723684705	0.7011232578303341	0.37111679055053853	0.3496378187712483	0.34004477106046316	0.3312794313557408	0.31476189728894205	0.2885581249044602	0.25095223530540467	0.1998432759390822	0.13691353854610427
8.0	-15.0	-5.5	0.1122141847711865	0.19445997798678769	0.27626822457249967	0.3390301256787444	0.38612778240571927	0.4337805273129644	0.49653212980296885	0.5842571201463632	0.700490815657368	0.35352086442502567	0.3377622864799425	0.33265643040566556	0.32608178312692543	0.31027348644818176	0.28423020824920614	0.24690551790040524	0.1964284048377483	0.13449011671285652
9.0	-15.0	-5.5	0.11195927389010334	0.19479979082601098	0.2775467761873663	0.34052607363935267	0.38741659130749456	0.4348857681167405	0.49745937863831696	0.585032723684705	0.7011232578303341	0.37111679055053853	0.34963781877124817	0.340044771060463	0.3312794313557407	0.31476189728894194	0.2885581249044601	0.25095223530540467	0.19984327593908213	0.13691353854610422
10.0	-15.0	-5.5	0.11195927389010336	0.19479979082601104	0.2775467761873664	0.3405260736393528	0.3874165913074946	0.4348857681167405	0.49745937863831696	0.585032723684705	0.701123257830334	0.37111679055053837	0.34963781877124805	0.3400447710604628	0.3312794313557405	0.31476189728894177	0.2885581249044599	0.25095223530540445	0.19984327593908188	0.136913538546104
11.0	-15.0	-5.5	0.11195927389010338	0.194799790826011	0.27754677618736634	0.3405260736393527	0.38741659130749445	0.43488576811674035	0.49745937863831674	0.5850327236847049	0.7011232578303339	0.3711167905505386	0.3496378187712481	0.34004477106046294	0.3312794313557406	0.3147618972889419	0.28855812490446	0.25095223530540445	0.1998432759390819	0.13691353854610402
12.0	-15.0	-5.5	0.11221418477118647	0.19445997798678769	0.2762682245724996	0.33903012567874435	0.3861277824057192	0.4337805273129643	0.49653212980296874	0.5842571201463632	0.700490815657368	0.3535208644250256	0.3377622864799424	0.3326564304056655	0.3260817831269252	0.3102734864481816	0.284230208249206	0.24690551790040513	0.1964284048377481	0.13449011671285638
13.0	-15.0	-5.5	0.10257319181563386	0.1685181385165553	0.23081166507819031	0.27861050522986264	0.3180474783862885	0.36124223968045144	0.41647485024371866	0.48760094948488325	0.5779796086469363	0.39462994995784073	0.38230538384727936	0.37628411761429875	0.3688685092250038	0.3553314627064986	0.33428806011165363	0.30436782805336715	0.2637222831888939	0.21213089093554652
14.0	-15.0	-5.5	0.10257319181563385	0.1685181385165553	0.23081166507819031	0.27861050522986264	0.3180474783862885	0.3612422396804514	0.4164748502437186	0.4876009494848832	0.5779796086469363	0.39462994995784073	0.38230538384727936	0.37628411761429875	0.36886850922500375	0.35533146270649857	0.3342880601116535	0.304367828053367	0.2637222831888939	0.21213089093554638
15.0	-15.0	-5.5	0.11432947087395737	0.19867778922808998	0.28095899172430405	0.34196800223141716	0.3836570200292512	0.41872655702673217	0.4575252338047263	0.5047796324012667	0.5594076020900381	0.4122115131221673	0.4015268596583481	0.39948597855550394	0.3954898036386787	0.38375463863232145	0.36477468736400054	0.3388277877595984	0.30535413401031136	0.2660769823211691
16.0	-15.0	-5.5	0.11326083349744406	0.2002412510392829	0.29194791406505094	0.36968868652264664	0.4349061515212409	0.5012924039431972	0.5797564916002209	0.6747112079465258	0.7822969215112687	0.38186847295302334	0.3609284003007265	0.3536761878960892	0.34762331590520695	0.3318530201894548	0.30205011168300794	0.25690539213962166	0.19705995600877116	0.12732963600400898
17.0	-15.0	-5.5	0.1123269729018732	0.19549851864606044	0.279255251430375	0.34615365171747514	0.39909127881522116	0.4515145067240944	0.5183276860986824	0.612981911584271	0.7357178179665621	0.4248689322243204	0.41248264552436636	0.4098292770505082	0.40686493327866835	0.3941916540489703	0.36657641248863765	0.3195607655973639	0.2499288974504381	0.16253129121685855
18.0	-15.0	-5.5	0.11432947087395731	0.19867778922808993	0.2809589917243039	0.341968002231417	0.383657020029251	0.418726557026732	0.45752523380472615	0.5047796324012666	0.559407602090038	0.41221151312216714	0.40152685965834806	0.39948597855550394	0.39548980363867864	0.3837546386323213	0.3647746873640004	0.33882778775959826	0.3053541340103112	0.2660769823211689
19.0	-15.0	-5.5	0.10257319181563386	0.1685181385165553	0.23081166507819037	0.2786105052298627	0.31804747838628855	0.36124223968045155	0.4164748502437188	0.4876009494848834	0.5779796086469366	0.39462994995784095	0.3823053838472795	0.37628411761429886	0.36886850922500386	0.35533146270649874	0.33428806011165374	0.3043678280533672	0.26372228318889407	0.21213089093554666
20.0	-15.0	-5.5	0.11432947087395731	0.19867778922808993	0.28095899172430394	0.34196800223141705	0.383657020029251	0.418726557026732	0.45752523380472615	0.5047796324012664	0.5594076020900379	0.4122115131221673	0.40152685965834817	0.39948597855550405	0.3954898036386787	0.3837546386323214	0.3647746873640004	0.3388277877595983	0.30535413401031125	0.26607698232116894
21.0	-15.0	-5.5	0.10257319181563385	0.1685181385165553	0.23081166507819037	0.2786105052298627	0.31804747838628855	0.3612422396804516	0.41647485024371883	0.4876009494848834	0.5779796086469366	0.3946299499578408	0.3823053838472794	0.3762841176142989	0.3688685092250039	0.35533146270649874	0.33428806011165374	0.3043678280533672	0.26372228318889407	0.21213089093554668
22.0	-15.0	-5.5	0.11232697290187328	0.1954985186460605	0.27925525143037516	0.3461536517174753	0.3990912788152213	0.4515145067240946	0.5183276860986827	0.6129819115842711	0.7357178179665624	0.4248689322243204	0.4124826455243664	0.4098292770505083	0.4068649332786685	0.3941916540489704	0.3665764124886377	0.3195607655973639	0.24992889745043828	0.16253129121685864
23.0	-15.0	-5.5	0.11326083349744408	0.20024125103928292	0.291947914065051	0.36968868652264664	0.4349061515212408	0.5012924039431971	0.5797564916002209	0.6747112079465257	0.7822969215112686	0.38186847295302306	0.36092840030072637	0.3536761878960891	0.34762331590520695	0.33185302018945473	0.30205011168300794	0.2569053921396217	0.19705995600877116	0.12732963600400904
24.0	-15.0	-5.5	0.10257319181563387	0.16851813851655537	0.2308116650781904	0.2786105052298627	0.31804747838628855	0.36124223968045155	0.4164748502437188	0.4876009494848833	0.5779796086469365	0.39462994995784073	0.38230538384727936	0.37628411761429875	0.3688685092250038	0.3553314627064985	0.3342880601116536	0.3043678280533671	0.2637222831888939	0.21213089093554652
25.0	-15.0	-5.5	0.1132608334974441	0.20024125103928292	0.291947914065051	0.3696886865226467	0.434906151521241	0.5012924039431973	0.5797564916002211	0.6747112079465261	0.7822969215112688	0.38186847295302323	0.36092840030072637	0.3536761878960891	0.3476233159052069	0.33185302018945484	0.30205011168300794	0.25690539213962166	0.1970599560087712	0.12732963600400904
26.0	-15.0	-5.5	0.11232697290187323	0.19549851864606044	0.279255251430375	0.3461536517174752	0.39909127881522116	0.45151450672409443	0.5183276860986824	0.612981911584271	0.7357178179665621	0.42486893222432054	0.4124826455243664	0.4098292770505083	0.40686493327866863	0.3941916540489705	0.36657641248863776	0.31956076559736407	0.24992889745043834	0.16253129121685875
27.0	-15.0	-5.5	0.11232697290187324	0.19549851864606047	0.27925525143037505	0.34615365171747525	0.3990912788152212	0.45151450672409454	0.5183276860986826	0.6129819115842713	0.7357178179665624	0.4248689322243205	0.4124826455243663	0.40982927705050815	0.40686493327866846	0.39419165404897044	0.3665764124886377	0.319560765597364	0.24992889745043825	0.16253129121685866
28.0	-15.0	-5.5	0.11326083349744405	0.2002412510392828	0.2919479140650509	0.3696886865226465	0.4349061515212408	0.501292403943197	0.5797564916002207	0.6747112079465256	0.7822969215112686	0.38186847295302306	0.3609284003007263	0.3536761878960891	0.3476233159052069	0.33185302018945473	0.3020501116830078	0.2569053921396216	0.19705995600877108	0.12732963600400893
29.0	-15.0	-5.5	0.11432947087395735	0.19867778922808996	0.280958991724304	0.34196800223141705	0.38365702002925106	0.4187265570267321	0.45752523380472626	0.5047796324012667	0.5594076020900381	0.4122115131221673	0.40152685965834806	0.39948597855550394	0.3954898036386786	0.3837546386323213	0.3647746873640003	0.3388277877595982	0.30535413401031114	0.26607698232116883
30.0	-15.0	-5.5	0.10257319181563392	0.1685181385165554	0.23081166507819048	0.27861050522986286	0.3180474783862888	0.36124223968045177	0.41647485024371905	0.4876009494848836	0.5779796086469368	0.394629949957841	0.38230538384727963	0.3762841176142991	0.368868509225004	0.35533146270649885	0.3342880601116538	0.3043678280533673	0.2637222831888942	0.21213089093554677
31.0	-15.0	-5.5	0.11326083349744412	0.200241251039283	0.291947914065051	0.3696886865226467	0.43490615152124096	0.5012924039431972	0.5797564916002209	0.6747112079465258	0.7822969215112687	0.3818684729530231	0.36092840030072637	0.3536761878960891	0.34762331590520684	0.33185302018945473	0.3020501116830079	0.25690539213962166	0.1970599560087712	0.12732963600400904
32.0	-15.0	-5.5	0.11432947087395735	0.19867778922808998	0.28095899172430405	0.3419680022314172	0.38365702002925123	0.4187265570267322	0.4575252338047264	0.5047796324012667	0.5594076020900381	0.4122115131221671	0.40152685965834795	0.39948597855550383	0.3954898036386785	0.3837546386323212	0.3647746873640003	0.3388277877595981	0.3053541340103112	0.26607698232116883
33.0	-15.0	-5.5	0.1123269729018732	0.19549851864606044	0.279255251430375	0.34615365171747514	0.39909127881522116	0.4515145067240944	0.5183276860986824	0.6129819115842708	0.735717817966562	0.4248689322243203	0.41248264552436625	0.40982927705050815	0.40686493327866846	0.39419165404897033	0.3665764124886376	0.31956076559736396	0.2499288974504382	0.1625312912168586
34.0	-15.0	-5.5	0.1123269729018732	0.19549851864606044	0.279255251430375	0.34615365171747514	0.39909127881522116	0.4515145067240944	0.5183276860986824	0.6129819115842708	0.735717817966562	0.4248689322243204	0.41248264552436636	0.40982927705050815	0.4068649332786684	0.3941916540489703	0.36657641248863754	0.3195607655973638	0.24992889745043811	0.1625312912168585
35.0	-15.0	-5.5	0.11326083349744406	0.2002412510392829	0.29194791406505094	0.36968868652264664	0.4349061515212409	0.5012924039431971	0.5797564916002208	0.6747112079465257	0.7822969215112686	0.381868472953023	0.36092840030072626	0.353676187896089	0.34762331590520684	0.3318530201894546	0.30205011168300777	0.2569053921396216	0.197059956008771	0.12732963600400887
36.0	-15.0	-5.5	0.10257319181563387	0.16851813851655537	0.2308116650781904	0.27861050522986275	0.3180474783862886	0.36124223968045155	0.4164748502437188	0.4876009494848833	0.5779796086469365	0.3946299499578409	0.3823053838472795	0.376284117614299	0.3688685092250039	0.3553314627064987	0.3342880601116537	0.30436782805336726	0.26372228318889407	0.21213089093554666
37.0	-15.0	-5.5	0.11432947087395731	0.19867778922808996	0.28095899172430394	0.34196800223141705	0.38365702002925106	0.4187265570267321	0.45752523380472626	0.5047796324012666	0.559407602090038	0.41221151312216725	0.401526859658348	0.39948597855550394	0.39548980363867847	0.38375463863232123	0.36477468736400037	0.33882778775959815	0.3053541340103111	0.26607698232116883
38.0	-15.0	-5.5	0.11326083349744405	0.20024125103928284	0.2919479140650509	0.3696886865226465	0.4349061515212408	0.501292403943197	0.5797564916002207	0.6747112079465256	0.7822969215112686	0.3818684729530229	0.3609284003007262	0.35367618789608896	0.3476233159052067	0.3318530201894545	0.30205011168300766	0.25690539213962144	0.19705995600877085	0.12732963600400873
39.0	-15.0	-5.5	0.11232697290187332	0.19549851864606055	0.27925525143037516	0.3461536517174753	0.3990912788152214	0.4515145067240947	0.5183276860986828	0.6129819115842713	0.7357178179665627	0.42486893222432054	0.4124826455243666	0.4098292770505083	0.40686493327866863	0.3941916540489705	0.36657641248863787	0.3195607655973641	0.24992889745043836	0.16253129121685872
40.0	-15.0	-5.5	0.11432947087395735	0.19867778922808996	0.280958991724304	0.34196800223141716	0.38365702002925106	0.4187265570267321	0.45752523380472626	0.5047796324012667	0.5594076020900381	0.41221151312216725	0.4015268596583481	0.39948597855550405	0.39548980363867864	0.38375463863232145	0.3647746873640005	0.3388277877595983	0.30535413401031125	0.266076982321169
41.0	-15.0	-5.5	0.11232697290187328	0.1954985186460605	0.27925525143037505	0.3461536517174752	0.3990912788152212	0.45151450672409454	0.5183276860986826	0.612981911584271	0.7357178179665621	0.4248689322243206	0.41248264552436636	0.4098292770505081	0.4068649332786684	0.39419165404897033	0.3665764124886376	0.31956076559736385	0.24992889745043811	0.16253129121685855
42.0	-15.0	-5.5	0.1143294708739573	0.19867778922808993	0.28095899172430394	0.34196800223141705	0.383657020029251	0.418726557026732	0.45752523380472615	0.5047796324012666	0.559407602090038	0.41221151312216736	0.40152685965834817	0.39948597855550416	0.39548980363867864	0.3837546386323215	0.36477468736400054	0.33882778775959826	0.30535413401031125	0.266076982321169
43.0	-15.0	-5.5	0.11326083349744406	0.2002412510392829	0.29194791406505094	0.36968868652264664	0.4349061515212408	0.5012924039431971	0.5797564916002208	0.6747112079465257	0.7822969215112686	0.3818684729530231	0.3609284003007261	0.35367618789608896	0.3476233159052068	0.3318530201894546	0.30205011168300777	0.25690539213962155	0.19705995600877105	0.12732963600400884
44.0	-15.0	-5.5	0.10257319181563386	0.1685181385165553	0.23081166507819037	0.2786105052298627	0.3180474783862885	0.36124223968045144	0.41647485024371866	0.48760094948488325	0.5779796086469365	0.39462994995784073	0.3823053838472794	0.3762841176142989	0.36886850922500386	0.3553314627064987	0.33428806011165374	0.3043678280533671	0.263722283188894	0.21213089093554655
45.0	-15.0	-5.5	0.10280295745152472	0.1690341767135896	0.23151311865795554	0.2793287158178983	0.31873345082058174	0.36187049908456254	0.4170498957661389	0.4881896503315816	0.5785704099916177	0.4053567817036847	0.39091024748473185	0.3826088401020765	0.37373151435755136	0.35961068220459846	0.33842257370910855	0.3084542107406707	0.2677754609050461	0.21590794494980325
46.0	-15.0	-5.5	0.10280295745152475	0.16903417671358967	0.23151311865795554	0.2793287158178983	0.31873345082058174	0.36187049908456265	0.41704989576613904	0.48818965033158174	0.578570409991618	0.4053567817036848	0.39091024748473213	0.38260884010207663	0.37373151435755153	0.3596106822045986	0.3384225737091087	0.30845421074067086	0.2677754609050462	0.2159079449498033
47.0	-15.0	-5.5	0.11481631446012014	0.19905212278732398	0.2810178927037337	0.34226314614856695	0.3843873352295682	0.4195628150164886	0.4582131103767731	0.5052095391076332	0.5596167441970299	0.4102003659651252	0.4015937647851084	0.4000276818815606	0.39578070882261157	0.3838692484468469	0.36477111371436366	0.33876781526025873	0.30529122593559216	0.26604029727872114
48.0	-15.0	-5.5	0.11327498803192108	0.2002550494323906	0.2919518707174583	0.369665642242645	0.43486708644723354	0.5012578424765914	0.5796791995563794	0.6746772435505319	0.7822503487750976	0.3869904567915157	0.3639105765138321	0.35520204079171064	0.34841960094905405	0.33232978553204945	0.3023629543643374	0.2571130354311262	0.1971716305327032	0.12739831863124645
49.0	-15.0	-5.5	0.11481631446012015	0.199052122787324	0.2810178927037338	0.34226314614856707	0.3843873352295683	0.4195628150164888	0.4582131103767731	0.5052095391076331	0.5596167441970298	0.4102003659651251	0.40159376478510816	0.40002768188156057	0.3957807088226113	0.3838692484468466	0.3647711137143633	0.33876781526025845	0.305291225935592	0.2660402972787209
50.0	-15.0	-5.5	0.10280295745152469	0.1690341767135896	0.23151311865795546	0.2793287158178983	0.31873345082058174	0.3618704990845625	0.4170498957661388	0.4881896503315815	0.5785704099916177	0.4053567817036848	0.3909102474847319	0.3826088401020765	0.37373151435755136	0.3596106822045985	0.33842257370910855	0.30845421074067075	0.26777546090504617	0.21590794494980323
51.0	-15.0	-5.5	0.11481631446012011	0.19905212278732395	0.2810178927037337	0.34226314614856695	0.3843873352295682	0.4195628150164886	0.45821311037677304	0.505209539107633	0.5596167441970298	0.41020036596512505	0.40159376478510833	0.40002768188156057	0.39578070882261146	0.38386924844684683	0.3647711137143635	0.33876781526025856	0.3052912259355921	0.266040297278721
52.0	-15.0	-5.5	0.1028029574515247	0.16903417671358964	0.23151311865795549	0.27932871581789825	0.3187334508205817	0.3618704990845625	0.4170498957661388	0.4881896503315815	0.5785704099916178	0.4053567817036847	0.390910247484732	0.38260884010207663	0.3737315143575515	0.3596106822045986	0.3384225737091086	0.30845421074067086	0.2677754609050462	0.21590794494980325
53.0	-15.0	-5.5	0.11327498803192108	0.2002550494323906	0.29195187071745826	0.3696656422426449	0.43486708644723343	0.5012578424765913	0.5796791995563794	0.6746772435505317	0.7822503487750972	0.3869904567915153	0.3639105765138318	0.3552020407917104	0.34841960094905383	0.3323297855320492	0.30236295436433713	0.257113035431126	0.19717163053270303	0.12739831863124634
54.0	-15.0	-5.5	0.1148163144601202	0.19905212278732407	0.2810178927037338	0.3422631461485671	0.38438733522956847	0.4195628150164889	0.45821311037677326	0.5052095391076332	0.5596167441970299	0.41020036596512527	0.4015937647851083	0.4000276818815607	0.3957807088226114	0.3838692484468468	0.3647711137143635	0.3387678152602586	0.3052912259355921	0.2660402972787211
55.0	-15.0	-5.5	0.10280295745152476	0.1690341767135897	0.23151311865795557	0.27932871581789837	0.3187334508205818	0.36187049908456265	0.41704989576613904	0.48818965033158185	0.5785704099916181	0.4053567817036849	0.3909102474847322	0.38260884010207674	0.37373151435755164	0.35961068220459863	0.3384225737091089	0.30845421074067103	0.26777546090504645	0.2159079449498035
56.0	-15.0	-5.5	0.11327498803192108	0.2002550494323906	0.2919518707174583	0.369665642242645	0.43486708644723354	0.5012578424765914	0.5796791995563794	0.6746772435505319	0.7822503487750976	0.3869904567915156	0.3639105765138319	0.35520204079171047	0.34841960094905383	0.3323297855320492	0.30236295436433724	0.25711303543112607	0.19717163053270312	0.1273983186312464
57.0	-15.0	-5.5	0.11327498803192108	0.2002550494323906	0.29195187071745826	0.3696656422426449	0.43486708644723343	0.5012578424765912	0.5796791995563791	0.6746772435505315	0.7822503487750971	0.3869904567915155	0.3639105765138318	0.35520204079171036	0.3484196009490537	0.33232978553204906	0.302362954364337	0.2571130354311259	0.19717163053270287	0.12739831863124615
58.0	-15.0	-5.5	0.10280295745152475	0.16903417671358967	0.23151311865795557	0.27932871581789837	0.3187334508205818	0.36187049908456265	0.41704989576613904	0.48818965033158185	0.5785704099916181	0.40535678170368483	0.39091024748473213	0.3826088401020768	0.3737315143575516	0.35961068220459874	0.3384225737091088	0.308454210740671	0.2677754609050464	0.2159079449498035
59.0	-15.0	-5.5	0.11327498803192113	0.20025504943239067	0.29195187071745843	0.36966564224264503	0.4348670864472336	0.5012578424765914	0.5796791995563795	0.674677243550532	0.7822503487750976	0.38699045679151567	0.3639105765138322	0.35520204079171064	0.34841960094905405	0.33232978553204945	0.3023629543643374	0.2571130354311262	0.19717163053270317	0.12739831863124643
60.0	-15.0	-5.5	0.11481631446012021	0.1990521227873241	0.2810178927037339	0.34226314614856723	0.3843873352295685	0.41956281501648895	0.4582131103767734	0.5052095391076334	0.5596167441970301	0.41020036596512516	0.40159376478510833	0.4000276818815608	0.39578070882261157	0.38386924844684694	0.36477111371436366	0.33876781526025884	0.30529122593559227	0.2660402972787213
61.0	-15.0	-5.5	0.11481631446012017	0.199052122787324	0.2810178927037338	0.34226314614856707	0.38438733522956836	0.4195628150164888	0.4582131103767732	0.5052095391076331	0.5596167441970299	0.4102003659651253	0.4015937647851084	0.4000276818815608	0.39578070882261157	0.38386924844684683	0.36477111371436355	0.3387678152602587	0.30529122593559216	0.2660402972787211
62.0	-15.0	-5.5	0.11327498803192107	0.2002550494323906	0.2919518707174583	0.369665642242645	0.43486708644723354	0.5012578424765914	0.5796791995563795	0.6746772435505318	0.7822503487750974	0.3869904567915156	0.36391057651383196	0.3552020407917104	0.3484196009490538	0.3323297855320492	0.3023629543643372	0.25711303543112607	0.197171630532703	0.12739831863124632
63.0	-15.0	-5.5	0.1028029574515247	0.16903417671358964	0.23151311865795549	0.27932871581789825	0.31873345082058174	0.36187049908456254	0.4170498957661389	0.4881896503315816	0.5785704099916178	0.4053567817036847	0.3909102474847321	0.38260884010207663	0.3737315143575515	0.3596106822045985	0.33842257370910866	0.30845421074067086	0.2677754609050463	0.21590794494980334
64.0	-15.0	-5.5	0.11327498803192113	0.20025504943239067	0.29195187071745843	0.36966564224264503	0.4348670864472336	0.5012578424765914	0.5796791995563796	0.674677243550532	0.7822503487750976	0.3869904567915158	0.36391057651383213	0.3552020407917107	0.3484196009490543	0.3323297855320496	0.3023629543643376	0.25711303543112635	0.19717163053270326	0.1273983186312465
65.0	-15.0	-5.5	0.11327498803192111	0.20025504943239064	0.2919518707174584	0.36966564224264503	0.4348670864472336	0.5012578424765914	0.5796791995563796	0.674677243550532	0.7822503487750976	0.3869904567915157	0.3639105765138322	0.35520204079171064	0.34841960094905405	0.33232978553204945	0.3023629543643374	0.2571130354311262	0.19717163053270312	0.1273983186312464
66.0	-15.0	-5.5	0.10280295745152472	0.16903417671358967	0.23151311865795554	0.27932871581789825	0.3187334508205817	0.3618704990845625	0.4170498957661388	0.4881896503315815	0.5785704099916178	0.4053567817036847	0.39091024748473197	0.3826088401020766	0.3737315143575515	0.3596106822045985	0.3384225737091086	0.30845421074067086	0.26777546090504617	0.21590794494980328
67.0	-15.0	-5.5	0.11481631446012025	0.19905212278732415	0.2810178927037339	0.34226314614856723	0.3843873352295686	0.4195628150164891	0.4582131103767735	0.5052095391076336	0.5596167441970303	0.41020036596512527	0.40159376478510855	0.40002768188156096	0.39578070882261185	0.38386924844684717	0.3647711137143638	0.338767815260259	0.30529122593559244	0.2660402972787214
68.0	-15.0	-5.5	0.11481631446012017	0.19905212278732407	0.2810178927037338	0.3422631461485672	0.38438733522956847	0.41956281501648895	0.45821311037677326	0.5052095391076332	0.5596167441970299	0.41020036596512516	0.4015937647851084	0.4000276818815608	0.3957807088226115	0.3838692484468468	0.3647711137143636	0.3387678152602587	0.3052912259355922	0.26604029727872114
69.0	-15.0	-5.5	0.11168371475653184	0.19512445647036297	0.2788147353102755	0.34202855139454896	0.3887750805978582	0.43610647490443694	0.49851074141354346	0.5859348910527917	0.7018432690290037	0.376808495331157	0.35466245344637265	0.3439371075061636	0.33470219487955694	0.318201780649724	0.29218816711456425	0.25452821702809253	0.2029429327399504	0.13917117934204865
70.0	-15.0	-5.5	0.11168371475653184	0.19512445647036297	0.2788147353102755	0.34202855139454896	0.3887750805978583	0.43610647490443705	0.49851074141354346	0.5859348910527916	0.7018432690290037	0.376808495331157	0.3546624534463726	0.3439371075061635	0.33470219487955694	0.31820178064972393	0.29218816711456425	0.25452821702809253	0.20294293273995043	0.1391711793420487
71.0	-15.0	-5.5	0.11168371475653187	0.19512445647036306	0.2788147353102756	0.3420285513945491	0.3887750805978584	0.43610647490443727	0.4985107414135438	0.5859348910527922	0.7018432690290043	0.37680849533115723	0.3546624534463727	0.3439371075061637	0.3347021948795571	0.31820178064972404	0.29218816711456436	0.2545282170280926	0.20294293273995048	0.1391711793420488
72.0	-15.0	-5.5	0.11168371475653183	0.19512445647036297	0.27881473531027556	0.34202855139454896	0.38877508059785837	0.43610647490443716	0.49851074141354373	0.5859348910527921	0.7018432690290042	0.37680849533115707	0.35466245344637276	0.3439371075061636	0.334702194879557	0.318201780649724	0.29218816711456436	0.2545282170280926	0.20294293273995048	0.13917117934204876
73.0	-15.0	-5.5	0.12636539188334142	0.24005892151107863	0.36801194207506893	0.4768244664404757	0.5599283887681378	0.6332911104715668	0.712647743504926	0.8015947921036192	0.888339143189083	0.299871806167694	0.2573624992597352	0.23011754635714907	0.20975825197821818	0.18835794746713017	0.16126329081270818	0.12630843443163994	0.08547495788844292	0.04579657430942409
74.0	-15.0	-5.5	0.12638689690316865	0.24022790893182655	0.3684192489463895	0.47736391562615993	0.5604416879887522	0.6337031547115792	0.7129992498995009	0.801824204954937	0.888476111919863	0.30539364806563996	0.2616942078146714	0.23285672652648423	0.21129717800912973	0.18920235893338164	0.16169156493311954	0.12644796694296498	0.08546804605998876	0.04575336735817524
75.0	-15.0	-5.5	0.12638689690316865	0.24022790893182652	0.3684192489463894	0.47736391562615976	0.5604416879887519	0.6337031547115791	0.7129992498995008	0.8018242049549367	0.8884761119198625	0.3053936480656399	0.26169420781467145	0.2328567265264841	0.21129717800912964	0.18920235893338147	0.16169156493311934	0.12644796694296484	0.08546804605998862	0.045753367358175125
76.0	-15.0	-5.5	0.12636539188334137	0.24005892151107858	0.36801194207506877	0.47682446644047555	0.5599283887681377	0.6332911104715666	0.7126477435049259	0.8015947921036188	0.8883391431890827	0.299871806167694	0.2573624992597351	0.23011754635714904	0.20975825197821812	0.1883579474671301	0.16126329081270813	0.12630843443163992	0.08547495788844292	0.045796574309424076
77.0	-15.0	-5.5	0.1263653918833414	0.2400589215110786	0.36801194207506893	0.4768244664404757	0.5599283887681379	0.633291110471567	0.7126477435049263	0.8015947921036193	0.888339143189083	0.29987180616769404	0.2573624992597351	0.23011754635714912	0.20975825197821824	0.18835794746713025	0.16126329081270824	0.12630843443164003	0.08547495788844299	0.04579657430942411
78.0	-15.0	-5.5	0.12638689690316862	0.24022790893182652	0.36841924894638933	0.47736391562615965	0.5604416879887518	0.6337031547115789	0.7129992498995007	0.8018242049549363	0.8884761119198623	0.3053936480656398	0.26169420781467134	0.23285672652648404	0.21129717800912956	0.18920235893338141	0.16169156493311931	0.12644796694296478	0.08546804605998855	0.045753367358175076
79.0	-15.0	-5.5	0.1263868969031687	0.2402279089318266	0.3684192489463895	0.4773639156261598	0.5604416879887519	0.6337031547115791	0.7129992498995007	0.8018242049549367	0.8884761119198626	0.30539364806564007	0.26169420781467145	0.23285672652648415	0.2112971780091297	0.18920235893338158	0.16169156493311948	0.12644796694296487	0.08546804605998869	0.04575336735817522
80.0	-15.0	-5.5	0.1263653918833413	0.24005892151107844	0.36801194207506854	0.4768244664404751	0.559928388768137	0.6332911104715659	0.7126477435049251	0.8015947921036181	0.8883391431890819	0.2998718061676937	0.2573624992597349	0.23011754635714884	0.20975825197821793	0.18835794746712997	0.16126329081270796	0.1263084344316398	0.08547495788844284	0.04579657430942404
81.0	-15.0	-5.5	0.12636539188334142	0.2400589215110786	0.36801194207506893	0.47682446644047566	0.5599283887681378	0.6332911104715668	0.712647743504926	0.8015947921036192	0.888339143189083	0.29987180616769393	0.25736249925973503	0.23011754635714898	0.2097582519782181	0.18835794746713008	0.16126329081270807	0.1263084344316399	0.08547495788844289	0.04579657430942403
82.0	-15.0	-5.5	0.12638689690316862	0.24022790893182644	0.36841924894638933	0.47736391562615965	0.5604416879887518	0.6337031547115789	0.7129992498995007	0.8018242049549366	0.8884761119198625	0.30539364806564007	0.2616942078146715	0.2328567265264843	0.21129717800912978	0.18920235893338166	0.16169156493311954	0.126447966942965	0.08546804605998878	0.04575336735817529
83.0	-15.0	-5.5	0.1263653918833414	0.24005892151107858	0.3680119420750689	0.47682446644047555	0.5599283887681378	0.6332911104715668	0.7126477435049262	0.8015947921036192	0.888339143189083	0.29987180616769393	0.2573624992597351	0.23011754635714907	0.20975825197821818	0.18835794746713025	0.16126329081270824	0.12630843443164003	0.085474957888443	0.04579657430942414
84.0	-15.0	-5.5	0.12638689690316862	0.24022790893182644	0.36841924894638933	0.4773639156261596	0.5604416879887517	0.6337031547115789	0.7129992498995005	0.8018242049549363	0.8884761119198623	0.30539364806564	0.2616942078146714	0.23285672652648415	0.21129717800912967	0.18920235893338158	0.16169156493311945	0.1264479669429649	0.0854680460599887	0.045753367358175236
85.0	-15.0	-5.5	0.1263868969031686	0.24022790893182644	0.36841924894638917	0.47736391562615954	0.5604416879887516	0.6337031547115787	0.7129992498995004	0.8018242049549362	0.8884761119198622	0.3053936480656399	0.2616942078146713	0.23285672652648404	0.21129717800912956	0.18920235893338141	0.16169156493311931	0.1264479669429648	0.08546804605998862	0.04575336735817514
86.0	-15.0	-5.5	0.12638689690316865	0.2402279089318265	0.36841924894638933	0.47736391562615965	0.5604416879887518	0.6337031547115789	0.7129992498995007	0.8018242049549367	0.8884761119198626	0.30539364806564007	0.26169420781467145	0.23285672652648426	0.21129717800912978	0.18920235893338166	0.16169156493311956	0.126447966942965	0.0854680460599888	0.04575336735817529
87.0	-15.0	-5.5	0.1263653918833414	0.24005892151107858	0.36801194207506877	0.4768244664404755	0.5599283887681377	0.6332911104715666	0.7126477435049259	0.8015947921036188	0.8883391431890827	0.29987180616769393	0.25736249925973503	0.23011754635714893	0.209758251978218	0.18835794746712997	0.16126329081270802	0.1263084344316398	0.0854749578884428	0.04579657430942397
88.0	-15.0	-5.5	0.12636539188334137	0.24005892151107852	0.3680119420750687	0.4768244664404754	0.5599283887681376	0.6332911104715665	0.7126477435049257	0.8015947921036186	0.8883391431890824	0.2998718061676939	0.257362499259735	0.23011754635714887	0.20975825197821796	0.18835794746712994	0.16126329081270796	0.12630843443163975	0.08547495788844278	0.04579657430942396
89.0	-15.0	-5.5	0.10477816186400628	0.16973731748014234	0.2264890821154986	0.26573962031455267	0.29383607066869666	0.3198148075992931	0.34897767480914627	0.3833394314347799	0.42083435291690613	0.48034612294092366	0.4805851472186109	0.47969528274508366	0.4745992256113886	0.46493976470603215	0.4505723671373419	0.43074945315202395	0.40517305107361823	0.3757438761355155
90.0	-15.0	-5.5	0.10477816186400632	0.1697373174801424	0.22648908211549867	0.2657396203145527	0.29383607066869677	0.31981480759929315	0.34897767480914643	0.3833394314347801	0.4208343529169064	0.48034612294092405	0.48058514721861095	0.479695282745084	0.47459922561138906	0.46493976470603254	0.4505723671373422	0.4307494531520243	0.40517305107361845	0.3757438761355157
91.0	-15.0	-5.5	0.11437513977045494	0.1988498013509432	0.2811194059518015	0.34193705674522545	0.3835367065204563	0.418708732184113	0.45762015846321435	0.5050953842016502	0.559911093668478	0.44049939972048424	0.42523361525512215	0.4192676980145904	0.4126682497470162	0.39931152540453047	0.3794291533712995	0.3529434544742234	0.3190033072942351	0.2792295634756498
92.0	-15.0	-5.5	0.10477816186400624	0.16973731748014229	0.22648908211549856	0.2657396203145526	0.2938360706686966	0.319814807599293	0.34897767480914615	0.3833394314347798	0.42083435291690613	0.48034612294092366	0.48058514721861034	0.47969528274508333	0.4745992256113884	0.46493976470603193	0.4505723671373416	0.4307494531520237	0.4051730510736179	0.3757438761355152
93.0	-15.0	-5.5	0.10477816186400633	0.1697373174801424	0.2264890821154987	0.2657396203145527	0.29383607066869677	0.31981480759929315	0.34897767480914643	0.38333943143477994	0.4208343529169063	0.4803461229409237	0.4805851472186108	0.4796952827450839	0.47459922561138895	0.46493976470603243	0.45057236713734217	0.4307494531520242	0.4051730510736184	0.37574387613551563
94.0	-15.0	-5.5	0.114375139770455	0.1988498013509433	0.28111940595180157	0.3419370567452256	0.38353670652045646	0.4187087321841132	0.4576201584632147	0.5050953842016506	0.5599110936684782	0.44049939972048446	0.4252336152551223	0.4192676980145905	0.4126682497470163	0.3993115254045306	0.3794291533712997	0.3529434544742235	0.31900330729423515	0.2792295634756499
95.0	-15.0	-5.5	0.10477816186400629	0.16973731748014237	0.22648908211549865	0.2657396203145527	0.29383607066869666	0.3198148075992931	0.3489776748091464	0.38333943143478005	0.4208343529169063	0.48034612294092377	0.480585147218611	0.4796952827450838	0.47459922561138884	0.46493976470603243	0.45057236713734217	0.43074945315202406	0.40517305107361845	0.37574387613551563
96.0	-15.0	-5.5	0.11437513977045496	0.19884980135094327	0.28111940595180157	0.3419370567452256	0.38353670652045646	0.4187087321841132	0.45762015846321474	0.5050953842016506	0.5599110936684785	0.4404993997204844	0.4252336152551226	0.41926769801459074	0.4126682497470166	0.39931152540453085	0.3794291533713	0.3529434544742238	0.3190033072942355	0.2792295634756503
97.0	-15.0	-5.5	0.11437513977045492	0.19884980135094318	0.2811194059518015	0.3419370567452255	0.3835367065204564	0.41870873218411314	0.4576201584632146	0.5050953842016505	0.5599110936684782	0.4404993997204844	0.4252336152551224	0.4192676980145906	0.41266824974701644	0.3993115254045307	0.37942915337129984	0.3529434544742237	0.31900330729423537	0.27922956347565014
98.0	-15.0	-5.5	0.10477816186400625	0.1697373174801423	0.22648908211549856	0.2657396203145526	0.2938360706686966	0.319814807599293	0.3489776748091463	0.38333943143477994	0.42083435291690624	0.4803461229409237	0.48058514721861084	0.4796952827450838	0.47459922561138884	0.4649397647060323	0.4505723671373421	0.4307494531520241	0.4051730510736183	0.37574387613551563
99.0	-15.0	-5.5	0.10477816186400628	0.1697373174801423	0.2264890821154986	0.26573962031455267	0.29383607066869666	0.31981480759929304	0.34897767480914627	0.3833394314347799	0.42083435291690613	0.48034612294092355	0.4805851472186107	0.4796952827450835	0.4745992256113885	0.46493976470603204	0.4505723671373417	0.4307494531520238	0.40517305107361795	0.3757438761355154
100.0	-15.0	-5.5	0.11437513977045492	0.19884980135094318	0.2811194059518015	0.34193705674522545	0.3835367065204564	0.4187087321841131	0.45762015846321447	0.5050953842016503	0.559911093668478	0.4404993997204843	0.42523361525512215	0.4192676980145904	0.41266824974701627	0.3993115254045305	0.3794291533712996	0.3529434544742235	0.3190033072942352	0.2792295634756499
101.0	-15.0	-5.5	0.11437513977045494	0.19884980135094313	0.28111940595180146	0.34193705674522545	0.3835367065204563	0.418708732184113	0.45762015846321435	0.5050953842016501	0.5599110936684779	0.44049939972048424	0.42523361525512215	0.4192676980145904	0.4126682497470164	0.39931152540453063	0.37942915337129973	0.35294345447422354	0.3190033072942353	0.27922956347565003
102.0	-15.0	-5.5	0.11437513977045494	0.19884980135094318	0.2811194059518015	0.34193705674522545	0.3835367065204564	0.4187087321841131	0.4576201584632146	0.5050953842016503	0.5599110936684782	0.44049939972048446	0.42523361525512243	0.41926769801459063	0.41266824974701655	0.39931152540453085	0.37942915337129995	0.35294345447422376	0.3190033072942355	0.27922956347565026
103.0	-15.0	-5.5	0.11437513977045492	0.19884980135094313	0.28111940595180146	0.34193705674522545	0.3835367065204563	0.418708732184113	0.45762015846321435	0.5050953842016502	0.559911093668478	0.44049939972048424	0.4252336152551224	0.4192676980145907	0.4126682497470166	0.39931152540453085	0.37942915337130007	0.352943454474224	0.31900330729423565	0.2792295634756505
104.0	-15.0	-5.5	0.10477816186400622	0.16973731748014229	0.2264890821154985	0.26573962031455256	0.29383607066869655	0.319814807599293	0.34897767480914615	0.3833394314347797	0.420834352916906	0.4803461229409236	0.4805851472186107	0.47969528274508355	0.4745992256113887	0.46493976470603215	0.45057236713734183	0.43074945315202384	0.4051730510736181	0.37574387613551546
105.0	-15.0	-5.5	0.12586383968264803	0.23972244099635545	0.3687355228948056	0.4786466524900531	0.5622775153733618	0.6356977656693159	0.7148267179131682	0.8032414190222371	0.8892473527787212	0.3025712168041352	0.25744538002192174	0.22845700986850137	0.20771343048548047	0.1865565025007913	0.15973449951808452	0.1250243458692443	0.08453431932492203	0.04528717753330547
106.0	-15.0	-5.5	0.12586383968264808	0.2397224409963554	0.36873552289480543	0.47864665249005306	0.5622775153733617	0.6356977656693158	0.7148267179131681	0.8032414190222368	0.8892473527787209	0.3025712168041351	0.25744538002192163	0.22845700986850126	0.2077134304854804	0.18655650250079123	0.1597344995180844	0.1250243458692442	0.08453431932492196	0.045287177533305426
107.0	-15.0	-5.5	0.12586383968264805	0.2397224409963554	0.36873552289480555	0.4786466524900531	0.5622775153733618	0.6356977656693159	0.7148267179131682	0.8032414190222371	0.8892473527787212	0.3025712168041351	0.2574453800219216	0.22845700986850123	0.20771343048548038	0.18655650250079125	0.1597344995180845	0.1250243458692443	0.084534319324922	0.04528717753330547
108.0	-15.0	-5.5	0.12586383968264805	0.23972244099635537	0.36873552289480555	0.47864665249005306	0.5622775153733617	0.6356977656693159	0.7148267179131682	0.803241419022237	0.889247352778721	0.3025712168041351	0.2574453800219217	0.22845700986850132	0.20771343048548047	0.18655650250079134	0.1597344995180845	0.1250243458692443	0.08453431932492202	0.04528717753330549
109.0	-15.0	-5.5	0.12586383968264808	0.23972244099635545	0.3687355228948056	0.4786466524900532	0.5622775153733619	0.635697765669316	0.7148267179131684	0.8032414190222371	0.8892473527787212	0.30257121680413523	0.25744538002192163	0.22845700986850132	0.20771343048548035	0.18655650250079125	0.1597344995180844	0.1250243458692442	0.08453431932492192	0.045287177533305405
110.0	-15.0	-5.5	0.125863839682648	0.2397224409963553	0.36873552289480543	0.47864665249005295	0.5622775153733616	0.6356977656693157	0.714826717913168	0.8032414190222367	0.8892473527787208	0.3025712168041351	0.2574453800219216	0.2284570098685013	0.2077134304854804	0.18655650250079123	0.15973449951808444	0.12502434586924424	0.08453431932492197	0.04528717753330544
111.0	-15.0	-5.5	0.12586383968264808	0.2397224409963554	0.36873552289480555	0.47864665249005306	0.5622775153733617	0.6356977656693157	0.714826717913168	0.8032414190222368	0.8892473527787209	0.302571216804135	0.25744538002192174	0.22845700986850123	0.20771343048548033	0.1865565025007912	0.15973449951808436	0.1250243458692442	0.08453431932492195	0.04528717753330544
112.0	-15.0	-5.5	0.12586383968264803	0.2397224409963553	0.3687355228948054	0.4786466524900529	0.5622775153733615	0.6356977656693156	0.7148267179131678	0.8032414190222367	0.8892473527787208	0.302571216804135	0.2574453800219216	0.22845700986850118	0.20771343048548024	0.1865565025007911	0.15973449951808433	0.1250243458692441	0.08453431932492186	0.04528717753330534
113.0	-15.0	-5.5	0.12584518582064144	0.23987918728890864	0.36920829104692293	0.47931516311469413	0.5629158336541881	0.6361570124800583	0.7152625942953016	0.8035016881701358	0.8894089201235146	0.2978587215615709	0.2565093808582678	0.22889460332292466	0.20834228542292876	0.18702325370638126	0.15999709923638988	0.12508997956107862	0.08449713528385902	0.04523460950699992
114.0	-15.0	-5.5	0.12584518582064136	0.2398791872889086	0.36920829104692293	0.47931516311469413	0.5629158336541881	0.6361570124800583	0.7152625942953015	0.8035016881701357	0.8894089201235144	0.2978587215615709	0.25650938085826774	0.22889460332292472	0.20834228542292874	0.1870232537063813	0.15999709923638983	0.12508997956107862	0.084497135283859	0.04523460950699992
115.0	-15.0	-5.5	0.1258451858206414	0.2398791872889086	0.3692082910469228	0.4793151631146941	0.562915833654188	0.6361570124800582	0.7152625942953013	0.8035016881701355	0.8894089201235142	0.29785872156157084	0.25650938085826763	0.22889460332292458	0.20834228542292865	0.18702325370638118	0.15999709923638972	0.12508997956107853	0.08449713528385895	0.045234609506999875
116.0	-15.0	-5.5	0.12584518582064144	0.23987918728890872	0.369208291046923	0.4793151631146943	0.5629158336541882	0.6361570124800584	0.7152625942953016	0.8035016881701358	0.8894089201235146	0.297858721561571	0.2565093808582678	0.2288946033229247	0.20834228542292874	0.1870232537063813	0.15999709923638983	0.12508997956107862	0.08449713528385903	0.04523460950699993
117.0	-15.0	-5.5	0.12584518582064144	0.23987918728890864	0.36920829104692293	0.47931516311469424	0.5629158336541882	0.6361570124800584	0.7152625942953016	0.8035016881701357	0.8894089201235142	0.2978587215615708	0.25650938085826763	0.22889460332292455	0.20834228542292857	0.1870232537063811	0.15999709923638963	0.1250899795610784	0.08449713528385878	0.04523460950699974
118.0	-15.0	-5.5	0.12584518582064141	0.23987918728890864	0.3692082910469228	0.4793151631146941	0.562915833654188	0.6361570124800582	0.7152625942953013	0.8035016881701355	0.8894089201235142	0.29785872156157095	0.2565093808582678	0.22889460332292472	0.2083422854229288	0.18702325370638134	0.15999709923638988	0.12508997956107862	0.08449713528385902	0.04523460950699994
119.0	-15.0	-5.5	0.1258451858206414	0.23987918728890864	0.36920829104692293	0.47931516311469413	0.5629158336541881	0.6361570124800582	0.7152625942953015	0.8035016881701357	0.8894089201235144	0.29785872156157084	0.2565093808582676	0.2288946033229245	0.20834228542292854	0.18702325370638107	0.1599970992363896	0.12508997956107842	0.08449713528385887	0.045234609506999784
120.0	-15.0	-5.5	0.1258451858206414	0.23987918728890853	0.36920829104692277	0.47931516311469397	0.5629158336541878	0.6361570124800578	0.7152625942953011	0.8035016881701353	0.889408920123514	0.29785872156157084	0.25650938085826763	0.22889460332292447	0.20834228542292857	0.18702325370638112	0.15999709923638974	0.12508997956107856	0.08449713528385897	0.045234609506999895
121.0	-15.0	-5.5	0.1118477777478686	0.1950147287340003	0.2794046287022132	0.3470388402157899	0.40032954123098086	0.4528052320673225	0.5195809387281027	0.6139997242381534	0.7364277456085344	0.40909392169306846	0.397979766619844	0.3961574448585683	0.39406853821786453	0.38224704632324374	0.355574897830101	0.3098067619739333	0.24197705527136965	0.15704471443889167
122.0	-15.0	-5.5	0.11184777774786867	0.1950147287340004	0.27940462870221333	0.3470388402157901	0.4003295412309812	0.45280523206732287	0.5195809387281032	0.613999724238154	0.7364277456085347	0.40909392169306863	0.3979797666198442	0.39615744485856863	0.3940685382178649	0.3822470463232443	0.3555748978301015	0.3098067619739336	0.24197705527137006	0.15704471443889204
123.0	-15.0	-5.5	0.11184777774786864	0.1950147287340004	0.2794046287022133	0.34703884021579007	0.40032954123098113	0.45280523206732276	0.5195809387281031	0.613999724238154	0.7364277456085347	0.4090939216930686	0.3979797666198441	0.39615744485856846	0.3940685382178648	0.3822470463232441	0.35557489783010127	0.3098067619739334	0.24197705527136987	0.15704471443889192
124.0	-15.0	-5.5	0.11184777774786858	0.1950147287340003	0.2794046287022132	0.3470388402157899	0.40032954123098086	0.4528052320673225	0.5195809387281027	0.6139997242381536	0.7364277456085344	0.40909392169306846	0.3979797666198439	0.3961574448585685	0.3940685382178648	0.38224704632324413	0.35557489783010127	0.30980676197393353	0.24197705527136984	0.15704471443889187
125.0	-15.0	-5.5	0.11492072997686055	0.19928919690994806	0.2812067764137355	0.3422175536511923	0.3842262863093463	0.41951663013447826	0.45824995869633034	0.5055359975938577	0.560106713967981	0.44938536006695695	0.43127303208285644	0.42254859561099867	0.4142258038324395	0.4001457694684607	0.3798809024256102	0.35318617692512366	0.31909614710519524	0.279307487389471
126.0	-15.0	-5.5	0.10528292955757027	0.1701138330812322	0.22632762846608706	0.26524798311595393	0.29332713967808804	0.3193498547010048	0.3485889879164665	0.3830934211225838	0.4208088369775897	0.5004156261750711	0.4985690242937222	0.4953295276425631	0.48823234204712807	0.47749480460573596	0.4627571926732438	0.4429528417929406	0.41748401681251046	0.3880448808666431
127.0	-15.0	-5.5	0.11492072997686056	0.19928919690994806	0.2812067764137355	0.3422175536511923	0.3842262863093463	0.4195166301344782	0.45824995869633023	0.5055359975938575	0.560106713967981	0.449385360066957	0.4312730320828565	0.4225485956109988	0.41422580383243957	0.40014576946846075	0.3798809024256103	0.35318617692512366	0.31909614710519535	0.27930748738947114
128.0	-15.0	-5.5	0.10528292955757028	0.17011383308123226	0.2263276284660871	0.265247983115954	0.2933271396780881	0.31934985470100485	0.3485889879164666	0.38309342112258393	0.4208088369775898	0.500415626175071	0.49856902429372224	0.49532952764256316	0.488232342047128	0.4774948046057359	0.4627571926732437	0.4429528417929406	0.41748401681251046	0.3880448808666431
129.0	-15.0	-5.5	0.10528292955757032	0.17011383308123232	0.22632762846608723	0.2652479831159541	0.2933271396780882	0.31934985470100496	0.3485889879164667	0.383093421122584	0.42080883697758986	0.500415626175071	0.49856902429372213	0.4953295276425631	0.48823234204712807	0.47749480460573573	0.46275719267324367	0.4429528417929404	0.4174840168125104	0.3880448808666431
130.0	-15.0	-5.5	0.10528292955757028	0.1701138330812322	0.22632762846608714	0.2652479831159541	0.29332713967808816	0.3193498547010049	0.3485889879164666	0.38309342112258393	0.4208088369775898	0.5004156261750708	0.4985690242937221	0.495329527642563	0.48823234204712807	0.4774948046057358	0.4627571926732437	0.4429528417929404	0.4174840168125104	0.3880448808666431
131.0	-15.0	-5.5	0.11283088201193939	0.19601301208372932	0.27913789111700793	0.3452656153641216	0.3978319880221992	0.4501364026656065	0.5169396240236213	0.6118904265287824	0.7349421642190935	0.4482543499002959	0.43175078858065125	0.42610691588547944	0.4210965786682155	0.40703133540384856	0.378173246000961	0.3297298173573874	0.25810442201171685	0.16815144068266433
132.0	-15.0	-5.5	0.11492072997686066	0.19928919690994826	0.2812067764137357	0.34221755365119244	0.38422628630934647	0.41951663013447843	0.45824995869633045	0.5055359975938578	0.5601067139679812	0.44938536006695734	0.43127303208285656	0.4225485956109988	0.41422580383243973	0.40014576946846087	0.37988090242561035	0.35318617692512383	0.3190961471051955	0.2793074873894712
133.0	-15.0	-5.5	0.10528292955757028	0.1701138330812322	0.22632762846608714	0.26524798311595404	0.29332713967808816	0.3193498547010049	0.3485889879164666	0.38309342112258393	0.4208088369775898	0.5004156261750708	0.49856902429372213	0.495329527642563	0.48823234204712807	0.4774948046057358	0.4627571926732437	0.44295284179294026	0.41748401681251035	0.388044880866643
134.0	-15.0	-5.5	0.1149207299768606	0.19928919690994812	0.2812067764137355	0.3422175536511922	0.38422628630934624	0.4195166301344782	0.45824995869633023	0.5055359975938577	0.5601067139679811	0.4493853600669571	0.4312730320828565	0.4225485956109988	0.4142258038324396	0.4001457694684608	0.3798809024256103	0.3531861769251237	0.3190961471051954	0.2793074873894711
135.0	-15.0	-5.5	0.11283088201193937	0.19601301208372923	0.2791378911170078	0.3452656153641214	0.397831988022199	0.4501364026656064	0.516939624023621	0.6118904265287823	0.7349421642190935	0.44825434990029583	0.43175078858065125	0.4261069158854797	0.4210965786682157	0.40703133540384884	0.37817324600096136	0.3297298173573877	0.25810442201171707	0.16815144068266463
136.0	-15.0	-5.5	0.1052829295575703	0.17011383308123226	0.22632762846608717	0.2652479831159541	0.29332713967808816	0.3193498547010049	0.3485889879164666	0.3830934211225838	0.4208088369775897	0.5004156261750707	0.498569024293722	0.4953295276425629	0.4882323420471279	0.4774948046057357	0.46275719267324356	0.4429528417929403	0.41748401681251024	0.38804488086664285
137.0	-15.0	-5.5	0.11283088201193936	0.19601301208372923	0.2791378911170078	0.3452656153641214	0.397831988022199	0.4501364026656064	0.516939624023621	0.6118904265287823	0.7349421642190935	0.4482543499002959	0.4317507885806513	0.42610691588547966	0.4210965786682156	0.4070313354038487	0.37817324600096125	0.32972981735738754	0.25810442201171696	0.1681514406826645
138.0	-15.0	-5.5	0.11492072997686056	0.19928919690994806	0.2812067764137355	0.3422175536511923	0.38422628630934635	0.41951663013447826	0.45824995869633034	0.5055359975938577	0.560106713967981	0.449385360066957	0.4312730320828565	0.4225485956109989	0.4142258038324397	0.4001457694684609	0.37988090242561046	0.35318617692512394	0.3190961471051956	0.27930748738947153
139.0	-15.0	-5.5	0.1052829295575703	0.17011383308123226	0.2263276284660871	0.26524798311595404	0.2933271396780881	0.31934985470100485	0.3485889879164666	0.3830934211225838	0.4208088369775897	0.5004156261750706	0.4985690242937221	0.49532952764256294	0.488232342047128	0.4774948046057357	0.4627571926732435	0.44295284179294014	0.41748401681251024	0.38804488086664285
140.0	-15.0	-5.5	0.11492072997686056	0.19928919690994806	0.2812067764137354	0.3422175536511922	0.38422628630934624	0.4195166301344782	0.45824995869633023	0.5055359975938577	0.5601067139679811	0.449385360066957	0.4312730320828565	0.4225485956109988	0.41422580383243973	0.400145769468461	0.37988090242561046	0.35318617692512394	0.3190961471051955	0.27930748738947137
141.0	-15.0	-5.5	0.1149207299768606	0.19928919690994812	0.28120677641373554	0.3422175536511923	0.38422628630934635	0.4195166301344784	0.4582499586963304	0.5055359975938578	0.5601067139679811	0.4493853600669572	0.4312730320828566	0.42254859561099883	0.4142258038324398	0.4001457694684611	0.37988090242561057	0.3531861769251239	0.3190961471051955	0.2793074873894713
142.0	-15.0	-5.5	0.11283088201193933	0.19601301208372923	0.27913789111700776	0.34526561536412137	0.397831988022199	0.4501364026656064	0.516939624023621	0.6118904265287823	0.7349421642190934	0.4482543499002957	0.4317507885806512	0.42610691588547955	0.4210965786682155	0.4070313354038486	0.37817324600096114	0.32972981735738743	0.25810442201171685	0.16815144068266444
143.0	-15.0	-5.5	0.10528292955757033	0.1701138330812323	0.2263276284660871	0.2652479831159541	0.29332713967808816	0.3193498547010049	0.3485889879164666	0.38309342112258393	0.4208088369775898	0.5004156261750708	0.4985690242937221	0.49532952764256305	0.4882323420471281	0.47749480460573573	0.4627571926732438	0.44295284179294037	0.41748401681251035	0.388044880866643
144.0	-15.0	-5.5	0.11492072997686054	0.19928919690994804	0.28120677641373537	0.34221755365119216	0.38422628630934613	0.4195166301344781	0.4582499586963302	0.5055359975938576	0.560106713967981	0.449385360066957	0.4312730320828565	0.4225485956109988	0.41422580383243973	0.4001457694684609	0.3798809024256105	0.3531861769251239	0.3190961471051955	0.27930748738947137
145.0	-15.0	-5.5	0.12650348177958853	0.2405847880219103	0.368970281662747	0.47785897736341604	0.5608939384149693	0.6342187732726561	0.713275887826035	0.8021403784534978	0.8885536343117578	0.33672967807968696	0.28503172117859354	0.2509051627917006	0.22640380956608502	0.20235504797586676	0.1729652855268199	0.13552424316772838	0.09176766679525138	0.049219756825996136
146.0	-15.0	-5.5	0.12650348177958853	0.24058478802191033	0.3689702816627471	0.4778589773634161	0.5608939384149694	0.6342187732726562	0.7132758878260351	0.8021403784534978	0.8885536343117578	0.3367296780796868	0.2850317211785935	0.2509051627917006	0.22640380956608497	0.20235504797586673	0.17296528552681983	0.1355242431677283	0.09176766679525131	0.04921975682599605
147.0	-15.0	-5.5	0.1265034817795885	0.24058478802191025	0.368970281662747	0.47785897736341604	0.5608939384149693	0.6342187732726561	0.713275887826035	0.8021403784534978	0.8885536343117578	0.33672967807968696	0.2850317211785934	0.2509051627917005	0.22640380956608486	0.2023550479758666	0.17296528552681972	0.1355242431677282	0.09176766679525122	0.049219756825996004
148.0	-15.0	-5.5	0.12650348177958856	0.24058478802191036	0.36897028166274715	0.4778589773634163	0.5608939384149697	0.6342187732726566	0.7132758878260355	0.8021403784534982	0.888553634311758	0.33672967807968673	0.28503172117859343	0.25090516279170055	0.22640380956608494	0.20235504797586665	0.17296528552681978	0.13552424316772824	0.09176766679525122	0.049219756825995976
149.0	-15.0	-5.5	0.12650348177958856	0.2405847880219103	0.368970281662747	0.4778589773634161	0.5608939384149694	0.6342187732726562	0.7132758878260351	0.802140378453498	0.888553634311758	0.33672967807968684	0.28503172117859343	0.2509051627917006	0.22640380956608497	0.20235504797586668	0.17296528552681978	0.1355242431677283	0.09176766679525127	0.049219756825996025
150.0	-15.0	-5.5	0.12650348177958853	0.24058478802191033	0.3689702816627471	0.4778589773634162	0.5608939384149695	0.6342187732726564	0.7132758878260353	0.8021403784534982	0.8885536343117582	0.33672967807968684	0.2850317211785935	0.2509051627917006	0.22640380956608502	0.20235504797586673	0.17296528552681983	0.13552424316772832	0.09176766679525131	0.04921975682599605
151.0	-15.0	-5.5	0.12650348177958856	0.24058478802191033	0.3689702816627471	0.4778589773634162	0.5608939384149695	0.6342187732726562	0.7132758878260351	0.802140378453498	0.888553634311758	0.3367296780796868	0.2850317211785935	0.25090516279170066	0.2264038095660851	0.20235504797586681	0.17296528552681997	0.13552424316772843	0.09176766679525139	0.04921975682599613
152.0	-15.0	-5.5	0.12650348177958853	0.2405847880219103	0.368970281662747	0.4778589773634161	0.5608939384149694	0.6342187732726562	0.713275887826035	0.8021403784534978	0.8885536343117578	0.3367296780796868	0.28503172117859343	0.2509051627917005	0.22640380956608483	0.20235504797586656	0.17296528552681967	0.13552424316772815	0.09176766679525118	0.04921975682599595
153.0	-15.0	-5.5	0.12642242542610366	0.2403628370833118	0.3685837127627513	0.4774174124573806	0.5604662040207705	0.633800190150966	0.7130079269378974	0.8019052473949447	0.8884678018597777	0.31939145288480125	0.2748540447111802	0.2458634238674582	0.22404368065437452	0.20119040768168772	0.172409485178015	0.13532278725732821	0.09176677907912932	0.049234303285277774
154.0	-15.0	-5.5	0.12642242542610369	0.2403628370833119	0.36858371276275154	0.47741741245738073	0.5604662040207706	0.6338001901509662	0.7130079269378978	0.8019052473949452	0.8884678018597783	0.3193914528848012	0.27485404471118036	0.24586342386745833	0.22404368065437463	0.20119040768168786	0.17240948517801508	0.1353227872573283	0.09176677907912936	0.0492343032852778
155.0	-15.0	-5.5	0.12642242542610369	0.2403628370833119	0.36858371276275154	0.47741741245738073	0.5604662040207706	0.6338001901509662	0.7130079269378978	0.8019052473949452	0.8884678018597784	0.3193914528848012	0.27485404471118036	0.24586342386745833	0.22404368065437466	0.20119040768168786	0.1724094851780151	0.13532278725732827	0.09176677907912936	0.04923430328527778
156.0	-15.0	-5.5	0.12642242542610366	0.24036283708331185	0.36858371276275154	0.47741741245738073	0.5604662040207706	0.6338001901509661	0.7130079269378977	0.8019052473949451	0.888467801859778	0.3193914528848012	0.2748540447111802	0.24586342386745813	0.22404368065437447	0.20119040768168772	0.17240948517801494	0.13532278725732813	0.09176677907912925	0.04923430328527774
157.0	-15.0	-5.5	0.12642242542610369	0.2403628370833119	0.36858371276275154	0.47741741245738084	0.5604662040207707	0.6338001901509663	0.7130079269378978	0.8019052473949454	0.8884678018597784	0.31939145288480136	0.27485404471118036	0.24586342386745835	0.22404368065437466	0.20119040768168786	0.17240948517801508	0.1353227872573283	0.09176677907912935	0.0492343032852778
158.0	-15.0	-5.5	0.12642242542610366	0.24036283708331185	0.3685837127627515	0.4774174124573807	0.5604662040207706	0.6338001901509661	0.7130079269378977	0.8019052473949451	0.888467801859778	0.3193914528848011	0.2748540447111803	0.24586342386745824	0.22404368065437458	0.2011904076816878	0.17240948517801505	0.13532278725732827	0.09176677907912936	0.0492343032852778
159.0	-15.0	-5.5	0.1264224254261037	0.2403628370833119	0.36858371276275154	0.47741741245738084	0.5604662040207707	0.6338001901509663	0.7130079269378978	0.8019052473949454	0.8884678018597785	0.31939145288480136	0.27485404471118047	0.24586342386745846	0.22404368065437485	0.20119040768168803	0.17240948517801524	0.1353227872573284	0.09176677907912947	0.0492343032852779
160.0	-15.0	-5.5	0.12642242542610366	0.2403628370833118	0.3685837127627513	0.47741741245738045	0.5604662040207703	0.6338001901509658	0.7130079269378972	0.8019052473949446	0.8884678018597776	0.31939145288480125	0.2748540447111802	0.2458634238674582	0.22404368065437455	0.20119040768168778	0.17240948517801497	0.13532278725732821	0.09176677907912928	0.04923430328527776
161.0	-15.0	-5.5	0.1259102342301135	0.24003174043117279	0.3693349617714666	0.47928419984857074	0.5628654561054366	0.6362496647732894	0.7152132135646487	0.8035634277097276	0.889378265479154	0.3164759294730667	0.2715192692280833	0.2422727905314554	0.22086280826808502	0.19866087487773562	0.1704096025226097	0.13375178080346384	0.09067367909912288	0.04866227570466559
162.0	-15.0	-5.5	0.12595068337126808	0.24023624039789118	0.3697780266287421	0.4798446145279919	0.5633896560978674	0.6366725863139803	0.7155700619676008	0.8037929673783355	0.88951253619143	0.3240021470696597	0.2765481859148224	0.24503799162794765	0.2223159491061573	0.1994497182685993	0.17080682983574055	0.13387306931702908	0.09065785072668339	0.048616129329452924
163.0	-15.0	-5.5	0.12595068337126808	0.24023624039789118	0.3697780266287421	0.4798446145279918	0.5633896560978673	0.6366725863139802	0.7155700619676008	0.8037929673783354	0.8895125361914298	0.32400214706965974	0.2765481859148224	0.24503799162794773	0.22231594910615735	0.19944971826859936	0.17080682983574064	0.13387306931702916	0.09065785072668343	0.04861612932945299
164.0	-15.0	-5.5	0.12591023423011347	0.24003174043117273	0.3693349617714666	0.47928419984857057	0.5628654561054364	0.6362496647732891	0.7152132135646485	0.8035634277097271	0.8893782654791537	0.3164759294730665	0.2715192692280831	0.24227279053145526	0.22086280826808485	0.19866087487773548	0.17040960252260956	0.1337517808034637	0.09067367909912279	0.04866227570466551
165.0	-15.0	-5.5	0.12591023423011347	0.24003174043117273	0.3693349617714665	0.47928419984857057	0.5628654561054365	0.6362496647732891	0.7152132135646485	0.8035634277097272	0.8893782654791538	0.3164759294730666	0.27151926922808334	0.24227279053145542	0.22086280826808505	0.19866087487773565	0.17040960252260978	0.13375178080346395	0.09067367909912297	0.048662275704665664
166.0	-15.0	-5.5	0.12591023423011347	0.24003174043117279	0.3693349617714666	0.47928419984857074	0.5628654561054367	0.6362496647732894	0.7152132135646486	0.8035634277097273	0.8893782654791541	0.31647592947306663	0.27151926922808334	0.24227279053145542	0.22086280826808502	0.19866087487773562	0.17040960252260973	0.13375178080346387	0.0906736790991229	0.048662275704665595
167.0	-15.0	-5.5	0.12595068337126802	0.24023624039789115	0.36977802662874204	0.47984461452799165	0.5633896560978671	0.6366725863139799	0.7155700619676006	0.8037929673783348	0.8895125361914296	0.3240021470696595	0.27654818591482216	0.24503799162794745	0.22231594910615704	0.19944971826859903	0.17080682983574036	0.13387306931702894	0.09065785072668323	0.0486161293294528
168.0	-15.0	-5.5	0.125950683371268	0.24023624039789107	0.3697780266287419	0.4798446145279915	0.563389656097867	0.6366725863139798	0.7155700619676005	0.8037929673783348	0.8895125361914292	0.32400214706965946	0.27654818591482216	0.24503799162794745	0.222315949106157	0.19944971826859909	0.17080682983574033	0.13387306931702891	0.09065785072668323	0.0486161293294528
169.0	-15.0	-5.5	0.12595068337126808	0.24023624039789124	0.3697780266287422	0.4798446145279919	0.5633896560978674	0.6366725863139803	0.715570061967601	0.8037929673783355	0.88951253619143	0.32400214706965974	0.27654818591482244	0.24503799162794762	0.2223159491061572	0.19944971826859925	0.17080682983574053	0.13387306931702908	0.09065785072668334	0.04861612932945288
170.0	-15.0	-5.5	0.12591023423011347	0.24003174043117273	0.3693349617714666	0.4792841998485707	0.5628654561054365	0.6362496647732894	0.7152132135646487	0.8035634277097276	0.8893782654791541	0.3164759294730665	0.27151926922808334	0.24227279053145542	0.22086280826808505	0.19866087487773562	0.17040960252260978	0.1337517808034639	0.09067367909912293	0.04866227570466563
171.0	-15.0	-5.5	0.12591023423011347	0.24003174043117279	0.3693349617714666	0.47928419984857074	0.5628654561054366	0.6362496647732894	0.7152132135646486	0.8035634277097273	0.8893782654791541	0.3164759294730666	0.27151926922808334	0.24227279053145545	0.22086280826808502	0.19866087487773562	0.1704096025226097	0.13375178080346384	0.09067367909912286	0.04866227570466555
172.0	-15.0	-5.5	0.12595068337126808	0.24023624039789118	0.36977802662874204	0.4798446145279917	0.5633896560978672	0.63667258631398	0.7155700619676006	0.8037929673783352	0.8895125361914297	0.3240021470696596	0.27654818591482233	0.2450379916279476	0.2223159491061572	0.19944971826859925	0.17080682983574053	0.13387306931702908	0.09065785072668336	0.0486161293294529
173.0	-15.0	-5.5	0.12595068337126814	0.2402362403978913	0.3697780266287422	0.4798446145279919	0.5633896560978675	0.6366725863139804	0.7155700619676011	0.8037929673783356	0.8895125361914301	0.3240021470696597	0.27654818591482233	0.24503799162794765	0.2223159491061572	0.19944971826859922	0.17080682983574053	0.13387306931702905	0.09065785072668334	0.04861612932945286
174.0	-15.0	-5.5	0.1259102342301135	0.2400317404311728	0.36933496177146674	0.4792841998485709	0.5628654561054369	0.6362496647732897	0.7152132135646491	0.8035634277097279	0.8893782654791543	0.3164759294730665	0.2715192692280834	0.24227279053145534	0.22086280826808496	0.1986608748777356	0.17040960252260967	0.13375178080346378	0.09067367909912284	0.04866227570466554
175.0	-15.0	-5.5	0.1259506833712681	0.24023624039789127	0.36977802662874226	0.479844614527992	0.5633896560978675	0.6366725863139804	0.7155700619676011	0.8037929673783356	0.8895125361914301	0.3240021470696598	0.2765481859148225	0.24503799162794773	0.22231594910615735	0.1994497182685994	0.17080682983574064	0.13387306931702916	0.09065785072668342	0.04861612932945296
176.0	-15.0	-5.5	0.12591023423011347	0.24003174043117279	0.3693349617714667	0.47928419984857074	0.5628654561054367	0.6362496647732896	0.715213213564649	0.8035634277097277	0.8893782654791541	0.3164759294730666	0.2715192692280833	0.24227279053145537	0.220862808268085	0.19866087487773557	0.17040960252260967	0.1337517808034638	0.09067367909912284	0.04866227570466555
177.0	-15.0	-5.5	0.14330801971106402	0.3020679856000348	0.5033627315721461	0.6841467084308208	0.8119340558288449	0.8934168748324116	0.9434007576310269	0.9706644773954805	0.9845801235894031	0.18566173120906032	0.10559361668138059	0.053351781240876986	0.026484495107686183	0.01325263293436285	0.0055861415590142335	0.0014562374425530203	0.00017526378178036908	3.112292136249999e-5
178.0	-15.0	-5.5	0.14331121357660107	0.3020722477996746	0.5033640926526864	0.684141835222709	0.8119269427752875	0.8934122671011483	0.9434011806379226	0.970663195990069	0.9845803097061118	0.1854123195156723	0.10539448781014825	0.05328425974681071	0.026472097468069725	0.01325220541971509	0.005586912492877183	0.0014563059547689449	0.00017533308712468058	3.11395715956502e-5
179.0	-15.0	-5.5	0.14331121357660107	0.3020722477996747	0.5033640926526864	0.6841418352227092	0.8119269427752877	0.8934122671011485	0.9434011806379228	0.9706631959900693	0.984580309706112	0.1854123195156723	0.1053944878101483	0.053284259746810704	0.026472097468069736	0.013252205419715097	0.0055869124928771855	0.0014563059547689477	0.00017533308712468145	3.113957159565083e-5
180.0	-15.0	-5.5	0.14331121357660118	0.30207224779967484	0.5033640926526869	0.6841418352227098	0.8119269427752882	0.893412267101149	0.9434011806379233	0.9706631959900697	0.9845803097061124	0.1854123195156724	0.10539448781014835	0.05328425974681078	0.026472097468069788	0.013252205419715132	0.005586912492877202	0.0014563059547689525	0.0001753330871246823	3.1139571595651034e-5
181.0	-15.0	-5.5	0.14330801971106394	0.3020679856000346	0.503362731572146	0.6841467084308207	0.8119340558288448	0.8934168748324114	0.9434007576310268	0.9706644773954803	0.9845801235894028	0.18566173120906024	0.10559361668138058	0.053351781240876965	0.026484495107686183	0.013252632934362851	0.0055861415590142335	0.00145623744255302	0.0001752637817803689	3.11229213625e-5
182.0	-15.0	-5.5	0.14331121357660118	0.3020722477996748	0.5033640926526867	0.6841418352227093	0.8119269427752879	0.8934122671011486	0.943401180637923	0.9706631959900693	0.9845803097061121	0.1854123195156723	0.1053944878101483	0.053284259746810725	0.026472097468069743	0.013252205419715106	0.005586912492877184	0.0014563059547689449	0.00017533308712467885	3.113957159564925e-5
183.0	-15.0	-5.5	0.14331121357660118	0.30207224779967484	0.5033640926526868	0.6841418352227094	0.811926942775288	0.8934122671011487	0.9434011806379232	0.9706631959900698	0.9845803097061124	0.1854123195156724	0.10539448781014829	0.053284259746810746	0.026472097468069753	0.013252205419715113	0.0055869124928771925	0.0014563059547689496	0.00017533308712468177	3.113957159565087e-5
184.0	-15.0	-5.5	0.143308019711064	0.30206798560003467	0.5033627315721461	0.6841467084308208	0.8119340558288451	0.8934168748324117	0.9434007576310272	0.9706644773954807	0.9845801235894032	0.1856617312090602	0.10559361668138059	0.053351781240876986	0.0264844951076862	0.013252632934362858	0.005586141559014238	0.0014562374425530224	0.00017526378178036987	3.112292136250037e-5
185.0	-15.0	-5.5	0.1433112135766012	0.3020722477996749	0.5033640926526869	0.6841418352227098	0.8119269427752885	0.8934122671011491	0.9434011806379236	0.9706631959900698	0.9845803097061125	0.18541231951567239	0.10539448781014842	0.0532842597468108	0.02647209746806979	0.013252205419715134	0.005586912492877203	0.0014563059547689546	0.00017533308712468405	3.113957159565197e-5
186.0	-15.0	-5.5	0.14331121357660112	0.3020722477996748	0.5033640926526867	0.6841418352227094	0.8119269427752879	0.8934122671011486	0.943401180637923	0.9706631959900694	0.9845803097061122	0.18541231951567239	0.10539448781014832	0.05328425974681075	0.02647209746806977	0.013252205419715116	0.005586912492877193	0.0014563059547689486	0.00017533308712468129	3.113957159565061e-5
187.0	-15.0	-5.5	0.14331121357660112	0.3020722477996747	0.5033640926526864	0.6841418352227092	0.8119269427752877	0.8934122671011485	0.9434011806379229	0.9706631959900691	0.984580309706112	0.18541231951567236	0.10539448781014829	0.053284259746810725	0.026472097468069743	0.013252205419715106	0.005586912492877184	0.0014563059547689455	0.0001753330871246798	3.113957159564968e-5
188.0	-15.0	-5.5	0.143308019711064	0.30206798560003467	0.5033627315721461	0.6841467084308208	0.8119340558288449	0.8934168748324116	0.9434007576310269	0.9706644773954807	0.9845801235894032	0.1856617312090603	0.10559361668138059	0.053351781240876986	0.0264844951076862	0.013252632934362858	0.0055861415590142405	0.0014562374425530233	0.00017526378178037142	3.112292136250111e-5
189.0	-15.0	-5.5	0.1432598335317563	0.302038907917143	0.5033938577143288	0.6842561735021341	0.8120692947854912	0.8934927160467638	0.943286117790569	0.9707172376315613	0.9845577182309084	0.17160430293776038	0.09836633623914157	0.05043763657386503	0.025506127652941506	0.01294479415678997	0.00548126149778549	0.0014332959272502195	0.00016465475520343833	2.902117391738698e-5
190.0	-15.0	-5.5	0.14325983353175634	0.30203890791714305	0.503393857714329	0.6842561735021342	0.8120692947854912	0.893492716046764	0.9432861177905694	0.9707172376315615	0.9845577182309085	0.1716043029377605	0.09836633623914158	0.05043763657386505	0.02550612765294152	0.01294479415678998	0.005481261497785498	0.0014332959272502215	0.0001646547552034403	2.902117391738804e-5
191.0	-15.0	-5.5	0.1433682535420425	0.30211451815908275	0.5033468014440853	0.6840161658903265	0.8117640935130311	0.893355708376953	0.9435137765747326	0.9706111794680774	0.9845476756160533	0.19864266611125234	0.11201149788373063	0.05599406028569249	0.02741803864820677	0.01356351800818305	0.005695373791970898	0.001471919773255323	0.00018694625748809086	3.5316398721448353e-5
192.0	-15.0	-5.5	0.14336825354204247	0.30211451815908275	0.5033468014440854	0.6840161658903265	0.8117640935130312	0.8933557083769531	0.9435137765747328	0.9706111794680774	0.9845476756160533	0.19864266611125225	0.11201149788373051	0.05599406028569244	0.02741803864820675	0.013563518008183038	0.005695373791970887	0.0014719197732553178	0.00018694625748808742	3.5316398721446504e-5
