14	17	18	19	20	25	28	29	30	33	34	35	36	37	38	39	40	41	42	43	44	53	54	55	56	57	58	60	61	62	63	64	65	66	67	69	70	71	72	73	74	75	76	77	78	79	80	81	82	90	91	93	96	97	98	99	100	101	102	103	104	105	106	107	108	109	110	111	112	113	114	115	116	117	118	119	120	121	122	123	124	125	126	127	128	129	130	138	139	140	141	143	144	145	146	147	148	149	150	151	152	153	154	155	156	157	158	163	164	165	166
14	16	17	18	20	25	28	29	30	32	33	35	36	37	38	39	40	41	42	43	44	51	53	55	56	57	58	60	61	62	63	64	65	66	67	69	70	71	72	73	74	75	76	77	78	79	80	81	82	86	91	93	94	96	97	99	100	101	102	103	104	105	106	107	108	109	110	111	112	113	114	115	116	117	118	119	120	121	122	123	124	125	126	127	128	129	130	133	136	139	141	143	144	145	146	147	148	149	150	151	152	153	154	155	156	157	158	161	164	165	166
14	15	17	19	20	25	27	28	30	33	34	35	36	37	38	39	40	41	42	43	44	48	54	55	56	57	58	60	61	62	63	64	65	66	67	69	70	71	72	73	74	75	76	77	78	79	80	81	82	85	89	90	91	96	98	99	100	101	102	103	104	105	106	107	108	109	110	111	112	113	114	115	116	117	118	119	120	121	122	123	124	125	126	127	128	129	130	134	136	138	139	140	144	145	146	147	148	149	150	151	152	153	154	155	156	157	158	162	163	165	166
14	15	16	17	20	25	27	28	30	32	33	35	36	37	38	39	40	41	42	43	44	48	51	55	56	57	58	60	61	62	63	64	65	66	67	69	70	71	72	73	74	75	76	77	78	79	80	81	82	85	86	89	91	94	96	99	100	101	102	103	104	105	106	107	108	109	110	111	112	113	114	115	116	117	118	119	120	121	122	123	124	125	126	127	128	129	130	133	134	136	139	140	143	144	146	147	148	149	150	151	152	153	154	155	156	157	158	161	162	165	166
13	14	15	16	20	24	25	27	30	31	32	33	34	35	36	37	38	39	40	43	44	47	48	50	51	54	55	56	57	60	63	64	65	66	67	68	69	70	71	72	73	74	75	76	77	78	79	80	81	84	85	86	89	90	91	94	95	96	99	100	101	102	103	104	105	108	109	110	111	113	114	115	116	117	118	119	120	121	122	123	124	125	126	127	128	129	130	133	134	135	136	139	140	143	144	146	147	148	149	151	152	153	154	155	156	157	158	161	162	165	166
13	14	15	16	19	24	25	27	30	31	32	33	34	35	36	37	38	39	40	42	44	47	48	50	51	54	55	56	57	60	62	64	65	66	67	68	69	70	71	72	73	74	75	76	77	78	79	80	81	84	85	86	89	90	91	94	95	96	98	100	101	102	103	104	105	107	109	110	111	113	114	115	116	117	118	119	120	121	122	123	124	125	126	127	128	129	130	133	134	135	136	138	140	142	144	146	147	148	149	151	152	153	154	155	156	157	158	160	162	165	166
12	17	18	19	20	22	28	29	30	31	32	33	34	37	38	39	40	41	42	43	44	49	50	51	53	54	58	60	61	62	63	64	65	66	67	68	69	70	71	72	73	74	76	77	78	79	80	81	82	90	91	92	93	94	95	96	97	98	99	100	101	104	106	107	108	109	110	111	112	113	114	115	116	117	118	119	120	121	122	123	124	125	126	127	128	129	130	138	139	140	141	142	143	144	145	146	147	149	150	151	152	153	154	155	156	157	158	163	164	165	166
12	16	17	18	19	22	28	29	30	31	32	33	34	36	37	39	40	41	42	43	44	49	50	51	53	54	57	58	61	62	63	64	65	66	67	68	69	70	71	72	73	74	76	77	78	79	80	81	82	86	90	92	93	94	95	96	97	98	99	100	101	103	104	106	107	109	110	111	112	113	114	115	116	117	118	119	120	121	122	123	124	125	126	127	128	129	130	133	135	138	141	142	143	144	145	146	147	149	150	151	152	153	154	155	156	157	158	160	164	165	166
12	13	18	19	20	22	24	29	30	31	32	33	34	37	38	39	40	41	42	43	44	47	49	50	51	53	54	60	61	62	63	64	65	66	67	68	69	70	71	72	73	74	76	77	78	79	80	81	82	84	89	90	91	92	93	94	95	96	97	98	99	100	104	107	108	109	110	111	112	113	114	115	116	117	118	119	120	121	122	123	124	125	126	127	128	129	130	134	135	138	139	140	141	142	143	144	145	149	150	151	152	153	154	155	156	157	158	162	163	164	166
12	13	16	18	19	22	24	29	30	31	32	33	34	36	37	39	40	41	42	43	44	47	49	50	51	53	54	57	61	62	63	64	65	66	67	68	69	70	71	72	73	74	76	77	78	79	80	81	82	84	86	89	90	92	93	94	95	96	97	98	99	100	103	104	107	109	110	111	112	113	114	115	116	117	118	119	120	121	122	123	124	125	126	127	128	129	130	133	134	135	138	140	141	142	143	144	145	147	149	151	152	153	154	155	156	157	158	160	162	164	166
12	13	15	16	20	22	24	27	30	31	32	33	34	35	36	37	38	39	40	43	44	47	48	49	50	51	54	56	57	60	63	64	65	66	67	68	69	70	71	72	73	74	75	76	77	78	79	80	81	84	85	86	89	90	91	92	93	94	95	96	99	100	103	104	105	108	109	110	111	113	114	115	116	117	118	119	120	121	122	123	124	125	126	127	128	129	130	133	134	135	136	139	140	141	142	143	144	148	149	151	152	153	154	155	156	157	158	161	162	164	166
12	13	15	16	19	22	24	27	30	31	32	33	34	35	36	37	38	39	40	42	44	47	48	49	50	51	54	56	57	60	62	64	65	66	67	68	69	70	71	72	73	74	75	76	77	78	79	80	81	84	85	86	89	90	91	92	93	94	95	96	98	100	103	104	105	107	109	110	111	113	114	115	116	117	118	119	120	121	122	123	124	125	126	127	128	129	130	133	134	135	136	138	140	141	142	143	144	147	149	151	152	153	154	155	156	157	158	160	162	164	166
11	14	15	16	20	23	25	26	27	28	29	30	32	35	36	37	38	39	40	43	44	46	48	49	51	53	55	56	57	58	59	60	61	62	63	64	65	66	69	72	73	74	75	76	77	78	79	80	81	83	85	86	88	89	91	93	94	96	99	100	101	102	103	104	105	106	107	108	109	110	111	112	113	114	115	116	117	118	119	122	123	125	126	127	128	129	130	132	133	134	136	139	140	143	144	146	147	148	149	150	151	152	153	154	155	156	158	161	162	165	166
11	14	15	16	18	23	25	26	27	28	29	30	32	35	36	37	38	39	40	41	43	46	48	49	51	53	55	56	57	58	59	60	61	62	63	64	65	66	69	70	73	74	75	76	77	78	79	80	81	83	85	86	88	89	91	93	94	96	97	99	101	102	103	104	105	106	107	108	109	110	111	112	113	114	115	116	117	118	119	120	122	125	126	127	128	129	130	132	133	134	136	137	139	141	143	146	147	148	149	150	151	152	153	154	155	156	158	159	161	165	166
11	12	13	16	19	22	23	24	26	28	29	30	31	32	33	34	36	39	40	42	44	46	47	49	50	51	52	53	54	55	57	58	61	62	63	64	65	66	67	68	69	70	71	72	74	78	79	80	81	83	84	86	87	89	90	92	93	94	95	96	97	98	99	100	101	103	104	107	109	110	111	112	113	114	115	116	117	118	119	120	121	122	123	124	126	128	130	131	133	134	135	138	140	141	142	143	144	145	147	149	151	152	153	154	155	156	157	160	162	164	166
11	12	13	16	17	22	23	24	26	28	29	30	31	32	33	34	36	39	40	41	42	46	47	49	50	51	52	53	54	55	57	58	61	62	63	64	65	66	67	68	69	70	71	72	74	76	79	80	81	83	84	86	87	89	90	92	93	94	95	96	97	98	99	100	101	103	104	106	107	110	111	112	113	114	115	116	117	118	119	120	121	122	123	124	125	126	130	131	133	134	135	137	138	141	142	143	144	145	146	147	151	152	153	154	155	156	157	159	160	164	166
10	17	18	19	20	21	25	26	27	28	29	33	34	37	38	39	40	41	42	43	44	46	47	48	53	54	55	56	57	58	59	60	61	62	63	67	69	70	71	72	73	74	76	77	78	79	80	81	82	87	88	89	90	91	93	96	97	98	99	100	101	102	103	104	105	106	107	108	109	110	111	112	113	114	118	119	120	121	122	123	124	125	126	127	128	129	130	137	138	139	140	141	143	144	145	146	147	148	149	150	151	152	153	154	156	157	158	163	164	165	166
10	15	17	18	19	21	25	26	27	28	29	33	34	35	37	38	39	41	42	43	44	46	47	48	53	54	55	56	57	58	59	60	61	62	63	65	67	70	71	72	73	74	76	77	78	79	80	81	82	85	87	88	89	90	91	93	97	98	99	100	101	102	103	104	105	106	107	108	109	110	111	112	113	114	115	118	119	120	121	122	124	125	126	127	128	129	130	132	134	137	138	139	140	141	145	146	147	148	149	150	151	152	153	154	156	157	158	159	163	165	166
10	12	13	16	19	21	22	24	25	26	27	30	31	32	33	34	36	39	40	42	44	45	46	47	48	49	50	51	54	55	56	57	58	60	62	64	65	66	67	68	69	70	71	72	74	78	79	80	81	83	84	85	86	87	89	90	91	92	93	94	95	96	98	100	101	103	104	105	107	109	110	111	113	114	115	116	117	118	119	120	121	122	123	124	126	128	130	131	133	134	135	136	138	140	141	142	143	144	147	149	151	152	153	154	155	156	157	160	162	164	166
10	12	13	14	19	21	22	24	25	26	27	30	31	32	33	34	35	36	39	42	44	45	46	47	48	49	50	51	54	55	56	57	58	60	62	64	65	66	67	68	69	70	71	72	73	74	78	79	81	83	84	85	86	87	89	90	91	92	93	94	95	96	98	100	101	102	103	104	105	107	109	110	113	114	115	116	117	118	119	120	121	122	123	124	125	126	128	131	132	133	134	135	136	138	140	141	142	144	146	147	149	152	153	154	155	156	157	159	160	162	166
10	11	18	19	20	21	23	25	26	27	28	29	34	37	38	39	40	41	42	43	44	46	47	48	49	53	54	55	56	57	58	59	60	61	62	63	69	70	71	72	73	74	76	77	78	79	80	81	82	83	87	88	89	90	91	93	94	96	97	98	99	100	101	102	103	104	105	106	107	108	109	110	111	112	114	118	119	120	122	123	124	125	126	127	128	129	130	132	133	137	138	139	140	141	143	144	145	146	147	148	149	150	151	154	156	157	158	161	163	164	165
10	11	15	18	19	21	23	25	26	27	28	29	34	35	37	38	39	41	42	43	44	46	47	48	49	53	54	55	56	57	58	59	60	61	62	63	65	70	71	72	73	74	76	77	78	79	80	81	82	83	85	87	88	89	90	91	93	94	97	98	99	100	101	102	103	104	105	106	107	108	109	110	111	112	114	115	118	119	120	122	124	125	126	127	128	129	130	132	133	134	137	138	139	140	141	143	145	146	147	148	149	150	151	152	154	156	158	159	161	163	165
10	11	15	16	20	21	23	25	26	27	28	29	32	35	36	37	38	39	40	43	44	46	47	48	49	51	53	55	56	57	58	59	60	61	62	63	65	66	69	72	73	74	75	76	77	78	79	80	81	83	85	86	87	88	89	90	91	93	94	96	99	100	101	102	103	104	105	106	107	108	109	110	111	112	114	115	117	118	119	122	123	125	126	127	128	129	130	132	133	134	136	137	138	139	140	143	144	146	147	148	149	150	151	154	155	156	158	161	162	163	165
10	11	15	16	18	21	23	25	26	27	28	29	32	35	36	37	38	39	40	41	43	46	47	48	49	51	53	55	56	57	58	59	60	61	62	63	65	66	69	70	73	74	75	76	77	78	79	80	81	83	85	86	87	88	89	90	91	93	94	96	97	99	101	102	103	104	105	106	107	108	109	110	111	112	114	115	117	118	119	120	122	125	126	127	128	129	130	132	133	134	136	137	138	139	140	141	143	146	147	148	149	150	151	152	154	156	158	159	161	163	165
10	11	13	15	18	21	23	24	25	26	27	28	29	31	33	34	35	37	38	41	43	46	47	48	49	50	52	53	54	55	56	57	58	59	60	61	62	63	64	65	67	70	71	72	73	76	77	78	80	83	84	85	87	88	89	90	91	92	93	94	97	98	99	100	101	102	103	104	105	106	107	108	109	110	111	112	113	114	115	118	119	120	122	124	125	127	129	131	132	133	134	137	138	139	140	141	143	145	146	147	148	149	150	151	152	154	156	159	161	163	165
10	11	13	15	17	21	23	24	25	26	27	28	29	31	33	34	35	37	38	41	42	46	47	48	49	50	52	53	54	55	56	57	58	59	60	61	62	63	64	65	67	70	71	72	73	76	77	78	79	83	84	85	87	88	89	90	91	92	93	94	97	98	99	100	101	102	103	104	105	106	107	108	109	110	111	112	113	114	115	118	119	120	121	124	125	126	129	131	132	133	134	137	138	139	140	141	142	145	146	147	148	149	150	151	152	153	156	159	160	163	165
10	11	12	15	18	21	22	23	25	26	27	28	29	30	31	32	35	37	38	41	43	45	46	47	48	49	50	51	53	55	56	57	58	59	60	61	62	63	64	65	66	67	69	70	73	76	77	78	80	83	84	85	86	87	88	89	90	91	92	93	94	96	97	99	101	102	103	104	105	106	107	108	109	110	111	112	113	114	115	117	118	119	120	122	125	127	129	131	132	133	134	136	137	138	139	140	141	143	146	147	148	149	150	151	152	154	156	159	161	163	165
10	11	12	14	18	21	22	23	25	26	27	28	29	30	31	32	35	36	37	41	43	45	46	47	48	49	50	51	53	55	56	57	58	59	60	61	62	63	64	65	66	67	69	70	73	74	76	77	80	83	84	85	86	87	88	89	90	91	92	93	94	96	97	99	101	102	103	104	105	106	107	108	109	110	111	112	113	114	115	116	117	118	120	122	125	126	127	131	132	133	134	135	136	137	138	139	141	143	146	147	148	149	150	151	152	153	154	159	160	161	165
9	17	18	19	20	21	22	23	24	28	29	33	34	37	38	39	40	41	42	43	44	46	47	48	49	50	51	52	53	54	58	60	61	62	63	67	69	70	71	72	73	74	76	77	78	79	80	81	82	87	88	89	90	91	92	93	94	95	96	97	98	99	100	101	104	106	107	108	109	110	111	112	113	114	118	119	120	121	122	123	124	125	126	127	128	129	130	137	138	139	140	141	142	143	144	145	146	147	149	150	151	152	153	154	156	157	158	163	164	165	166
9	14	15	16	20	21	22	23	24	25	27	30	32	35	36	37	38	39	40	43	44	45	46	47	48	49	50	51	53	54	55	56	57	60	63	64	65	66	69	72	73	74	75	76	77	78	79	80	81	83	84	85	86	88	89	90	91	93	94	95	96	99	100	101	102	103	104	105	108	109	110	111	113	114	115	116	117	118	119	122	123	125	126	127	128	129	130	132	133	134	135	136	139	140	143	144	146	147	148	149	151	152	153	154	155	156	158	161	162	165	166
9	13	17	18	20	21	22	23	24	28	29	31	33	34	37	38	40	41	42	43	44	46	47	48	49	50	51	52	53	54	58	60	61	62	63	64	67	69	70	71	72	73	76	77	78	79	80	81	82	84	87	88	89	90	91	92	93	94	95	96	97	98	99	100	101	106	107	108	109	110	111	112	113	114	115	118	119	120	121	122	123	124	125	126	127	129	130	131	134	137	138	139	140	141	142	143	144	145	146	150	151	152	153	154	156	157	158	159	163	164	166
9	12	14	15	20	21	22	23	24	25	27	30	31	32	35	36	37	38	40	43	44	45	46	47	48	49	50	51	53	54	55	56	57	60	63	64	65	66	67	69	72	73	74	75	76	77	78	80	81	83	84	85	86	88	89	90	91	92	93	94	95	96	99	100	101	102	103	104	105	108	109	111	113	114	115	116	117	118	119	120	122	123	125	126	127	128	129	131	132	133	134	135	136	139	140	141	143	144	146	148	149	152	153	154	155	156	158	159	161	162	166
9	11	17	19	20	21	22	23	24	26	28	29	33	34	38	39	40	41	42	43	44	46	47	48	49	50	51	52	53	54	55	58	60	61	62	63	67	69	70	71	72	74	76	77	78	79	80	81	82	83	87	88	89	90	91	92	93	94	95	96	97	98	99	100	101	103	104	106	107	108	109	110	111	112	113	118	119	120	121	122	123	124	125	126	128	129	130	131	133	137	138	139	140	141	142	143	144	145	146	147	149	150	151	153	156	157	158	160	163	164	165
9	11	13	17	20	21	22	23	24	26	28	29	31	33	34	38	40	41	42	43	44	46	47	48	49	50	51	52	53	54	55	58	60	61	62	63	64	67	69	70	71	72	76	77	78	79	80	81	82	83	84	87	88	89	90	91	92	93	94	95	96	97	98	99	100	101	103	106	107	108	109	110	111	112	113	115	118	119	120	121	122	123	124	125	126	129	130	131	133	134	137	138	139	140	141	142	143	144	145	146	147	150	151	152	153	156	157	159	160	163	164
9	11	13	16	19	21	22	23	24	26	28	29	31	32	33	34	36	39	40	42	44	46	47	48	49	50	51	52	53	54	55	57	58	61	62	63	64	66	67	68	69	70	71	72	74	78	79	80	81	83	84	86	87	88	89	90	91	92	93	94	95	96	97	98	99	100	101	103	104	107	109	110	111	112	113	115	116	118	119	120	121	122	123	124	126	128	130	131	133	134	135	137	138	139	140	141	142	143	144	145	147	149	151	153	155	156	157	160	162	163	164
9	11	13	16	17	21	22	23	24	26	28	29	31	32	33	34	36	39	40	41	42	46	47	48	49	50	51	52	53	54	55	57	58	61	62	63	64	66	67	68	69	70	71	72	74	76	79	80	81	83	84	86	87	88	89	90	91	92	93	94	95	96	97	98	99	100	101	103	104	106	107	110	111	112	113	115	116	118	119	120	121	122	123	124	125	126	130	131	133	134	135	137	138	139	140	141	142	143	144	145	146	147	151	152	153	156	157	159	160	163	164
9	11	13	15	18	21	22	23	24	26	27	28	29	31	33	34	35	37	38	41	43	46	47	48	49	50	51	52	53	54	55	56	58	59	60	61	62	63	64	65	67	70	71	72	73	76	77	78	80	83	84	85	87	88	89	90	91	92	93	94	95	96	97	98	99	100	101	102	103	106	107	108	109	110	111	112	113	114	115	118	119	120	122	124	125	127	129	131	132	133	134	137	138	139	140	141	142	143	144	145	146	148	150	151	152	154	156	159	161	163	164
9	11	13	15	17	21	22	23	24	26	27	28	29	31	33	34	35	37	38	41	42	46	47	48	49	50	51	52	53	54	55	56	58	59	60	61	62	63	64	65	67	70	71	72	73	76	77	78	79	83	84	85	87	88	89	90	91	92	93	94	95	96	97	98	99	100	101	102	103	106	107	108	109	110	111	112	113	114	115	118	119	120	121	124	125	126	129	131	132	133	134	137	138	139	140	141	142	143	144	145	146	147	150	151	152	153	156	159	160	163	164
9	11	13	14	17	21	22	23	24	25	26	28	29	30	31	33	34	35	36	41	42	45	46	47	48	49	50	51	52	53	54	55	56	57	58	61	62	63	64	65	66	67	70	71	72	73	74	76	79	83	84	85	86	87	88	89	90	91	92	93	94	95	96	97	98	99	100	101	102	103	104	106	107	110	111	112	113	114	115	116	118	119	120	121	124	125	126	131	132	133	134	135	137	138	139	140	141	142	143	144	145	146	147	151	152	153	156	159	160	163	164
9	11	12	14	17	21	22	23	24	25	26	28	29	30	31	32	33	35	36	41	42	45	46	47	48	49	50	51	52	53	54	55	56	57	58	61	62	63	64	65	66	67	69	70	71	73	74	76	79	83	84	85	86	87	88	89	90	91	92	93	94	95	96	97	98	99	100	101	102	103	104	106	107	110	111	112	113	114	115	116	117	118	120	121	122	125	126	131	132	133	134	135	136	137	138	139	141	142	143	144	145	146	147	151	152	153	154	159	160	161	164
9	10	14	16	20	21	22	23	24	25	26	27	30	32	35	36	38	39	40	43	44	45	46	47	48	49	50	51	53	54	55	56	57	58	60	63	64	65	66	69	72	73	74	75	77	78	79	80	81	83	84	85	86	87	88	89	90	91	93	94	95	96	99	100	101	102	103	104	105	107	108	109	110	111	113	114	115	116	117	119	122	123	125	126	127	128	130	131	132	133	134	135	136	138	139	140	143	144	146	147	148	149	151	153	154	155	158	160	161	162	165
9	10	13	14	17	21	22	23	24	25	26	27	28	30	31	33	34	35	36	41	42	45	46	47	48	49	50	51	52	53	54	55	56	57	58	60	61	62	64	65	66	67	70	71	72	73	74	76	79	83	84	85	86	87	88	89	90	91	92	93	94	95	96	97	98	99	100	101	102	103	104	105	106	107	109	110	113	114	115	116	118	119	120	121	124	125	126	131	132	133	134	135	136	137	138	139	140	141	142	144	145	146	147	149	152	153	156	159	160	162	163
9	10	12	16	19	21	22	23	24	25	26	27	30	31	32	34	36	39	40	42	44	45	46	47	48	49	50	51	53	54	55	56	57	58	60	62	64	65	66	67	68	69	71	72	74	78	79	80	81	83	84	85	86	87	88	89	90	91	92	93	94	95	96	98	99	100	101	103	104	105	107	109	110	111	113	114	115	116	117	119	120	121	122	123	126	128	130	131	132	133	134	135	136	138	139	140	141	142	143	144	147	149	151	153	154	155	157	160	161	162	164
9	10	12	15	18	21	22	23	24	25	26	27	29	30	31	32	35	37	38	41	43	45	46	47	48	49	50	51	53	54	55	56	57	58	59	60	61	63	64	65	66	67	69	70	73	76	77	78	80	83	84	85	86	87	88	89	90	91	92	93	94	95	96	97	99	100	101	102	103	104	105	106	107	108	109	111	113	114	115	117	118	119	120	122	125	127	129	131	132	133	134	135	136	137	138	139	140	141	143	144	146	148	149	150	152	154	156	159	161	162	163
9	10	12	14	20	21	22	23	24	25	26	27	30	31	32	35	36	38	40	43	44	45	46	47	48	49	50	51	53	54	55	56	57	58	60	63	64	65	66	67	69	72	73	74	75	77	78	80	81	83	84	85	86	87	88	89	90	91	92	93	94	95	96	99	100	101	102	103	104	105	107	108	109	111	113	114	115	116	117	119	120	122	123	125	126	127	128	131	132	133	134	135	136	138	139	140	141	143	144	146	147	148	149	152	153	154	155	159	160	161	162
9	10	12	14	19	21	22	23	24	25	26	27	30	31	32	34	35	36	39	42	44	45	46	47	48	49	50	51	53	54	55	56	57	58	60	62	64	65	66	67	68	69	71	72	73	74	78	79	81	83	84	85	86	87	88	89	90	91	92	93	94	95	96	98	99	100	101	102	103	104	105	107	109	110	113	114	115	116	117	119	120	121	122	123	125	126	128	131	132	133	134	135	136	138	139	140	141	142	143	144	146	147	149	152	153	154	155	159	160	161	162
9	10	12	14	18	21	22	23	24	25	26	27	29	30	31	32	35	36	37	41	43	45	46	47	48	49	50	51	53	54	55	56	57	58	59	60	61	63	64	65	66	67	69	70	73	74	76	77	80	83	84	85	86	87	88	89	90	91	92	93	94	95	96	97	99	100	101	102	103	104	105	106	107	108	109	111	113	114	115	116	117	118	120	122	125	126	127	131	132	133	134	135	136	137	138	139	140	141	143	144	146	147	148	149	152	153	154	159	160	161	162
9	10	12	14	17	21	22	23	24	25	26	27	28	30	31	32	33	35	36	41	42	45	46	47	48	49	50	51	52	53	54	55	56	57	58	60	61	62	64	65	66	67	69	70	71	73	74	76	79	83	84	85	86	87	88	89	90	91	92	93	94	95	96	97	98	99	100	101	102	103	104	105	106	107	109	110	113	114	115	116	117	118	120	121	122	125	126	131	132	133	134	135	136	137	138	139	140	141	142	143	144	146	147	149	152	153	154	159	160	161	162
14	16	17	18	19	25	28	29	30	32	33	34	35	36	37	39	40	41	42	43	44	51	53	54	55	56	57	58	61	62	63	64	65	66	67	68	69	70	71	72	73	74	75	76	77	78	79	80	81	82	86	90	93	94	95	96	97	98	99	100	101	102	103	104	105	106	107	109	110	111	112	113	114	115	116	117	118	119	120	121	122	123	124	125	126	127	128	129	130	133	135	138	141	142	143	144	145	146	147	148	149	150	151	152	153	154	155	156	157	158	160	164	165	166
14	15	17	18	19	25	27	28	29	30	33	34	35	36	37	38	39	41	42	43	44	48	53	54	55	56	57	58	59	60	61	62	63	64	65	66	67	70	71	72	73	74	75	76	77	78	79	80	81	82	85	88	89	90	91	93	97	98	99	100	101	102	103	104	105	106	107	108	109	110	111	112	113	114	115	116	117	118	119	120	121	122	124	125	126	127	128	129	130	132	134	137	138	139	140	141	145	146	147	148	149	150	151	152	153	154	155	156	157	158	159	163	165	166
14	15	16	17	19	25	27	28	30	32	33	34	35	36	37	38	39	40	41	42	44	48	51	54	55	56	57	58	60	61	62	64	65	66	67	68	69	70	71	72	73	74	75	76	77	78	79	80	81	82	85	86	89	90	91	94	95	96	98	100	101	102	103	104	105	106	107	109	110	111	112	113	114	115	116	117	118	119	120	121	122	123	124	125	126	127	128	129	130	133	134	135	136	138	140	142	144	146	147	148	149	150	151	152	153	154	155	156	157	158	160	162	165	166
14	15	16	17	18	25	27	28	29	30	32	33	35	36	37	38	39	40	41	42	43	48	51	53	55	56	57	58	59	60	61	62	63	64	65	66	67	69	70	71	73	74	75	76	77	78	79	80	81	82	85	86	88	89	91	93	94	96	97	99	101	102	103	104	105	106	107	108	109	110	111	112	113	114	115	116	117	118	119	120	121	122	124	125	126	127	128	129	130	132	133	134	136	137	139	141	143	146	147	148	149	150	151	152	153	154	155	156	157	158	159	161	165	166
13	14	15	19	20	24	25	27	30	31	33	34	35	36	37	38	39	40	42	43	44	47	48	50	54	55	56	57	60	62	63	64	65	66	67	68	69	70	71	72	73	74	75	76	77	78	79	80	81	82	84	85	89	90	91	95	96	98	99	100	101	102	103	104	105	107	108	109	110	111	112	113	114	115	116	117	118	119	120	121	122	123	124	125	126	127	128	129	130	134	135	136	138	139	140	144	145	146	147	148	149	150	151	152	153	154	155	156	157	158	162	163	165	166
12	16	17	18	20	22	28	29	30	31	32	33	36	37	38	39	40	41	42	43	44	49	50	51	53	57	58	60	61	62	63	64	65	66	67	68	69	70	71	72	73	74	75	76	77	78	79	80	81	82	86	91	92	93	94	95	96	97	99	100	101	103	104	105	106	107	108	109	110	111	112	113	114	115	116	117	118	119	120	121	122	123	124	125	126	127	128	129	130	133	136	139	141	142	143	144	145	146	147	148	149	150	151	152	153	154	155	156	157	158	161	164	165	166
12	13	17	18	20	22	24	28	29	30	31	32	33	34	37	38	40	41	42	43	44	47	49	50	51	52	53	54	58	60	61	62	63	64	65	66	67	68	69	70	71	72	73	76	77	78	79	80	81	82	84	87	89	90	91	92	93	94	95	96	97	98	99	100	101	106	107	108	109	110	111	112	113	114	115	116	117	118	119	120	121	122	123	124	125	126	127	129	130	131	134	137	138	139	140	141	142	143	144	145	146	150	151	152	153	154	155	156	157	158	159	163	164	166
12	13	16	18	20	22	24	29	30	31	32	33	34	36	37	38	39	40	41	43	44	47	49	50	51	53	54	57	60	61	63	64	65	66	67	68	69	70	71	72	73	74	75	76	77	78	79	80	81	82	84	86	89	90	91	92	93	94	95	96	97	99	100	103	104	105	108	109	110	111	112	113	114	115	116	117	118	119	120	121	122	123	124	125	126	127	128	129	130	133	134	135	136	139	140	141	142	143	144	145	148	149	151	152	153	154	155	156	157	158	161	162	164	166
12	13	16	17	18	22	24	28	29	30	31	32	33	34	36	37	39	40	41	42	43	47	49	50	51	52	53	54	57	58	61	62	63	64	65	66	67	68	69	70	71	72	73	74	76	77	79	80	81	82	84	86	87	89	90	92	93	94	95	96	97	98	99	100	101	103	104	106	107	110	111	112	113	114	115	116	117	118	119	120	121	122	123	124	125	126	127	129	130	131	133	134	135	137	138	141	142	143	144	145	146	147	151	152	153	154	155	156	157	158	159	160	164	166
12	13	15	19	20	22	24	27	30	31	32	33	34	35	37	38	39	40	42	43	44	47	48	49	50	51	54	56	60	62	63	64	65	66	67	68	69	70	71	72	73	74	75	76	77	78	79	80	81	82	84	85	89	90	91	92	93	94	95	96	98	99	100	104	105	107	108	109	110	111	112	113	114	115	116	117	118	119	120	121	122	123	124	125	126	127	128	129	130	134	135	136	138	139	140	141	142	143	144	145	149	150	151	152	153	154	155	156	157	158	162	163	164	166
12	13	14	15	20	22	24	25	27	30	31	32	33	34	35	36	37	38	40	43	44	45	47	48	49	50	51	54	55	56	57	60	63	64	65	66	67	68	69	70	71	72	73	74	75	76	77	78	80	81	83	84	85	86	89	90	91	92	93	94	95	96	99	100	101	102	103	104	105	108	109	111	113	114	115	116	117	118	119	120	121	122	123	124	125	126	127	128	129	131	132	133	134	135	136	139	140	141	143	144	146	148	149	152	153	154	155	156	157	158	159	161	162	166
12	13	14	15	19	22	24	25	27	30	31	32	33	34	35	36	37	38	39	42	44	45	47	48	49	50	51	54	55	56	57	60	62	64	65	66	67	68	69	70	71	72	73	74	75	76	77	78	79	81	83	84	85	86	89	90	91	92	93	94	95	96	98	100	101	102	103	104	105	107	109	110	113	114	115	116	117	118	119	120	121	122	123	124	125	126	127	128	129	131	132	133	134	135	136	138	140	141	142	144	146	147	149	152	153	154	155	156	157	158	159	160	162	166
11	14	16	18	20	23	25	26	28	29	30	32	35	36	37	38	39	40	41	43	44	46	49	51	53	55	56	57	58	59	60	61	62	63	64	65	66	69	70	72	73	74	75	76	77	78	79	80	81	82	83	86	88	91	93	94	96	97	99	100	101	102	103	104	105	106	107	108	109	110	111	112	113	114	115	116	117	118	119	120	122	123	124	125	126	127	128	129	130	132	133	136	139	141	143	144	145	146	147	148	149	150	151	152	153	154	155	156	157	158	161	164	165	166
11	12	16	17	19	22	23	26	28	29	30	31	32	33	34	36	39	40	41	42	44	46	49	50	51	52	53	54	55	57	58	61	62	63	64	65	66	67	68	69	70	71	72	74	76	78	79	80	81	82	83	86	87	90	92	93	94	95	96	97	98	99	100	101	103	104	106	107	109	110	111	112	113	114	115	116	117	118	119	120	121	122	123	124	125	126	128	129	130	131	133	135	138	141	142	143	144	145	146	147	149	150	151	152	153	154	155	156	157	158	160	164	165	166
11	12	14	15	18	22	23	25	26	27	28	29	30	31	32	35	36	37	38	41	43	45	46	48	49	50	51	53	55	56	57	58	59	60	61	62	63	64	65	66	67	69	70	73	74	75	76	77	78	80	83	84	85	86	88	89	91	92	93	94	96	97	99	101	102	103	104	105	106	107	108	109	110	111	112	113	114	115	116	117	118	119	120	122	125	126	127	128	129	131	132	133	134	136	137	139	141	143	146	147	148	149	150	151	152	153	154	155	156	158	159	161	165	166
11	12	13	14	17	22	23	24	25	26	28	29	30	31	32	33	34	35	36	41	42	45	46	47	49	50	51	52	53	54	55	56	57	58	61	62	63	64	65	66	67	68	69	70	71	72	73	74	76	79	83	84	85	86	87	89	90	92	93	94	95	96	97	98	99	100	101	102	103	104	106	107	110	111	112	113	114	115	116	117	118	119	120	121	122	123	124	125	126	131	132	133	134	135	137	138	141	142	143	144	145	146	147	151	152	153	154	155	156	157	159	160	164	166
10	15	17	19	20	21	25	26	27	28	33	34	35	37	38	39	40	41	42	43	44	46	47	48	54	55	56	57	58	59	60	61	62	63	65	67	69	70	71	72	73	74	75	76	77	78	79	80	81	82	85	87	88	89	90	91	96	98	99	100	101	102	103	104	105	106	107	108	109	110	111	112	113	114	115	117	118	119	120	121	122	123	124	125	126	127	128	129	130	134	136	137	138	139	140	144	145	146	147	148	149	150	151	152	153	154	155	156	157	158	162	163	165	166
10	13	15	17	18	21	24	25	26	27	28	29	31	33	34	35	37	38	41	42	43	46	47	48	50	52	53	54	55	56	57	58	59	60	61	62	63	64	65	67	70	71	72	73	76	77	78	79	80	82	84	85	87	88	89	90	91	92	93	97	98	99	100	101	102	103	104	105	106	107	108	109	110	111	112	113	114	115	118	119	120	121	122	124	125	126	127	129	130	131	132	134	137	138	139	140	141	145	146	147	148	149	150	151	152	153	154	156	157	158	159	163	165	166
10	13	14	16	19	21	24	25	26	27	30	31	32	33	34	35	36	39	40	42	44	45	46	47	48	50	51	54	55	56	57	58	60	62	64	65	66	67	68	69	70	71	72	73	74	75	78	79	80	81	83	84	85	86	87	89	90	91	94	95	96	98	100	101	102	103	104	105	107	109	110	111	113	114	115	116	117	118	119	120	121	122	123	124	125	126	127	128	130	131	133	134	135	136	138	140	142	144	146	147	148	149	151	152	153	154	155	156	157	158	160	162	165	166
10	12	13	14	17	21	22	24	25	26	27	28	30	31	32	33	34	35	36	41	42	45	46	47	48	49	50	51	52	54	55	56	57	58	60	61	62	64	65	66	67	68	69	70	71	72	73	74	76	79	83	84	85	86	87	89	90	91	92	93	94	95	96	97	98	100	101	102	103	104	105	106	107	109	110	113	114	115	116	117	118	119	120	121	122	123	124	125	126	131	132	133	134	135	136	137	138	140	141	142	144	146	147	149	152	153	154	155	156	157	159	160	162	166
10	11	17	19	20	21	23	25	26	27	28	29	33	34	38	39	40	41	42	43	44	46	47	48	49	52	53	54	55	56	57	58	59	60	61	62	63	67	69	70	71	72	74	76	77	78	79	80	81	82	83	87	88	89	90	91	92	93	94	96	97	98	99	100	101	102	103	104	105	106	107	108	109	110	111	112	113	118	119	120	121	122	123	124	125	126	128	129	130	131	133	137	138	139	140	141	142	143	144	145	146	147	148	149	150	151	153	156	157	158	160	163	164	165
10	11	16	18	20	21	23	25	26	27	28	29	32	36	37	38	39	40	41	43	44	46	47	48	49	51	53	55	56	57	58	59	60	61	62	63	66	69	70	72	73	74	75	76	77	78	79	80	81	82	83	86	87	88	89	90	91	93	94	96	97	99	100	101	102	103	104	105	106	107	108	109	110	111	112	114	117	118	119	120	122	123	124	125	126	127	128	129	130	132	133	136	137	138	139	140	141	143	144	145	146	147	148	149	150	151	154	156	157	158	161	163	164	165
10	11	15	19	20	21	23	25	26	27	28	29	34	35	37	38	39	40	42	43	44	46	47	48	49	53	54	55	56	57	58	59	60	61	62	63	65	69	71	72	73	74	75	76	77	78	79	80	81	82	83	85	87	88	89	90	91	93	94	96	98	99	100	101	102	103	104	105	106	107	108	109	110	111	112	114	115	117	118	119	122	123	124	125	126	127	128	129	130	132	133	134	136	137	138	139	140	143	144	145	146	147	148	149	150	151	154	155	156	158	161	162	163	165
10	11	15	17	19	21	23	25	26	27	28	29	33	34	35	37	38	39	41	42	44	46	47	48	49	52	53	54	55	56	57	58	59	60	61	62	63	65	67	70	71	72	73	74	76	77	78	79	81	82	83	85	87	88	89	90	91	92	93	94	97	98	99	100	101	102	103	104	105	106	107	108	109	110	111	112	113	114	115	118	119	120	121	124	125	126	128	129	130	131	132	133	134	137	138	139	140	141	142	145	146	147	148	149	150	151	152	153	156	158	159	160	163	165
10	11	14	16	20	21	23	25	26	27	28	29	30	32	35	36	38	39	40	43	44	45	46	47	48	49	51	53	55	56	57	58	59	60	61	62	63	64	65	66	69	72	73	74	75	77	78	79	80	81	83	84	85	86	87	88	89	90	91	93	94	96	99	100	101	102	103	104	105	106	107	108	109	110	111	112	113	114	115	116	117	119	122	123	125	126	127	128	130	131	132	133	134	135	136	138	139	140	143	144	146	147	148	149	150	151	153	154	155	158	160	161	162	165
10	11	14	16	18	21	23	25	26	27	28	29	30	32	35	36	37	39	40	41	43	45	46	47	48	49	51	53	55	56	57	58	59	60	61	62	63	64	65	66	69	70	73	74	75	76	77	79	80	81	83	84	85	86	87	88	89	90	91	93	94	96	97	99	101	102	103	104	105	106	107	108	109	110	111	112	113	114	115	116	117	118	120	122	125	126	127	128	130	131	132	133	134	135	136	137	138	139	141	143	146	147	148	149	150	151	152	153	154	158	159	160	161	165
10	11	13	14	17	21	23	24	25	26	27	28	29	30	31	33	34	35	36	41	42	45	46	47	48	49	50	52	53	54	55	56	57	58	59	60	61	62	63	64	65	66	67	70	71	72	73	74	76	79	83	84	85	86	87	88	89	90	91	92	93	94	97	98	99	100	101	102	103	104	105	106	107	108	109	110	111	112	113	114	115	116	118	119	120	121	124	125	126	131	132	133	134	135	137	138	139	140	141	142	145	146	147	148	149	150	151	152	153	156	159	160	163	165
10	11	12	14	17	21	22	23	25	26	27	28	29	30	31	32	33	35	36	41	42	45	46	47	48	49	50	51	52	53	55	56	57	58	59	60	61	62	63	64	65	66	67	69	70	71	73	74	76	79	83	84	85	86	87	88	89	90	91	92	93	94	96	97	98	99	101	102	103	104	105	106	107	108	109	110	111	112	113	114	115	116	117	118	120	121	122	125	126	131	132	133	134	135	136	137	138	139	141	142	143	146	147	148	149	150	151	152	153	154	159	160	161	165
9	13	18	19	20	21	22	23	24	29	31	33	34	37	38	39	40	41	42	43	44	46	47	48	49	50	51	52	53	54	60	61	62	63	64	67	68	69	70	71	72	73	74	76	77	78	79	80	81	82	84	87	88	89	90	91	92	93	94	95	96	97	98	99	100	104	107	108	109	110	111	112	113	114	115	116	118	119	120	121	122	123	124	125	126	127	128	129	130	134	135	137	138	139	140	141	142	143	144	145	149	150	151	152	153	154	155	156	157	158	162	163	164	166
9	13	15	17	18	21	22	23	24	27	28	29	31	33	34	35	37	38	41	42	43	46	47	48	49	50	51	52	53	54	56	58	59	60	61	62	63	64	65	67	70	71	72	73	76	77	78	79	80	82	84	85	87	88	89	90	91	92	93	94	95	96	97	98	99	100	101	102	106	107	108	109	110	111	112	113	114	115	118	119	120	121	122	124	125	126	127	129	130	131	132	134	137	138	139	140	141	142	143	144	145	146	150	151	152	153	154	156	157	158	159	163	164	166
9	12	15	16	20	21	22	23	24	27	30	31	32	35	36	37	38	39	40	43	44	45	46	47	48	49	50	51	53	54	56	57	60	63	64	65	66	67	68	69	72	73	74	75	76	77	78	79	80	81	83	84	85	86	88	89	90	91	92	93	94	95	96	99	100	103	104	105	108	109	110	111	113	114	115	116	117	118	119	120	121	122	123	125	126	127	128	129	130	132	133	134	135	136	139	140	141	142	143	144	148	149	151	152	153	154	155	156	157	158	161	162	164	166
9	12	14	15	18	21	22	23	24	25	27	29	30	31	32	35	36	37	38	41	43	45	46	47	48	49	50	51	53	54	55	56	57	59	60	61	63	64	65	66	67	69	70	73	74	75	76	77	78	80	83	84	85	86	88	89	90	91	92	93	94	95	96	97	99	100	101	102	103	104	105	106	108	109	111	113	114	115	116	117	118	119	120	122	125	126	127	128	129	131	132	133	134	135	136	137	139	140	141	143	144	146	148	149	152	153	154	155	156	158	159	161	162	166
9	11	18	19	20	21	22	23	24	26	28	29	34	37	38	39	40	41	42	43	44	46	47	48	49	50	51	52	53	54	55	58	59	60	61	62	63	69	70	71	72	73	74	76	77	78	79	80	81	82	83	87	88	89	90	91	92	93	94	95	96	97	98	99	100	101	102	103	104	106	107	108	109	110	111	112	114	118	119	120	122	123	124	125	126	127	128	129	130	132	133	137	138	139	140	141	142	143	144	145	146	147	148	149	150	151	154	156	157	158	161	163	164	165
9	11	16	17	19	21	22	23	24	26	28	29	32	33	34	36	39	40	41	42	44	46	47	48	49	50	51	52	53	54	55	57	58	61	62	63	66	67	68	69	70	71	72	74	76	78	79	80	81	82	83	86	87	88	89	90	91	92	93	94	95	96	97	98	99	100	101	103	104	106	107	109	110	111	112	113	116	118	119	120	121	122	123	124	125	126	128	129	130	131	133	135	137	138	139	140	141	142	143	144	145	146	147	149	150	151	153	156	157	158	160	163	164	165
9	11	13	19	20	21	22	23	24	26	28	29	31	33	34	38	39	40	42	43	44	46	47	48	49	50	51	52	53	54	55	58	60	61	62	63	64	67	68	69	70	71	72	74	77	78	79	80	81	82	83	84	87	88	89	90	91	92	93	94	95	96	97	98	99	100	101	103	104	107	108	109	110	111	112	113	115	116	118	119	120	121	122	123	124	126	128	129	130	131	133	134	135	137	138	139	140	141	142	143	144	145	147	149	150	151	153	155	156	157	160	162	163	164
9	11	13	18	20	21	22	23	24	26	28	29	31	33	34	37	38	40	41	43	44	46	47	48	49	50	51	52	53	54	55	58	59	60	61	62	63	64	67	69	70	71	72	73	76	77	78	80	81	82	83	84	87	88	89	90	91	92	93	94	95	96	97	98	99	100	101	102	103	106	107	108	109	110	111	112	113	114	115	118	119	120	122	123	124	125	127	129	130	131	132	133	134	137	138	139	140	141	142	143	144	145	146	148	150	151	152	154	156	157	159	161	163	164
9	11	12	16	19	21	22	23	24	26	28	29	30	31	32	34	36	39	40	42	44	45	46	47	48	49	50	51	52	53	54	55	57	58	61	62	63	64	65	66	67	68	69	71	72	74	78	79	80	81	83	84	85	86	87	88	89	90	91	92	93	94	95	96	97	98	99	100	101	103	104	107	109	110	111	112	113	114	115	116	117	119	120	121	122	123	126	128	130	131	132	133	134	135	136	138	139	140	141	142	143	144	145	147	149	151	153	154	155	157	160	161	162	164
9	11	12	16	17	21	22	23	24	26	28	29	30	31	32	33	36	39	40	41	42	45	46	47	48	49	50	51	52	53	54	55	57	58	61	62	63	64	65	66	67	68	69	70	71	74	76	79	80	81	83	84	85	86	87	88	89	90	91	92	93	94	95	96	97	98	99	100	101	103	104	106	107	110	111	112	113	114	115	116	117	118	120	121	122	123	125	126	130	131	132	133	134	135	136	137	138	139	141	142	143	144	145	146	147	151	152	153	154	157	159	160	161	164
9	11	12	15	18	21	22	23	24	26	27	28	29	30	31	32	35	37	38	41	43	45	46	47	48	49	50	51	52	53	54	55	56	58	59	60	61	62	63	64	65	66	67	69	70	73	76	77	78	80	83	84	85	86	87	88	89	90	91	92	93	94	95	96	97	98	99	100	101	102	103	106	107	108	109	110	111	112	113	114	115	117	118	119	120	122	125	127	129	131	132	133	134	136	137	138	139	140	141	142	143	144	145	146	148	150	151	152	154	156	159	161	163	164
9	11	12	14	18	21	22	23	24	25	26	28	29	30	31	32	35	36	37	41	43	45	46	47	48	49	50	51	52	53	54	55	56	57	58	59	61	62	63	64	65	66	67	69	70	73	74	76	77	80	83	84	85	86	87	88	89	90	91	92	93	94	95	96	97	98	99	100	101	102	103	104	106	107	108	110	111	112	113	114	115	116	117	118	120	122	125	126	127	131	132	133	134	135	136	137	138	139	141	142	143	144	145	146	147	148	151	152	153	154	159	160	161	164
9	10	15	16	20	21	22	23	24	25	26	27	32	35	36	37	38	39	40	43	44	45	46	47	48	49	50	51	53	54	55	56	57	58	59	60	63	65	66	69	72	73	74	75	76	77	78	79	80	81	83	84	85	86	87	88	89	90	91	93	94	95	96	99	100	101	102	103	104	105	106	107	108	109	110	111	114	115	117	118	119	122	123	125	126	127	128	129	130	132	133	134	135	136	137	138	139	140	143	144	146	147	148	149	150	151	154	155	156	158	161	162	163	165
9	10	14	16	19	21	22	23	24	25	26	27	30	32	34	35	36	39	40	42	44	45	46	47	48	49	50	51	53	54	55	56	57	58	60	62	64	65	66	68	69	71	72	73	74	75	78	79	80	81	83	84	85	86	87	88	89	90	91	93	94	95	96	98	99	100	101	102	103	104	105	107	109	110	111	113	114	115	116	117	119	121	122	123	125	126	127	128	130	131	132	133	134	135	136	138	139	140	142	143	144	146	147	148	149	151	153	154	155	158	160	161	162	165
9	10	13	16	19	21	22	23	24	25	26	27	31	32	33	34	36	39	40	42	44	45	46	47	48	49	50	51	52	53	54	55	56	57	58	60	62	64	66	67	68	69	70	71	72	74	78	79	80	81	83	84	85	86	87	88	89	90	91	92	93	94	95	96	97	98	99	100	101	103	104	105	107	109	110	111	113	115	116	118	119	120	121	122	123	124	126	128	130	131	133	134	135	136	137	138	139	140	141	142	143	144	145	147	149	151	153	155	156	157	160	162	163	164
9	10	13	15	18	21	22	23	24	25	26	27	29	31	33	34	35	37	38	41	43	45	46	47	48	49	50	51	52	53	54	55	56	57	58	59	60	61	63	64	65	67	70	71	72	73	76	77	78	80	83	84	85	86	87	88	89	90	91	92	93	94	95	96	97	98	99	100	101	102	103	104	105	106	107	108	109	111	113	114	115	118	119	120	122	124	125	127	129	131	132	133	134	135	136	137	138	139	140	141	143	144	145	146	148	149	150	152	154	156	159	161	162	163
9	10	13	15	17	21	22	23	24	25	26	27	28	31	33	34	35	37	38	41	42	45	46	47	48	49	50	51	52	53	54	55	56	57	58	59	60	61	62	64	65	67	70	71	72	73	76	77	78	79	83	84	85	86	87	88	89	90	91	92	93	94	95	96	97	98	99	100	101	102	103	104	105	106	107	108	109	110	113	114	115	118	119	120	121	124	125	126	129	131	132	133	134	135	136	137	138	139	140	141	142	144	145	146	147	149	150	152	153	156	159	160	162	163
9	10	13	14	19	21	22	23	24	25	26	27	30	31	33	34	35	36	39	42	44	45	46	47	48	49	50	51	52	53	54	55	56	57	58	60	62	64	65	66	67	68	70	71	72	73	74	78	79	81	83	84	85	86	87	88	89	90	91	92	93	94	95	96	97	98	99	100	101	102	103	104	105	107	109	110	113	114	115	116	118	119	120	121	123	124	125	126	128	131	132	133	134	135	136	137	138	139	140	141	142	144	145	146	147	149	152	153	155	156	159	160	162	163
9	10	12	16	20	21	22	23	24	25	26	27	30	31	32	36	38	39	40	43	44	45	46	47	48	49	50	51	53	54	55	56	57	58	60	63	64	65	66	67	68	69	72	74	75	77	78	79	80	81	83	84	85	86	87	88	89	90	91	92	93	94	95	96	99	100	101	103	104	105	107	108	109	110	111	113	114	115	116	117	119	120	121	122	123	126	127	128	130	131	132	133	134	135	136	138	139	140	141	142	143	144	147	148	149	151	153	154	155	157	160	161	162	164
9	10	12	15	20	21	22	23	24	25	26	27	30	31	32	35	37	38	40	43	44	45	46	47	48	49	50	51	53	54	55	56	57	58	59	60	63	64	65	66	67	69	72	73	75	76	77	78	80	81	83	84	85	86	87	88	89	90	91	92	93	94	95	96	99	100	101	102	103	104	105	106	107	108	109	111	113	114	115	117	118	119	120	122	123	125	127	128	129	131	132	133	134	135	136	137	138	139	140	141	143	144	146	148	149	150	152	154	155	156	159	161	162	163
13	14	18	19	20	24	25	29	30	31	33	34	35	36	37	38	39	40	41	42	43	44	47	50	53	54	55	56	57	60	61	62	63	64	65	66	67	68	69	70	71	72	73	74	75	76	77	78	79	80	81	82	84	89	90	91	93	95	96	97	98	99	100	101	102	103	104	105	107	108	109	110	111	112	113	114	115	116	117	118	119	120	121	122	123	124	125	126	127	128	129	130	134	135	138	139	140	141	143	144	145	146	147	148	149	150	151	152	153	154	155	156	157	158	162	163	164	165	166
13	14	16	18	20	24	25	29	30	31	32	33	34	35	36	37	38	39	40	41	43	44	47	50	51	53	54	55	56	57	60	61	63	64	65	66	67	68	69	70	71	72	73	74	75	76	77	78	79	80	81	82	84	86	89	90	91	93	94	95	96	97	99	100	101	102	103	104	105	108	109	110	111	112	113	114	115	116	117	118	119	120	121	122	123	124	125	126	127	128	129	130	133	134	135	136	139	140	141	143	144	145	146	147	148	149	151	152	153	154	155	156	157	158	161	162	164	165	166
13	14	16	18	19	24	25	29	30	31	32	33	34	35	36	37	39	40	41	42	43	44	47	50	51	53	54	55	56	57	61	62	63	64	65	66	67	68	69	70	71	72	73	74	75	76	77	78	79	80	81	82	84	86	89	90	93	94	95	96	97	98	99	100	101	102	103	104	105	107	109	110	111	112	113	114	115	116	117	118	119	120	121	122	123	124	125	126	127	128	129	130	133	134	135	138	140	141	142	143	144	145	146	147	148	149	151	152	153	154	155	156	157	158	160	162	164	165	166
12	15	17	19	20	22	27	28	30	31	32	33	34	35	37	38	39	40	41	42	43	44	48	49	50	51	54	56	58	60	61	62	63	64	65	66	67	68	69	70	71	72	73	74	75	76	77	78	79	80	81	82	85	89	90	91	92	93	94	95	96	98	99	100	101	104	105	106	107	108	109	110	111	112	113	114	115	116	117	118	119	120	121	122	123	124	125	126	127	128	129	130	134	136	138	139	140	141	142	143	144	145	146	147	149	150	151	152	153	154	155	156	157	158	162	163	164	165	166
12	15	16	17	20	22	27	28	30	31	32	33	35	36	37	38	39	40	41	42	43	44	48	49	50	51	56	57	58	60	61	62	63	64	65	66	67	68	69	70	71	72	73	74	75	76	77	78	79	80	81	82	85	86	89	91	92	93	94	95	96	99	100	101	103	104	105	106	107	108	109	110	111	112	113	114	115	116	117	118	119	120	121	122	123	124	125	126	127	128	129	130	133	134	136	139	140	141	142	143	144	146	147	148	149	150	151	152	153	154	155	156	157	158	161	162	164	165	166
12	15	16	17	19	22	27	28	30	31	32	33	34	35	36	37	38	39	40	41	42	44	48	49	50	51	54	56	57	58	60	61	62	64	65	66	67	68	69	70	71	72	73	74	75	76	77	78	79	80	81	82	85	86	89	90	91	92	93	94	95	96	98	100	101	103	104	105	106	107	109	110	111	112	113	114	115	116	117	118	119	120	121	122	123	124	125	126	127	128	129	130	133	134	135	136	138	140	141	142	143	144	146	147	149	150	151	152	153	154	155	156	157	158	160	162	164	165	166
11	14	18	19	20	23	25	26	28	29	30	34	35	36	37	38	39	40	41	42	43	44	46	49	53	54	55	56	57	58	59	60	61	62	63	64	65	66	69	70	71	72	73	74	75	76	77	78	79	80	81	82	83	88	90	91	93	94	96	97	98	99	100	101	102	103	104	105	106	107	108	109	110	111	112	113	114	115	116	117	118	119	120	122	123	124	125	126	127	128	129	130	132	133	138	139	140	141	143	144	145	146	147	148	149	150	151	152	153	154	155	156	157	158	161	163	164	165	166
11	14	15	19	20	23	25	26	27	28	29	30	34	35	36	37	38	39	40	42	43	44	46	48	49	53	54	55	56	57	58	59	60	61	62	63	64	65	66	69	71	72	73	74	75	76	77	78	79	80	81	82	83	85	88	89	90	91	93	94	96	98	99	100	101	102	103	104	105	106	107	108	109	110	111	112	113	114	115	116	117	118	119	122	123	124	125	126	127	128	129	130	132	133	134	136	138	139	140	143	144	145	146	147	148	149	150	151	152	153	154	155	156	158	161	162	163	165	166
11	14	15	18	19	23	25	26	27	28	29	30	34	35	36	37	38	39	41	42	43	44	46	48	49	53	54	55	56	57	58	59	60	61	62	63	64	65	66	70	71	72	73	74	75	76	77	78	79	80	81	82	83	85	88	89	90	91	93	94	97	98	99	100	101	102	103	104	105	106	107	108	109	110	111	112	113	114	115	116	117	118	119	120	122	124	125	126	127	128	129	130	132	133	134	137	138	139	140	141	143	145	146	147	148	149	150	151	152	153	154	155	156	158	159	161	163	165	166
11	12	17	19	20	22	23	26	28	29	30	31	32	33	34	38	39	40	41	42	43	44	46	49	50	51	52	53	54	55	58	60	61	62	63	64	65	66	67	68	69	70	71	72	74	76	77	78	79	80	81	82	83	87	90	91	92	93	94	95	96	97	98	99	100	101	103	104	106	107	108	109	110	111	112	113	114	115	116	117	118	119	120	121	122	123	124	125	126	128	129	130	131	133	138	139	140	141	142	143	144	145	146	147	149	150	151	152	153	154	155	156	157	158	160	163	164	165	166
11	12	14	15	20	22	23	25	26	27	28	29	30	31	32	35	36	37	38	40	43	44	45	46	48	49	50	51	53	55	56	57	58	59	60	61	62	63	64	65	66	67	69	72	73	74	75	76	77	78	80	81	83	84	85	86	88	89	91	92	93	94	96	99	100	101	102	103	104	105	106	107	108	109	110	111	112	113	114	115	116	117	118	119	120	122	123	125	126	127	128	129	131	132	133	134	136	139	140	141	143	144	146	147	148	149	150	151	152	153	154	155	156	158	159	161	162	165	166
11	12	13	19	20	22	23	24	26	28	29	30	31	32	33	34	38	39	40	42	43	44	46	47	49	50	51	52	53	54	55	58	60	61	62	63	64	65	66	67	68	69	70	71	72	74	77	78	79	80	81	82	83	84	87	89	90	91	92	93	94	95	96	97	98	99	100	101	103	104	107	108	109	110	111	112	113	114	115	116	117	118	119	120	121	122	123	124	126	128	129	130	131	133	134	135	138	139	140	141	142	143	144	145	147	149	150	151	152	153	154	155	156	157	160	162	163	164	166
11	12	13	17	20	22	23	24	26	28	29	30	31	32	33	34	38	40	41	42	43	44	46	47	49	50	51	52	53	54	55	58	60	61	62	63	64	65	66	67	68	69	70	71	72	76	77	78	79	80	81	82	83	84	87	89	90	91	92	93	94	95	96	97	98	99	100	101	103	106	107	108	109	110	111	112	113	114	115	116	117	118	119	120	121	122	123	124	125	126	129	130	131	133	134	137	138	139	140	141	142	143	144	145	146	147	150	151	152	153	154	155	156	157	159	160	163	164	166
11	12	13	14	19	22	23	24	25	26	28	29	30	31	32	33	34	35	36	39	42	44	45	46	47	49	50	51	52	53	54	55	56	57	58	61	62	63	64	65	66	67	68	69	70	71	72	73	74	78	79	81	83	84	85	86	87	89	90	92	93	94	95	96	97	98	99	100	101	102	103	104	107	109	110	111	112	113	114	115	116	117	118	119	120	121	122	123	124	125	126	128	131	132	133	134	135	138	140	141	142	143	144	145	146	147	149	151	152	153	154	155	156	157	159	160	162	164	166
10	16	17	18	20	21	25	26	27	28	29	32	33	36	37	38	39	40	41	42	43	44	46	47	48	51	53	55	56	57	58	59	60	61	62	63	66	67	69	70	71	72	73	74	75	76	77	78	79	80	81	82	86	87	88	89	90	91	93	94	96	97	99	100	101	102	103	104	105	106	107	108	109	110	111	112	113	114	117	118	119	120	121	122	123	124	125	126	127	128	129	130	133	136	137	138	139	140	141	143	144	145	146	147	148	149	150	151	152	153	154	156	157	158	161	163	164	165	166
10	15	16	17	20	21	25	26	27	28	32	33	35	36	37	38	39	40	41	42	43	44	46	47	48	51	55	56	57	58	59	60	61	62	63	65	66	67	69	70	71	72	73	74	75	76	77	78	79	80	81	82	85	86	87	88	89	90	91	94	96	99	100	101	102	103	104	105	106	107	108	109	110	111	112	113	114	115	117	118	119	120	121	122	123	124	125	126	127	128	129	130	133	134	136	137	138	139	140	143	144	146	147	148	149	150	151	152	153	154	155	156	157	158	161	162	163	165	166
10	15	16	17	18	21	25	26	27	28	29	32	33	35	36	37	38	39	40	41	42	43	46	47	48	51	53	55	56	57	58	59	60	61	62	63	65	66	67	69	70	71	73	74	75	76	77	78	79	80	81	82	85	86	87	88	89	90	91	93	94	96	97	99	101	102	103	104	105	106	107	108	109	110	111	112	113	114	115	117	118	119	120	121	122	124	125	126	127	128	129	130	132	133	134	136	137	138	139	140	141	143	146	147	148	149	150	151	152	153	154	156	157	158	159	161	163	165	166
10	13	17	18	20	21	24	25	26	27	28	29	31	33	34	37	38	40	41	42	43	44	46	47	48	50	52	53	54	55	56	57	58	59	60	61	62	63	64	67	69	70	71	72	73	76	77	78	79	80	81	82	84	87	88	89	90	91	92	93	96	97	98	99	100	101	102	103	104	105	106	107	108	109	110	111	112	113	114	115	118	119	120	121	122	123	124	125	126	127	129	130	131	134	137	138	139	140	141	143	144	145	146	147	148	149	150	151	152	153	154	156	157	158	159	163	164	165	166
10	13	14	16	20	21	24	25	26	27	30	31	32	33	34	35	36	38	39	40	43	44	45	46	47	48	50	51	54	55	56	57	58	60	63	64	65	66	67	68	69	70	71	72	73	74	75	77	78	79	80	81	83	84	85	86	87	89	90	91	94	95	96	99	100	101	102	103	104	105	107	108	109	110	111	113	114	115	116	117	118	119	120	121	122	123	124	125	126	127	128	130	131	133	134	135	136	138	139	140	143	144	146	147	148	149	151	152	153	154	155	156	157	158	160	161	162	165	166
10	12	13	16	20	21	22	24	25	26	27	30	31	32	33	34	36	38	39	40	43	44	45	46	47	48	49	50	51	54	55	56	57	58	60	63	64	65	66	67	68	69	70	71	72	74	75	77	78	79	80	81	83	84	85	86	87	89	90	91	92	93	94	95	96	99	100	101	103	104	105	107	108	109	110	111	113	114	115	116	117	118	119	120	121	122	123	124	126	127	128	130	131	133	134	135	136	138	139	140	141	142	143	144	147	148	149	151	152	153	154	155	156	157	160	161	162	164	166
10	12	13	16	17	21	22	24	25	26	27	28	30	31	32	33	34	36	39	40	41	42	45	46	47	48	49	50	51	52	54	55	56	57	58	60	61	62	64	65	66	67	68	69	70	71	72	74	76	79	80	81	83	84	85	86	87	89	90	91	92	93	94	95	96	97	98	100	101	103	104	105	106	107	109	110	111	113	114	115	116	117	118	119	120	121	122	123	124	125	126	130	131	133	134	135	136	137	138	140	141	142	143	144	146	147	149	151	152	153	154	155	156	157	159	160	162	164	166
10	12	13	14	20	21	22	24	25	26	27	30	31	32	33	34	35	36	38	40	43	44	45	46	47	48	49	50	51	54	55	56	57	58	60	63	64	65	66	67	68	69	70	71	72	73	74	75	77	78	80	81	83	84	85	86	87	89	90	91	92	93	94	95	96	99	100	101	102	103	104	105	107	108	109	111	113	114	115	116	117	118	119	120	121	122	123	124	125	126	127	128	131	132	133	134	135	136	138	139	140	141	143	144	146	147	148	149	152	153	154	155	156	157	159	160	161	162	166
10	11	13	18	20	21	23	24	25	26	27	28	29	31	33	34	37	38	40	41	43	44	46	47	48	49	50	52	53	54	55	56	57	58	59	60	61	62	63	64	67	69	70	71	72	73	76	77	78	80	81	82	83	84	87	88	89	90	91	92	93	94	96	97	98	99	100	101	102	103	104	105	106	107	108	109	110	111	112	113	114	115	118	119	120	122	123	124	125	127	129	130	131	132	133	134	137	138	139	140	141	143	144	145	146	147	148	149	150	151	152	154	156	157	159	161	163	164	165
10	11	13	17	20	21	23	24	25	26	27	28	29	31	33	34	38	40	41	42	43	44	46	47	48	49	50	52	53	54	55	56	57	58	59	60	61	62	63	64	67	69	70	71	72	76	77	78	79	80	81	82	83	84	87	88	89	90	91	92	93	94	96	97	98	99	100	101	102	103	104	105	106	107	108	109	110	111	112	113	115	118	119	120	121	122	123	124	125	126	129	130	131	133	134	137	138	139	140	141	142	143	144	145	146	147	148	149	150	151	152	153	156	157	159	160	163	164	165
10	11	13	14	18	21	23	24	25	26	27	28	29	30	31	33	34	35	36	37	41	43	45	46	47	48	49	50	52	53	54	55	56	57	58	59	60	61	62	63	64	65	66	67	70	71	72	73	74	76	77	80	83	84	85	86	87	88	89	90	91	92	93	94	97	98	99	100	101	102	103	104	105	106	107	108	109	110	111	112	113	114	115	116	118	119	120	122	124	125	126	127	131	132	133	134	135	137	138	139	140	141	143	145	146	147	148	149	150	151	152	153	154	156	159	160	161	163	165
10	11	12	15	20	21	22	23	25	26	27	28	29	30	31	32	35	37	38	40	43	44	45	46	47	48	49	50	51	53	55	56	57	58	59	60	61	62	63	64	65	66	67	69	72	73	75	76	77	78	80	81	83	84	85	86	87	88	89	90	91	92	93	94	96	99	100	101	102	103	104	105	106	107	108	109	110	111	112	113	114	115	117	118	119	120	122	123	125	127	128	129	131	132	133	134	136	137	138	139	140	141	143	144	146	147	148	149	150	151	152	154	155	156	159	161	162	163	165
10	11	12	15	17	21	22	23	25	26	27	28	29	30	31	32	33	35	37	38	41	42	45	46	47	48	49	50	51	52	53	55	56	57	58	59	60	61	62	63	64	65	66	67	69	70	71	73	76	77	78	79	83	84	85	86	87	88	89	90	91	92	93	94	96	97	98	99	101	102	103	104	105	106	107	108	109	110	111	112	113	114	115	117	118	119	120	121	122	125	126	129	131	132	133	134	136	137	138	139	140	141	142	143	146	147	148	149	150	151	152	153	154	156	159	160	161	163	165
10	11	12	14	20	21	22	23	25	26	27	28	29	30	31	32	35	36	38	40	43	44	45	46	47	48	49	50	51	53	55	56	57	58	59	60	61	62	63	64	65	66	67	69	72	73	74	75	77	78	80	81	83	84	85	86	87	88	89	90	91	92	93	94	96	99	100	101	102	103	104	105	106	107	108	109	110	111	112	113	114	115	116	117	119	120	122	123	125	126	127	128	131	132	133	134	135	136	138	139	140	141	143	144	146	147	148	149	150	151	152	153	154	155	159	160	161	162	165
9	16	17	18	19	21	22	23	24	28	29	32	33	34	36	37	39	40	41	42	43	44	46	47	48	49	50	51	52	53	54	57	58	61	62	63	66	67	68	69	70	71	72	73	74	76	77	78	79	80	81	82	86	87	88	89	90	91	92	93	94	95	96	97	98	99	100	101	103	104	106	107	109	110	111	112	113	114	116	118	119	120	121	122	123	124	125	126	127	128	129	130	133	135	137	138	139	140	141	142	143	144	145	146	147	149	150	151	152	153	154	156	157	158	160	163	164	165	166
9	15	17	18	19	21	22	23	24	27	28	29	33	34	35	37	38	39	41	42	43	44	46	47	48	49	50	51	52	53	54	56	58	59	60	61	62	63	65	67	70	71	72	73	74	76	77	78	79	80	81	82	85	87	88	89	90	91	92	93	94	95	96	97	98	99	100	101	102	104	106	107	108	109	110	111	112	113	114	115	118	119	120	121	122	124	125	126	127	128	129	130	132	134	137	138	139	140	141	142	143	144	145	146	147	149	150	151	152	153	154	156	157	158	159	163	164	165	166
9	14	15	16	19	21	22	23	24	25	27	30	32	34	35	36	37	38	39	40	42	44	45	46	47	48	49	50	51	53	54	55	56	57	60	62	64	65	66	68	69	71	72	73	74	75	76	77	78	79	80	81	83	84	85	86	88	89	90	91	93	94	95	96	98	99	100	101	102	103	104	105	107	109	110	111	113	114	115	116	117	118	119	121	122	123	125	126	127	128	129	130	132	133	134	135	136	138	139	140	142	143	144	146	147	148	149	151	152	153	154	155	156	158	160	161	162	165	166
9	14	15	16	18	21	22	23	24	25	27	29	30	32	35	36	37	38	39	40	41	43	45	46	47	48	49	50	51	53	54	55	56	57	59	60	61	63	64	65	66	69	70	73	74	75	76	77	78	79	80	81	83	84	85	86	88	89	90	91	93	94	95	96	97	99	100	101	102	103	104	105	106	108	109	110	111	113	114	115	116	117	118	119	120	122	125	126	127	128	129	130	132	133	134	135	136	137	139	140	141	143	144	146	147	148	149	151	152	153	154	155	156	158	159	161	162	165	166
9	13	16	18	19	21	22	23	24	29	31	32	33	34	36	37	39	40	41	42	43	44	46	47	48	49	50	51	52	53	54	57	61	62	63	64	66	67	68	69	70	71	72	73	74	76	77	78	79	80	81	82	84	86	87	88	89	90	91	92	93	94	95	96	97	98	99	100	103	104	107	109	110	111	112	113	114	115	116	118	119	120	121	122	123	124	125	126	127	128	129	130	133	134	135	137	138	139	140	141	142	143	144	145	147	149	151	152	153	154	155	156	157	158	160	162	163	164	166
9	13	16	17	18	21	22	23	24	28	29	31	32	33	34	36	37	39	40	41	42	43	46	47	48	49	50	51	52	53	54	57	58	61	62	63	64	66	67	68	69	70	71	72	73	74	76	77	79	80	81	82	84	86	87	88	89	90	91	92	93	94	95	96	97	98	99	100	101	103	104	106	107	110	111	112	113	114	115	116	118	119	120	121	122	123	124	125	126	127	129	130	131	133	134	135	137	138	139	140	141	142	143	144	145	146	147	151	152	153	154	156	157	158	159	160	163	164	166
9	12	15	16	19	21	22	23	24	27	30	31	32	34	35	36	37	38	39	40	42	44	45	46	47	48	49	50	51	53	54	56	57	60	62	64	65	66	67	68	69	71	72	73	74	75	76	77	78	79	80	81	83	84	85	86	88	89	90	91	92	93	94	95	96	98	99	100	103	104	105	107	109	110	111	113	114	115	116	117	118	119	120	121	122	123	125	126	127	128	129	130	132	133	134	135	136	138	139	140	141	142	143	144	147	149	151	152	153	154	155	156	157	158	160	161	162	164	166
9	12	14	15	19	21	22	23	24	25	27	30	31	32	34	35	36	37	38	39	42	44	45	46	47	48	49	50	51	53	54	55	56	57	60	62	64	65	66	67	68	69	71	72	73	74	75	76	77	78	79	81	83	84	85	86	88	89	90	91	92	93	94	95	96	98	99	100	101	102	103	104	105	107	109	110	113	114	115	116	117	118	119	120	121	122	123	125	126	127	128	129	131	132	133	134	135	136	138	139	140	141	142	143	144	146	147	149	152	153	154	155	156	158	159	160	161	162	166
9	11	15	18	19	21	22	23	24	26	27	28	29	34	35	37	38	39	41	42	43	44	46	47	48	49	50	51	52	53	54	55	56	58	59	60	61	62	63	65	70	71	72	73	74	76	77	78	79	80	81	82	83	85	87	88	89	90	91	92	93	94	95	96	97	98	99	100	101	102	103	104	106	107	108	109	110	111	112	114	115	118	119	120	122	124	125	126	127	128	129	130	132	133	134	137	138	139	140	141	142	143	144	145	146	147	148	149	150	151	152	154	156	158	159	161	163	164	165
9	11	15	17	19	21	22	23	24	26	27	28	29	33	34	35	37	38	39	41	42	44	46	47	48	49	50	51	52	53	54	55	56	58	59	60	61	62	63	65	67	70	71	72	73	74	76	77	78	79	81	82	83	85	87	88	89	90	91	92	93	94	95	96	97	98	99	100	101	102	103	104	106	107	108	109	110	111	112	113	114	115	118	119	120	121	124	125	126	128	129	130	131	132	133	134	137	138	139	140	141	142	143	144	145	146	147	149	150	151	152	153	156	158	159	160	163	164	165
9	11	13	14	19	21	22	23	24	25	26	28	29	30	31	33	34	35	36	39	42	44	45	46	47	48	49	50	51	52	53	54	55	56	57	58	61	62	63	64	65	66	67	68	70	71	72	73	74	78	79	81	83	84	85	86	87	88	89	90	91	92	93	94	95	96	97	98	99	100	101	102	103	104	107	109	110	111	112	113	114	115	116	118	119	120	121	123	124	125	126	128	131	132	133	134	135	137	138	139	140	141	142	143	144	145	146	147	149	151	152	153	155	156	159	160	162	163	164
9	11	13	14	18	21	22	23	24	25	26	28	29	30	31	33	34	35	36	37	41	43	45	46	47	48	49	50	51	52	53	54	55	56	57	58	59	61	62	63	64	65	66	67	70	71	72	73	74	76	77	80	83	84	85	86	87	88	89	90	91	92	93	94	95	96	97	98	99	100	101	102	103	104	106	107	108	110	111	112	113	114	115	116	118	119	120	122	124	125	126	127	131	132	133	134	135	137	138	139	140	141	142	143	144	145	146	147	148	151	152	153	154	156	159	160	161	163	164
9	11	12	15	17	21	22	23	24	26	27	28	29	30	31	32	33	35	37	38	41	42	45	46	47	48	49	50	51	52	53	54	55	56	58	59	60	61	62	63	64	65	66	67	69	70	71	73	76	77	78	79	83	84	85	86	87	88	89	90	91	92	93	94	95	96	97	98	99	100	101	102	103	106	107	108	109	110	111	112	113	114	115	117	118	119	120	121	122	125	126	129	131	132	133	134	136	137	138	139	140	141	142	143	144	145	146	147	150	151	152	153	154	156	159	160	161	163	164
9	11	12	14	19	21	22	23	24	25	26	28	29	30	31	32	34	35	36	39	42	44	45	46	47	48	49	50	51	52	53	54	55	56	57	58	61	62	63	64	65	66	67	68	69	71	72	73	74	78	79	81	83	84	85	86	87	88	89	90	91	92	93	94	95	96	97	98	99	100	101	102	103	104	107	109	110	111	112	113	114	115	116	117	119	120	121	122	123	125	126	128	131	132	133	134	135	136	138	139	140	141	142	143	144	145	146	147	149	151	152	153	154	155	159	160	161	162	164
9	10	15	16	18	21	22	23	24	25	26	27	29	32	35	36	37	38	39	40	41	43	45	46	47	48	49	50	51	53	54	55	56	57	58	59	60	61	63	65	66	69	70	73	74	75	76	77	78	79	80	81	83	84	85	86	87	88	89	90	91	93	94	95	96	97	99	100	101	102	103	104	105	106	107	108	109	110	111	114	115	117	118	119	120	122	125	126	127	128	129	130	132	133	134	135	136	137	138	139	140	141	143	144	146	147	148	149	150	151	152	154	156	158	159	161	162	163	165
9	10	14	16	18	21	22	23	24	25	26	27	29	30	32	35	36	37	39	40	41	43	45	46	47	48	49	50	51	53	54	55	56	57	58	59	60	61	63	64	65	66	69	70	73	74	75	76	77	79	80	81	83	84	85	86	87	88	89	90	91	93	94	95	96	97	99	100	101	102	103	104	105	106	107	108	109	110	111	113	114	115	116	117	118	120	122	125	126	127	128	130	131	132	133	134	135	136	137	138	139	140	141	143	144	146	147	148	149	151	152	153	154	158	159	160	161	162	165
9	10	13	16	17	21	22	23	24	25	26	27	28	31	32	33	34	36	39	40	41	42	45	46	47	48	49	50	51	52	53	54	55	56	57	58	60	61	62	64	66	67	68	69	70	71	72	74	76	79	80	81	83	84	85	86	87	88	89	90	91	92	93	94	95	96	97	98	99	100	101	103	104	105	106	107	109	110	111	113	115	116	118	119	120	121	122	123	124	125	126	130	131	133	134	135	136	137	138	139	140	141	142	143	144	145	146	147	149	151	152	153	156	157	159	160	162	163	164
9	10	13	14	18	21	22	23	24	25	26	27	29	30	31	33	34	35	36	37	41	43	45	46	47	48	49	50	51	52	53	54	55	56	57	58	59	60	61	63	64	65	66	67	70	71	72	73	74	76	77	80	83	84	85	86	87	88	89	90	91	92	93	94	95	96	97	98	99	100	101	102	103	104	105	106	107	108	109	111	113	114	115	116	118	119	120	122	124	125	126	127	131	132	133	134	135	136	137	138	139	140	141	143	144	145	146	147	148	149	152	153	154	156	159	160	161	162	163
9	10	12	16	17	21	22	23	24	25	26	27	28	30	31	32	33	36	39	40	41	42	45	46	47	48	49	50	51	52	53	54	55	56	57	58	60	61	62	64	65	66	67	68	69	70	71	74	76	79	80	81	83	84	85	86	87	88	89	90	91	92	93	94	95	96	97	98	99	100	101	103	104	105	106	107	109	110	111	113	114	115	116	117	118	120	121	122	123	125	126	130	131	132	133	134	135	136	137	138	139	140	141	142	143	144	146	147	149	151	152	153	154	157	159	160	161	162	164
9	10	12	15	17	21	22	23	24	25	26	27	28	30	31	32	33	35	37	38	41	42	45	46	47	48	49	50	51	52	53	54	55	56	57	58	59	60	61	62	64	65	66	67	69	70	71	73	76	77	78	79	83	84	85	86	87	88	89	90	91	92	93	94	95	96	97	98	99	100	101	102	103	104	105	106	107	108	109	110	113	114	115	117	118	119	120	121	122	125	126	129	131	132	133	134	135	136	137	138	139	140	141	142	143	144	146	147	149	150	152	153	154	156	159	160	161	162	163
13	14	17	18	20	24	25	28	29	30	31	33	34	35	36	37	38	40	41	42	43	44	47	50	52	53	54	55	56	57	58	60	61	62	63	64	65	66	67	69	70	71	72	73	74	75	76	77	78	79	80	81	82	84	87	89	90	91	92	93	96	97	98	99	100	101	102	103	104	105	106	107	108	109	110	111	112	113	114	115	116	117	118	119	120	121	122	123	124	125	126	127	128	129	130	131	134	137	138	139	140	141	143	144	145	146	147	148	149	150	151	152	153	154	155	156	157	158	159	163	164	165	166
13	14	16	17	18	24	25	28	29	30	31	32	33	34	35	36	37	39	40	41	42	43	47	50	51	52	53	54	55	56	57	58	61	62	63	64	65	66	67	68	69	70	71	72	73	74	75	76	77	79	80	81	82	84	86	87	89	90	92	93	94	95	96	97	98	99	100	101	102	103	104	105	106	107	110	111	112	113	114	115	116	117	118	119	120	121	122	123	124	125	126	127	128	129	130	131	133	134	135	137	138	141	142	143	144	145	146	147	148	149	151	152	153	154	155	156	157	158	159	160	164	165	166
13	14	15	18	19	24	25	27	29	30	31	33	34	35	36	37	38	39	41	42	43	44	47	48	50	53	54	55	56	57	59	60	61	62	63	64	65	66	67	68	70	71	72	73	74	75	76	77	78	79	80	81	82	84	85	88	89	90	91	93	95	97	98	99	100	101	102	103	104	105	106	107	108	109	110	111	112	113	114	115	116	117	118	119	120	121	122	123	124	125	126	127	128	129	130	132	134	135	137	138	139	140	141	144	145	146	147	148	149	150	151	152	153	154	155	156	157	158	159	162	163	165	166
13	14	15	17	20	24	25	27	28	30	31	33	34	35	36	37	38	40	41	42	43	44	47	48	50	52	54	55	56	57	58	60	61	62	63	64	65	66	67	69	70	71	72	73	74	75	76	77	78	79	80	81	82	84	85	87	89	90	91	92	96	97	98	99	100	101	102	103	104	105	106	107	108	109	110	111	112	113	114	115	116	117	118	119	120	121	122	123	124	125	126	127	128	129	130	131	134	136	137	138	139	140	141	144	145	146	147	148	149	150	151	152	153	154	155	156	157	158	159	162	163	165	166
13	14	15	16	18	24	25	27	29	30	31	32	33	34	35	36	37	38	39	40	41	43	47	48	50	51	53	54	55	56	57	59	60	61	63	64	65	66	67	68	69	70	71	72	73	74	75	76	77	78	79	80	81	84	85	86	88	89	90	91	93	94	95	96	97	99	100	101	102	103	104	105	106	108	109	110	111	113	114	115	116	117	118	119	120	121	122	123	124	125	126	127	128	129	130	132	133	134	135	136	137	139	140	141	143	144	146	147	148	149	151	152	153	154	155	156	157	158	159	161	162	165	166
13	14	15	16	17	24	25	27	28	30	31	32	33	34	35	36	37	38	39	40	41	42	47	48	50	51	52	54	55	56	57	58	60	61	62	64	65	66	67	68	69	70	71	72	73	74	75	76	77	78	79	80	81	84	85	86	87	89	90	91	92	94	95	96	97	98	100	101	102	103	104	105	106	107	109	110	111	113	114	115	116	117	118	119	120	121	122	123	124	125	126	127	128	129	130	131	133	134	135	136	137	138	140	141	142	144	146	147	148	149	151	152	153	154	155	156	157	158	159	160	162	165	166
12	15	17	18	19	22	27	28	29	30	31	32	33	34	35	37	38	39	41	42	43	44	48	49	50	51	53	54	56	58	59	60	61	62	63	64	65	66	67	68	69	70	71	72	73	74	76	77	78	79	80	81	82	85	88	89	90	91	92	93	94	95	96	97	98	99	100	101	102	104	106	107	108	109	110	111	112	113	114	115	116	117	118	119	120	121	122	123	124	125	126	127	128	129	130	132	134	137	138	139	140	141	142	143	144	145	146	147	149	150	151	152	153	154	155	156	157	158	159	163	164	165	166
12	15	16	17	18	22	27	28	29	30	31	32	33	35	36	37	38	39	40	41	42	43	48	49	50	51	53	56	57	58	59	60	61	62	63	64	65	66	67	68	69	70	71	73	74	75	76	77	78	79	80	81	82	85	86	88	89	91	92	93	94	95	96	97	99	101	102	103	104	105	106	107	108	109	110	111	112	113	114	115	116	117	118	119	120	121	122	123	124	125	126	127	128	129	130	132	133	134	136	137	139	141	142	143	144	146	147	148	149	150	151	152	153	154	155	156	157	158	159	161	164	165	166
12	14	17	18	20	22	25	28	29	30	31	32	33	35	36	37	38	40	41	42	43	44	45	49	50	51	53	55	56	57	58	60	61	62	63	64	65	66	67	69	70	71	72	73	74	75	76	77	78	79	80	81	82	83	84	85	86	91	92	93	94	96	97	99	100	101	102	103	104	105	106	107	108	109	110	111	112	113	114	115	116	117	118	119	120	121	122	123	124	125	126	127	128	129	130	131	132	133	134	136	139	141	143	144	145	146	147	148	149	150	151	152	153	154	155	156	157	158	159	161	164	165	166
12	14	17	18	19	22	25	28	29	30	31	32	33	34	35	36	37	39	41	42	43	44	45	49	50	51	53	54	55	56	57	58	61	62	63	64	65	66	67	68	69	70	71	72	73	74	76	77	78	79	80	81	82	83	84	85	86	90	92	93	94	95	96	97	98	99	100	101	102	103	104	106	107	109	110	111	112	113	114	115	116	117	118	119	120	121	122	123	124	125	126	127	128	129	130	131	132	133	134	135	138	141	142	143	144	145	146	147	149	150	151	152	153	154	155	156	157	158	159	160	164	165	166
12	14	15	17	20	22	25	27	28	30	31	32	33	35	36	37	38	40	41	42	43	44	45	48	49	50	51	55	56	57	58	60	61	62	63	64	65	66	67	69	70	71	72	73	74	75	76	77	78	79	80	81	82	83	84	85	86	89	91	92	93	94	96	99	100	101	102	103	104	105	106	107	108	109	110	111	112	113	114	115	116	117	118	119	120	121	122	123	124	125	126	127	128	129	130	131	132	133	134	136	139	140	141	143	144	146	147	148	149	150	151	152	153	154	155	156	157	158	159	161	162	165	166
12	14	15	17	19	22	25	27	28	30	31	32	33	34	35	36	37	38	39	41	42	44	45	48	49	50	51	54	55	56	57	58	60	61	62	64	65	66	67	68	69	70	71	72	73	74	75	76	77	78	79	81	82	83	84	85	86	89	90	91	92	93	94	95	96	98	100	101	102	103	104	105	106	107	109	110	112	113	114	115	116	117	118	119	120	121	122	123	124	125	126	127	128	129	130	131	132	133	134	135	136	138	140	141	142	144	146	147	149	150	151	152	153	154	155	156	157	158	159	160	162	165	166
12	13	15	18	19	22	24	27	29	30	31	32	33	34	35	37	38	39	41	42	43	44	47	48	49	50	51	53	54	56	59	60	61	62	63	64	65	66	67	68	69	70	71	72	73	74	76	77	78	79	80	81	82	84	85	88	89	90	91	92	93	94	95	96	97	98	99	100	102	104	106	107	108	109	110	111	112	113	114	115	116	117	118	119	120	121	122	123	124	125	126	127	128	129	130	132	134	135	137	138	139	140	141	142	143	144	145	146	149	150	151	152	153	154	155	156	157	158	159	162	163	164	166
12	13	15	17	20	22	24	27	28	30	31	32	33	34	35	37	38	40	41	42	43	44	47	48	49	50	51	52	54	56	58	60	61	62	63	64	65	66	67	68	69	70	71	72	73	75	76	77	78	79	80	81	82	84	85	87	89	90	91	92	93	94	95	96	97	98	99	100	101	105	106	107	108	109	110	111	112	113	114	115	116	117	118	119	120	121	122	123	124	125	126	127	128	129	130	131	134	136	137	138	139	140	141	142	143	144	145	146	149	150	151	152	153	154	155	156	157	158	159	162	163	164	166
12	13	15	16	18	22	24	27	29	30	31	32	33	34	35	36	37	38	39	40	41	43	47	48	49	50	51	53	54	56	57	59	60	61	63	64	65	66	67	68	69	70	71	72	73	74	75	76	77	78	79	80	81	84	85	86	88	89	90	91	92	93	94	95	96	97	99	100	102	103	104	105	106	108	109	110	111	113	114	115	116	117	118	119	120	121	122	123	124	125	126	127	128	129	130	132	133	134	135	136	137	139	140	141	142	143	144	146	148	149	151	152	153	154	155	156	157	158	159	161	162	164	166
12	13	15	16	17	22	24	27	28	30	31	32	33	34	35	36	37	38	39	40	41	42	47	48	49	50	51	52	54	56	57	58	60	61	62	64	65	66	67	68	69	70	71	72	73	74	75	76	77	78	79	80	81	84	85	86	87	89	90	91	92	93	94	95	96	97	98	100	101	103	104	105	106	107	109	110	111	113	114	115	116	117	118	119	120	121	122	123	124	125	126	127	128	129	130	131	133	134	135	136	137	138	140	141	142	143	144	146	147	149	151	152	153	154	155	156	157	158	159	160	162	164	166
12	13	14	18	20	22	24	25	29	30	31	32	33	34	35	36	37	38	40	41	43	44	45	47	49	50	51	53	54	55	56	57	60	61	63	64	65	66	67	68	69	70	71	72	73	74	75	76	77	78	80	81	82	83	84	85	86	89	90	91	92	93	94	95	96	97	99	100	101	102	103	104	105	108	109	111	112	113	114	115	116	117	118	119	120	121	122	123	124	125	126	127	128	129	130	131	132	133	134	135	136	139	140	141	143	144	145	146	148	149	151	152	153	154	155	156	157	158	159	161	162	164	166
12	13	14	18	19	22	24	25	29	30	31	32	33	34	35	36	37	39	41	42	43	44	45	47	49	50	51	53	54	55	56	57	61	62	63	64	65	66	67	68	69	70	71	72	73	74	76	77	78	79	80	81	82	83	84	85	86	89	90	92	93	94	95	96	97	98	99	100	101	102	103	104	107	109	110	111	112	113	114	115	116	117	118	119	120	121	122	123	124	125	126	127	128	129	130	131	132	133	134	135	138	140	141	142	143	144	145	146	147	149	151	152	153	154	155	156	157	158	159	160	162	164	166
11	14	17	19	20	23	25	26	28	29	30	33	34	35	36	38	39	40	41	42	43	44	46	49	52	53	54	55	56	57	58	60	61	62	63	64	65	66	67	69	70	71	72	73	74	75	76	77	78	79	80	81	82	83	87	90	91	92	93	94	96	97	98	99	100	101	102	103	104	105	106	107	108	109	110	111	112	113	114	115	116	117	118	119	120	121	122	123	124	125	126	127	128	129	130	131	133	138	139	140	141	142	143	144	145	146	147	148	149	150	151	152	153	154	155	156	157	158	160	163	164	165	166
11	14	16	18	19	23	25	26	28	29	30	32	34	35	36	37	39	40	41	42	43	44	46	49	51	53	54	55	56	57	58	59	61	62	63	64	65	66	68	69	70	71	72	73	74	75	76	77	78	79	80	81	82	83	86	88	90	93	94	95	96	97	98	99	100	101	102	103	104	105	106	107	108	109	110	111	112	113	114	115	116	117	118	119	120	121	122	123	124	125	126	127	128	129	130	132	133	135	138	139	141	142	143	144	145	146	147	148	149	150	151	152	153	154	155	156	157	158	160	161	164	165	166
11	14	16	17	20	23	25	26	28	29	30	32	33	35	36	38	39	40	41	42	43	44	46	49	51	52	53	55	56	57	58	60	61	62	63	64	65	66	67	69	70	71	72	73	74	75	76	77	78	79	80	81	82	83	86	87	91	92	93	94	96	97	98	99	100	101	102	103	104	105	106	107	108	109	110	111	112	113	114	115	116	117	118	119	120	121	122	123	124	125	126	127	128	129	130	131	133	136	138	139	141	142	143	144	145	146	147	148	149	150	151	152	153	154	155	156	157	158	160	161	164	165	166
11	14	15	17	19	23	25	26	27	28	29	30	33	34	35	36	37	38	39	41	42	44	46	48	49	52	53	54	55	56	57	58	59	60	61	62	63	64	65	66	67	70	71	72	73	74	75	76	77	78	79	81	82	83	85	87	88	89	90	91	92	93	94	97	98	99	100	101	102	103	104	105	106	107	108	109	110	111	112	113	114	115	116	117	118	119	120	121	124	125	126	127	128	129	130	131	132	133	134	137	138	139	140	141	142	145	146	147	148	149	150	151	152	153	154	155	156	158	159	160	163	165	166
11	14	15	16	19	23	25	26	27	28	29	30	32	34	35	36	37	38	39	40	42	44	46	48	49	51	53	54	55	56	57	58	59	60	61	62	63	64	65	66	68	69	71	72	73	74	75	76	77	78	79	80	81	83	85	86	88	89	90	91	93	94	95	96	98	99	100	101	102	103	104	105	106	107	108	109	110	111	112	113	114	115	116	117	118	119	121	122	123	125	126	127	128	129	130	132	133	134	135	136	138	139	140	142	143	144	146	147	148	149	150	151	152	153	154	155	156	158	160	161	162	165	166
11	14	15	16	17	23	25	26	27	28	29	30	32	33	35	36	37	38	39	40	41	42	46	48	49	51	52	53	55	56	57	58	59	60	61	62	63	64	65	66	67	69	70	71	73	74	75	76	77	78	79	80	81	83	85	86	87	88	89	91	92	93	94	96	97	98	99	101	102	103	104	105	106	107	108	109	110	111	112	113	114	115	116	117	118	119	120	121	122	125	126	127	128	129	130	131	132	133	134	136	137	138	139	141	142	143	146	147	148	149	150	151	152	153	154	155	156	158	159	160	161	165	166
11	13	14	16	19	23	24	25	26	28	29	30	31	32	33	34	35	36	39	40	42	44	46	47	49	50	51	52	53	54	55	56	57	58	61	62	63	64	65	66	67	68	69	70	71	72	73	74	75	78	79	80	81	83	84	86	87	89	90	92	93	94	95	96	97	98	99	100	101	102	103	104	105	107	109	110	111	112	113	114	115	116	117	118	119	120	121	122	123	124	125	126	127	128	130	131	133	134	135	138	140	141	142	143	144	145	146	147	148	149	151	152	153	154	155	156	157	158	160	162	164	165	166
11	13	14	16	17	23	24	25	26	28	29	30	31	32	33	34	35	36	39	40	41	42	46	47	49	50	51	52	53	54	55	56	57	58	61	62	63	64	65	66	67	68	69	70	71	72	73	74	75	76	79	80	81	83	84	86	87	89	90	92	93	94	95	96	97	98	99	100	101	102	103	104	105	106	107	110	111	112	113	114	115	116	117	118	119	120	121	122	123	124	125	126	127	128	130	131	133	134	135	137	138	141	142	143	144	145	146	147	148	149	151	152	153	154	155	156	157	158	159	160	164	165	166
11	13	14	15	18	23	24	25	26	27	28	29	30	31	33	34	35	36	37	38	41	43	46	47	48	49	50	52	53	54	55	56	57	58	59	60	61	62	63	64	65	66	67	70	71	72	73	74	75	76	77	78	80	83	84	85	87	88	89	90	91	92	93	94	97	98	99	100	101	102	103	104	105	106	107	108	109	110	111	112	113	114	115	116	117	118	119	120	122	124	125	126	127	128	129	131	132	133	134	137	138	139	140	141	143	145	146	147	148	149	150	151	152	153	154	155	156	158	159	161	163	165	166
11	13	14	15	17	23	24	25	26	27	28	29	30	31	33	34	35	36	37	38	41	42	46	47	48	49	50	52	53	54	55	56	57	58	59	60	61	62	63	64	65	66	67	70	71	72	73	74	75	76	77	78	79	83	84	85	87	88	89	90	91	92	93	94	97	98	99	100	101	102	103	104	105	106	107	108	109	110	111	112	113	114	115	116	117	118	119	120	121	124	125	126	127	128	129	131	132	133	134	137	138	139	140	141	142	145	146	147	148	149	150	151	152	153	154	155	156	158	159	160	163	165	166
11	12	18	19	20	22	23	26	28	29	30	31	32	34	37	38	39	40	41	42	43	44	46	49	50	51	53	54	55	58	59	60	61	62	63	64	65	66	67	68	69	70	71	72	73	74	76	77	78	79	80	81	82	83	88	90	91	92	93	94	95	96	97	98	99	100	101	102	103	104	106	107	108	109	110	111	112	113	114	115	116	117	118	119	120	121	122	123	124	125	126	127	128	129	130	132	133	138	139	140	141	142	143	144	145	146	147	148	149	150	151	152	153	154	155	156	157	158	161	163	164	165	166
11	12	16	18	19	22	23	26	28	29	30	31	32	34	36	37	39	40	41	42	43	44	46	49	50	51	53	54	55	57	58	59	61	62	63	64	65	66	67	68	69	70	71	72	73	74	76	77	78	79	80	81	82	83	86	88	90	92	93	94	95	96	97	98	99	100	101	102	103	104	106	107	108	109	110	111	112	113	114	115	116	117	118	119	120	121	122	123	124	125	126	127	128	129	130	132	133	135	138	139	141	142	143	144	145	146	147	148	149	150	151	152	153	154	155	156	157	158	160	161	164	165	166
11	12	16	17	20	22	23	26	28	29	30	31	32	33	36	38	39	40	41	42	43	44	46	49	50	51	52	53	55	57	58	60	61	62	63	64	65	66	67	68	69	70	71	72	74	75	76	77	78	79	80	81	82	83	86	87	91	92	93	94	95	96	97	98	99	100	101	103	104	105	106	107	108	109	110	111	112	113	114	115	116	117	118	119	120	121	122	123	124	125	126	127	128	129	130	131	133	136	138	139	141	142	143	144	145	146	147	148	149	150	151	152	153	154	155	156	157	158	160	161	164	165	166
11	12	15	16	20	22	23	26	27	28	29	30	31	32	35	36	37	38	39	40	43	44	46	48	49	50	51	53	55	56	57	58	59	60	61	62	63	64	65	66	67	68	69	72	73	74	75	76	77	78	79	80	81	83	85	86	88	89	91	92	93	94	95	96	99	100	101	102	103	104	105	106	107	108	109	110	111	112	113	114	115	116	117	118	119	120	121	122	123	125	126	127	128	129	130	132	133	134	136	139	140	141	142	143	144	146	147	148	149	150	151	152	153	154	155	156	157	158	161	162	164	165	166
11	12	15	16	18	22	23	26	27	28	29	30	31	32	35	36	37	38	39	40	41	43	46	48	49	50	51	53	55	56	57	58	59	60	61	62	63	64	65	66	67	68	69	70	73	74	75	76	77	78	79	80	81	83	85	86	88	89	91	92	93	94	95	96	97	99	101	102	103	104	105	106	107	108	109	110	111	112	113	114	115	116	117	118	119	120	121	122	123	125	126	127	128	129	130	132	133	134	136	137	139	141	142	143	144	146	147	148	149	150	151	152	153	154	155	156	157	158	159	161	164	165	166
11	12	14	18	20	22	23	25	26	28	29	30	31	32	35	36	37	38	40	41	43	44	45	46	49	50	51	53	55	56	57	58	59	60	61	62	63	64	65	66	67	69	70	72	73	74	75	76	77	78	80	81	82	83	84	85	86	88	91	92	93	94	96	97	99	100	101	102	103	104	105	106	107	108	109	110	111	112	113	114	115	116	117	118	119	120	122	123	124	125	126	127	128	129	130	131	132	133	134	136	139	141	143	144	145	146	147	148	149	150	151	152	153	154	155	156	157	158	159	161	164	165	166
11	12	14	17	19	22	23	25	26	28	29	30	31	32	33	34	35	36	39	41	42	44	45	46	49	50	51	52	53	54	55	56	57	58	61	62	63	64	65	66	67	68	69	70	71	72	73	74	76	78	79	81	82	83	84	85	86	87	90	92	93	94	95	96	97	98	99	100	101	102	103	104	106	107	109	110	111	112	113	114	115	116	117	118	119	120	121	122	123	124	125	126	128	129	130	131	132	133	134	135	138	141	142	143	144	145	146	147	149	150	151	152	153	154	155	156	157	158	159	160	164	165	166
11	12	14	15	17	22	23	25	26	27	28	29	30	31	32	33	35	36	37	38	41	42	45	46	48	49	50	51	52	53	55	56	57	58	59	60	61	62	63	64	65	66	67	69	70	71	73	74	75	76	77	78	79	83	84	85	86	87	88	89	91	92	93	94	96	97	98	99	101	102	103	104	105	106	107	108	109	110	111	112	113	114	115	116	117	118	119	120	121	122	125	126	127	128	129	131	132	133	134	136	137	138	139	141	142	143	146	147	148	149	150	151	152	153	154	155	156	158	159	160	161	165	166
11	12	13	18	20	22	23	24	26	28	29	30	31	32	33	34	37	38	40	41	43	44	46	47	49	50	51	52	53	54	55	58	59	60	61	62	63	64	65	66	67	68	69	70	71	72	73	76	77	78	80	81	82	83	84	87	88	89	90	91	92	93	94	95	96	97	98	99	100	101	102	103	106	107	108	109	110	111	112	113	114	115	116	117	118	119	120	121	122	123	124	125	127	129	130	131	132	133	134	137	138	139	140	141	142	143	144	145	146	148	150	151	152	153	154	155	156	157	159	161	163	164	166
11	12	13	16	20	22	23	24	26	28	29	30	31	32	33	34	36	38	39	40	43	44	46	47	49	50	51	52	53	54	55	57	58	60	61	62	63	64	65	66	67	68	69	70	71	72	74	75	77	78	79	80	81	83	84	86	87	89	90	91	92	93	94	95	96	97	98	99	100	101	103	104	105	107	108	109	110	111	112	113	114	115	116	117	118	119	120	121	122	123	124	126	127	128	130	131	133	134	135	136	138	139	140	141	142	143	144	145	147	148	149	151	152	153	154	155	156	157	160	161	162	164	166
11	12	13	16	18	22	23	24	26	28	29	30	31	32	33	34	36	37	39	40	41	43	46	47	49	50	51	52	53	54	55	57	58	59	61	62	63	64	65	66	67	68	69	70	71	72	73	74	76	77	79	80	81	83	84	86	87	88	89	90	92	93	94	95	96	97	98	99	100	101	102	103	104	106	107	108	110	111	112	113	114	115	116	117	118	119	120	121	122	123	124	125	126	127	130	131	132	133	134	135	137	138	139	141	142	143	144	145	146	147	148	151	152	153	154	155	156	157	159	160	161	164	166
11	12	13	15	18	22	23	24	26	27	28	29	30	31	32	33	34	35	37	38	41	43	46	47	48	49	50	51	52	53	54	55	56	58	59	60	61	62	63	64	65	66	67	68	69	70	71	72	73	76	77	78	80	83	84	85	87	88	89	90	91	92	93	94	95	96	97	98	99	100	101	102	103	106	107	108	109	110	111	112	113	114	115	116	117	118	119	120	121	122	123	124	125	127	129	131	132	133	134	137	138	139	140	141	142	143	144	145	146	148	150	151	152	153	154	155	156	157	159	161	163	164	166
11	12	13	15	17	22	23	24	26	27	28	29	30	31	32	33	34	35	37	38	41	42	46	47	48	49	50	51	52	53	54	55	56	58	59	60	61	62	63	64	65	66	67	68	69	70	71	72	73	76	77	78	79	83	84	85	87	88	89	90	91	92	93	94	95	96	97	98	99	100	101	102	103	106	107	108	109	110	111	112	113	114	115	116	117	118	119	120	121	122	123	124	125	126	129	131	132	133	134	137	138	139	140	141	142	143	144	145	146	147	150	151	152	153	154	155	156	157	159	160	163	164	166
11	12	13	14	18	22	23	24	25	26	28	29	30	31	32	33	34	35	36	37	41	43	45	46	47	49	50	51	52	53	54	55	56	57	58	59	61	62	63	64	65	66	67	68	69	70	71	72	73	74	76	77	80	83	84	85	86	87	88	89	90	92	93	94	95	96	97	98	99	100	101	102	103	104	106	107	108	110	111	112	113	114	115	116	117	118	119	120	121	122	123	124	125	126	127	131	132	133	134	135	137	138	139	141	142	143	144	145	146	147	148	151	152	153	154	155	156	157	159	160	161	164	166
10	16	17	18	19	21	25	26	27	28	29	32	33	34	36	37	39	40	41	42	43	44	46	47	48	51	53	54	55	56	57	58	59	60	61	62	63	66	67	68	69	70	71	72	73	74	76	77	78	79	80	81	82	86	87	88	89	90	91	93	94	95	96	97	98	99	100	101	102	103	104	105	106	107	108	109	110	111	112	113	114	116	118	119	120	121	122	123	124	125	126	127	128	129	130	133	135	137	138	139	140	141	142	143	144	145	146	147	148	149	150	151	152	153	154	156	157	158	160	163	164	165	166
10	15	16	17	19	21	25	26	27	28	32	33	34	35	36	37	38	39	40	41	42	44	46	47	48	51	54	55	56	57	58	59	60	61	62	65	66	67	68	69	70	71	72	73	74	75	76	77	78	79	80	81	82	85	86	87	88	89	90	91	94	95	96	98	100	101	102	103	104	105	106	107	108	109	110	111	112	113	114	115	116	117	118	119	120	121	122	123	124	125	126	127	128	129	130	133	134	135	136	137	138	139	140	142	144	146	147	148	149	150	151	152	153	154	155	156	157	158	160	162	163	165	166
10	14	17	19	20	21	25	26	27	28	30	33	34	35	36	38	39	40	41	42	43	44	45	46	47	48	54	55	56	57	58	60	61	62	63	64	65	66	67	69	70	71	72	73	74	75	76	77	78	79	80	81	82	83	84	85	86	87	89	90	91	96	98	99	100	101	102	103	104	105	106	107	108	109	110	111	112	113	114	115	116	117	118	119	120	121	122	123	124	125	126	127	128	129	130	131	133	134	135	136	138	139	140	144	145	146	147	148	149	150	151	152	153	154	155	156	157	158	160	162	163	165	166
10	14	17	18	19	21	25	26	27	28	29	30	33	34	35	36	37	39	41	42	43	44	45	46	47	48	53	54	55	56	57	58	59	60	61	62	63	64	65	66	67	70	71	72	73	74	76	77	78	79	80	81	82	83	84	85	86	87	88	89	90	91	93	97	98	99	100	101	102	103	104	105	106	107	108	109	110	111	112	113	114	115	116	118	119	120	121	122	124	125	126	127	128	129	130	131	132	133	134	135	137	138	139	140	141	145	146	147	148	149	150	151	152	153	154	156	157	158	159	160	163	165	166
10	14	16	17	20	21	25	26	27	28	30	32	33	35	36	38	39	40	41	42	43	44	45	46	47	48	51	55	56	57	58	60	61	62	63	64	65	66	67	69	70	71	72	73	74	75	76	77	78	79	80	81	82	83	84	85	86	87	89	90	91	94	96	99	100	101	102	103	104	105	106	107	108	109	110	111	112	113	114	115	116	117	118	119	120	121	122	123	124	125	126	127	128	129	130	131	133	134	135	136	138	139	140	143	144	146	147	148	149	150	151	152	153	154	155	156	157	158	160	161	162	165	166
10	14	16	17	18	21	25	26	27	28	29	30	32	33	35	36	37	39	40	41	42	43	45	46	47	48	51	53	55	56	57	58	59	60	61	62	63	64	65	66	67	69	70	71	73	74	75	76	77	79	80	81	82	83	84	85	86	87	88	89	90	91	93	94	96	97	99	101	102	103	104	105	106	107	108	109	110	111	112	113	114	115	116	117	118	120	121	122	124	125	126	127	128	129	130	131	132	133	134	135	136	137	138	139	141	143	146	147	148	149	150	151	152	153	154	156	157	158	159	160	161	165	166
10	13	18	19	20	21	24	25	26	27	29	31	33	34	37	38	39	40	41	42	43	44	46	47	48	50	53	54	55	56	57	58	59	60	61	62	63	64	67	68	69	70	71	72	73	74	76	77	78	79	80	81	82	84	87	88	89	90	91	93	95	96	97	98	99	100	101	102	103	104	105	106	107	108	109	110	111	112	113	114	115	116	118	119	120	121	122	123	124	125	126	127	128	129	130	134	135	137	138	139	140	141	143	144	145	146	147	148	149	150	151	152	153	154	155	156	157	158	162	163	164	165	166
10	13	15	18	19	21	24	25	26	27	29	31	33	34	35	37	38	39	41	42	43	44	46	47	48	50	53	54	55	56	57	58	59	60	61	62	63	64	65	67	68	70	71	72	73	74	76	77	78	79	80	81	82	84	85	87	88	89	90	91	93	95	97	98	99	100	101	102	103	104	105	106	107	108	109	110	111	112	113	114	115	116	118	119	120	121	122	123	124	125	126	127	128	129	130	132	134	135	137	138	139	140	141	144	145	146	147	148	149	150	151	152	153	154	155	156	157	158	159	162	163	165	166
10	13	15	17	20	21	24	25	26	27	28	31	33	34	35	37	38	40	41	42	43	44	46	47	48	50	52	54	55	56	57	58	59	60	61	62	63	64	65	67	69	70	71	72	73	75	76	77	78	79	80	81	82	84	85	87	88	89	90	91	92	96	97	98	99	100	101	102	103	104	105	106	107	108	109	110	111	112	113	114	115	117	118	119	120	121	122	123	124	125	126	127	128	129	130	131	134	136	137	138	139	140	141	144	145	146	147	148	149	150	151	152	153	154	155	156	157	158	159	162	163	165	166
10	13	15	16	20	21	24	25	26	27	31	32	33	34	35	36	37	38	39	40	43	44	46	47	48	50	51	54	55	56	57	58	59	60	63	64	65	66	67	68	69	70	71	72	73	74	75	76	77	78	79	80	81	84	85	86	87	88	89	90	91	94	95	96	99	100	101	102	103	104	105	106	107	108	109	110	111	113	114	115	116	117	118	119	120	121	122	123	124	125	126	127	128	129	130	133	134	135	136	137	138	139	140	143	144	146	147	148	149	150	151	152	153	154	155	156	157	158	161	162	163	165	166
10	13	15	16	19	21	24	25	26	27	31	32	33	34	35	36	37	38	39	40	42	44	46	47	48	50	51	54	55	56	57	58	59	60	62	64	65	66	67	68	69	70	71	72	73	74	75	76	77	78	79	80	81	84	85	86	87	88	89	90	91	94	95	96	98	100	101	102	103	104	105	106	107	108	109	110	111	113	114	115	116	117	118	119	120	121	122	123	124	125	126	127	128	129	130	133	134	135	136	137	138	139	140	142	144	146	147	148	149	150	151	152	153	154	155	156	157	158	160	162	163	165	166
10	13	14	19	20	21	24	25	26	27	30	31	33	34	35	36	38	39	40	42	43	44	45	46	47	48	50	54	55	56	57	58	60	62	63	64	65	66	67	68	69	70	71	72	73	74	75	77	78	79	80	81	82	83	84	85	86	87	89	90	91	95	96	98	99	100	101	102	103	104	105	107	108	109	110	111	112	113	114	115	116	117	118	119	120	121	122	123	124	125	126	127	128	129	130	131	133	134	135	136	138	139	140	144	145	146	147	148	149	150	151	152	153	154	155	156	157	158	160	162	163	165	166
10	13	14	17	18	21	24	25	26	27	28	29	30	31	33	34	35	36	37	41	42	43	45	46	47	48	50	52	53	54	55	56	57	58	59	60	61	62	63	64	65	66	67	70	71	72	73	74	76	77	79	80	82	83	84	85	86	87	88	89	90	91	92	93	97	98	99	100	101	102	103	104	105	106	107	108	109	110	111	112	113	114	115	116	118	119	120	121	122	124	125	126	127	129	130	131	132	133	134	135	137	138	139	140	141	145	146	147	148	149	150	151	152	153	154	156	157	158	159	160	163	165	166
10	13	14	16	17	21	24	25	26	27	28	30	31	32	33	34	35	36	39	40	41	42	45	46	47	48	50	51	52	54	55	56	57	58	60	61	62	64	65	66	67	68	69	70	71	72	73	74	75	76	79	80	81	83	84	85	86	87	89	90	91	92	94	95	96	97	98	100	101	102	103	104	105	106	107	109	110	111	113	114	115	116	117	118	119	120	121	122	123	124	125	126	127	128	130	131	133	134	135	136	137	138	140	141	142	144	146	147	148	149	151	152	153	154	155	156	157	158	159	160	162	165	166
10	12	16	17	19	21	22	25	26	27	28	30	31	32	33	34	36	39	40	41	42	44	45	46	47	48	49	50	51	54	55	56	57	58	60	61	62	64	65	66	67	68	69	70	71	72	74	76	78	79	80	81	82	83	84	85	86	87	89	90	91	92	93	94	95	96	98	100	101	103	104	105	106	107	109	110	111	112	113	114	115	116	117	118	119	120	121	122	123	124	125	126	128	129	130	131	133	134	135	136	138	140	141	142	143	144	146	147	149	150	151	152	153	154	155	156	157	158	160	162	164	165	166
10	12	15	17	18	21	22	25	26	27	28	29	30	31	32	33	35	37	38	41	42	43	45	46	47	48	49	50	51	53	55	56	57	58	59	60	61	62	63	64	65	66	67	69	70	71	73	76	77	78	79	80	82	83	84	85	86	87	88	89	90	91	92	93	94	96	97	99	101	102	103	104	105	106	107	108	109	110	111	112	113	114	115	117	118	119	120	121	122	124	125	126	127	129	130	131	132	133	134	136	137	138	139	140	141	143	146	147	148	149	150	151	152	153	154	156	157	158	159	161	163	165	166
10	12	14	17	19	21	22	25	26	27	28	30	31	32	33	34	35	36	39	41	42	44	45	46	47	48	49	50	51	54	55	56	57	58	60	61	62	64	65	66	67	68	69	70	71	72	73	74	76	78	79	81	82	83	84	85	86	87	89	90	91	92	93	94	95	96	98	100	101	102	103	104	105	106	107	109	110	112	113	114	115	116	117	118	119	120	121	122	123	124	125	126	128	129	130	131	132	133	134	135	136	138	140	141	142	144	146	147	149	150	151	152	153	154	155	156	157	158	159	160	162	165	166
10	12	14	17	18	21	22	25	26	27	28	29	30	31	32	33	35	36	37	41	42	43	45	46	47	48	49	50	51	53	55	56	57	58	59	60	61	62	63	64	65	66	67	69	70	71	73	74	76	77	79	80	82	83	84	85	86	87	88	89	90	91	92	93	94	96	97	99	101	102	103	104	105	106	107	108	109	110	111	112	113	114	115	116	117	118	120	121	122	124	125	126	127	129	130	131	132	133	134	135	136	137	138	139	141	143	146	147	148	149	150	151	152	153	154	156	157	158	159	160	161	165	166
10	12	13	19	20	21	22	24	25	26	27	30	31	32	33	34	38	39	40	42	43	44	45	46	47	48	49	50	51	54	55	56	57	58	60	62	63	64	65	66	67	68	69	70	71	72	74	77	78	79	80	81	82	83	84	85	86	87	89	90	91	92	93	94	95	96	98	99	100	101	103	104	105	107	108	109	110	111	112	113	114	115	116	117	118	119	120	121	122	123	124	126	128	129	130	131	133	134	135	136	138	139	140	141	142	143	144	145	147	149	150	151	152	153	154	155	156	157	160	162	163	164	166
10	12	13	15	20	21	22	24	25	26	27	30	31	32	33	34	35	37	38	40	43	44	45	46	47	48	49	50	51	54	55	56	57	58	59	60	63	64	65	66	67	68	69	70	71	72	73	75	76	77	78	80	81	83	84	85	86	87	88	89	90	91	92	93	94	95	96	99	100	101	102	103	104	105	106	107	108	109	111	113	114	115	116	117	118	119	120	121	122	123	124	125	127	128	129	131	132	133	134	135	136	137	138	139	140	141	143	144	146	148	149	150	152	153	154	155	156	157	159	161	162	163	166
10	12	13	15	19	21	22	24	25	26	27	30	31	32	33	34	35	37	38	39	42	44	45	46	47	48	49	50	51	54	55	56	57	58	59	60	62	64	65	66	67	68	69	70	71	72	73	74	76	77	78	79	81	83	84	85	86	87	88	89	90	91	92	93	94	95	96	98	100	101	102	103	104	105	106	107	108	109	110	113	114	115	116	117	118	119	120	121	122	123	124	125	126	128	129	131	132	133	134	135	136	137	138	139	140	141	142	144	146	147	149	150	152	153	154	155	156	157	159	160	162	163	166
10	12	13	15	18	21	22	24	25	26	27	29	30	31	32	33	34	35	37	38	41	43	45	46	47	48	49	50	51	53	54	55	56	57	58	59	60	61	63	64	65	66	67	68	69	70	71	72	73	76	77	78	80	83	84	85	86	87	88	89	90	91	92	93	94	95	96	97	99	100	101	102	103	104	105	106	107	108	109	111	113	114	115	116	117	118	119	120	121	122	123	124	125	127	129	131	132	133	134	135	136	137	138	139	140	141	143	144	146	148	149	150	152	153	154	155	156	157	159	161	162	163	166
10	12	13	15	17	21	22	24	25	26	27	28	30	31	32	33	34	35	37	38	41	42	45	46	47	48	49	50	51	52	54	55	56	57	58	59	60	61	62	64	65	66	67	68	69	70	71	72	73	76	77	78	79	83	84	85	86	87	88	89	90	91	92	93	94	95	96	97	98	100	101	102	103	104	105	106	107	108	109	110	113	114	115	116	117	118	119	120	121	122	123	124	125	126	129	131	132	133	134	135	136	137	138	139	140	141	142	144	146	147	149	150	152	153	154	155	156	157	159	160	162	163	166
10	12	13	14	18	21	22	24	25	26	27	29	30	31	32	33	34	35	36	37	41	43	45	46	47	48	49	50	51	53	54	55	56	57	58	59	60	61	63	64	65	66	67	68	69	70	71	72	73	74	76	77	80	83	84	85	86	87	88	89	90	91	92	93	94	95	96	97	99	100	101	102	103	104	105	106	107	108	109	111	113	114	115	116	117	118	119	120	121	122	123	124	125	126	127	131	132	133	134	135	136	137	138	139	140	141	143	144	146	147	148	149	152	153	154	155	156	157	159	160	161	162	166
10	11	16	18	19	21	23	25	26	27	28	29	32	34	36	37	39	40	41	42	43	44	46	47	48	49	51	53	54	55	56	57	58	59	60	61	62	63	66	68	69	70	71	72	73	74	76	77	78	79	80	81	82	83	86	87	88	89	90	91	93	94	95	96	97	98	99	100	101	102	103	104	105	106	107	108	109	110	111	112	114	116	118	119	120	121	122	123	124	125	126	127	128	129	130	132	133	135	137	138	139	140	141	142	143	144	145	146	147	148	149	150	151	153	154	156	157	158	160	161	163	164	165
10	11	16	17	20	21	23	25	26	27	28	29	32	33	36	38	39	40	41	42	43	44	46	47	48	49	51	52	53	55	56	57	58	59	60	61	62	63	66	67	69	70	71	72	74	75	76	77	78	79	80	81	82	83	86	87	88	89	90	91	92	93	94	96	97	98	99	100	101	102	103	104	105	106	107	108	109	110	111	112	113	117	118	119	120	121	122	123	124	125	126	127	128	129	130	131	133	136	137	138	139	140	141	142	143	144	145	146	147	148	149	150	151	153	154	156	157	158	160	161	163	164	165
10	11	15	16	19	21	23	25	26	27	28	29	32	34	35	36	37	38	39	40	42	44	46	47	48	49	51	53	54	55	56	57	58	59	60	61	62	63	65	66	68	69	71	72	73	74	75	76	77	78	79	80	81	83	85	86	87	88	89	90	91	93	94	95	96	98	99	100	101	102	103	104	105	106	107	108	109	110	111	112	114	115	116	117	118	119	121	122	123	125	126	127	128	129	130	132	133	134	135	136	137	138	139	140	142	143	144	146	147	148	149	150	151	153	154	155	156	158	160	161	162	163	165
10	11	15	16	17	21	23	25	26	27	28	29	32	33	35	36	37	38	39	40	41	42	46	47	48	49	51	52	53	55	56	57	58	59	60	61	62	63	65	66	67	69	70	71	73	74	75	76	77	78	79	80	81	83	85	86	87	88	89	90	91	92	93	94	96	97	98	99	101	102	103	104	105	106	107	108	109	110	111	112	113	114	115	117	118	119	120	121	122	125	126	127	128	129	130	131	132	133	134	136	137	138	139	140	141	142	143	146	147	148	149	150	151	152	153	154	156	158	159	160	161	163	165
10	11	14	19	20	21	23	25	26	27	28	29	30	34	35	36	38	39	40	42	43	44	45	46	47	48	49	53	54	55	56	57	58	59	60	61	62	63	64	65	66	69	71	72	73	74	75	77	78	79	80	81	82	83	84	85	86	87	88	89	90	91	93	94	96	98	99	100	101	102	103	104	105	106	107	108	109	110	111	112	113	114	115	116	117	119	122	123	124	125	126	127	128	129	130	131	132	133	134	135	136	138	139	140	143	144	145	146	147	148	149	150	151	153	154	155	156	158	160	161	162	163	165
10	11	14	18	19	21	23	25	26	27	28	29	30	34	35	36	37	39	41	42	43	44	45	46	47	48	49	53	54	55	56	57	58	59	60	61	62	63	64	65	66	70	71	72	73	74	76	77	78	79	80	81	82	83	84	85	86	87	88	89	90	91	93	94	97	98	99	100	101	102	103	104	105	106	107	108	109	110	111	112	113	114	115	116	118	119	120	122	124	125	126	127	128	129	130	131	132	133	134	135	137	138	139	140	141	143	145	146	147	148	149	150	151	152	153	154	156	158	159	160	161	163	165
10	11	13	19	20	21	23	24	25	26	27	28	29	31	33	34	38	39	40	42	43	44	46	47	48	49	50	52	53	54	55	56	57	58	59	60	61	62	63	64	67	68	69	70	71	72	74	77	78	79	80	81	82	83	84	87	88	89	90	91	92	93	94	95	96	97	98	99	100	101	102	103	104	105	106	107	108	109	110	111	112	113	115	116	118	119	120	121	122	123	124	126	128	129	130	131	133	134	135	137	138	139	140	141	142	143	144	145	146	147	148	149	150	151	153	155	156	157	160	162	163	164	165
10	11	13	16	19	21	23	24	25	26	27	28	29	31	32	33	34	36	39	40	42	44	46	47	48	49	50	51	52	53	54	55	56	57	58	59	60	61	62	63	64	66	67	68	69	70	71	72	74	78	79	80	81	83	84	86	87	88	89	90	91	92	93	94	95	96	97	98	99	100	101	102	103	104	105	106	107	108	109	110	111	112	113	115	116	118	119	120	121	122	123	124	126	128	130	131	133	134	135	137	138	139	140	141	142	143	144	145	146	147	148	149	150	151	153	155	156	157	160	162	163	164	165
10	11	13	16	17	21	23	24	25	26	27	28	29	31	32	33	34	36	39	40	41	42	46	47	48	49	50	51	52	53	54	55	56	57	58	59	60	61	62	63	64	66	67	68	69	70	71	72	74	76	79	80	81	83	84	86	87	88	89	90	91	92	93	94	95	96	97	98	99	100	101	102	103	104	105	106	107	108	109	110	111	112	113	115	116	118	119	120	121	122	123	124	125	126	130	131	133	134	135	137	138	139	140	141	142	143	144	145	146	147	148	149	150	151	152	153	156	157	159	160	163	164	165
10	11	13	15	20	21	23	24	25	26	27	28	29	31	33	34	35	37	38	40	43	44	46	47	48	49	50	52	53	54	55	56	57	58	59	60	61	62	63	64	65	67	69	70	71	72	73	75	76	77	78	80	81	83	84	85	87	88	89	90	91	92	93	94	96	97	98	99	100	101	102	103	104	105	106	107	108	109	110	111	112	113	114	115	117	118	119	120	122	123	124	125	127	128	129	131	132	133	134	136	137	138	139	140	141	143	144	145	146	147	148	149	150	151	152	154	155	156	159	161	162	163	165
10	11	13	15	19	21	23	24	25	26	27	28	29	31	33	34	35	37	38	39	42	44	46	47	48	49	50	52	53	54	55	56	57	58	59	60	61	62	63	64	65	67	68	70	71	72	73	74	76	77	78	79	81	83	84	85	87	88	89	90	91	92	93	94	95	97	98	99	100	101	102	103	104	105	106	107	108	109	110	111	112	113	114	115	116	118	119	120	121	123	124	125	126	128	129	131	132	133	134	135	137	138	139	140	141	142	144	145	146	147	148	149	150	151	152	153	155	156	159	160	162	163	165
10	11	13	14	19	21	23	24	25	26	27	28	29	30	31	33	34	35	36	39	42	44	45	46	47	48	49	50	52	53	54	55	56	57	58	59	60	61	62	63	64	65	66	67	68	70	71	72	73	74	78	79	81	83	84	85	86	87	88	89	90	91	92	93	94	95	97	98	99	100	101	102	103	104	105	106	107	108	109	110	111	112	113	114	115	116	118	119	120	121	123	124	125	126	128	131	132	133	134	135	137	138	139	140	141	142	144	145	146	147	148	149	150	151	152	153	155	156	159	160	162	163	165
10	11	12	18	20	21	22	23	25	26	27	28	29	30	31	32	37	38	40	41	43	44	45	46	47	48	49	50	51	53	55	56	57	58	59	60	61	62	63	64	65	66	67	69	70	72	73	76	77	78	80	81	82	83	84	85	86	87	88	89	90	91	92	93	94	96	97	99	100	101	102	103	104	105	106	107	108	109	110	111	112	113	114	115	117	118	119	120	122	123	124	125	127	129	130	131	132	133	134	136	137	138	139	140	141	143	144	145	146	147	148	149	150	151	152	154	156	157	159	161	163	164	165
10	11	12	16	20	21	22	23	25	26	27	28	29	30	31	32	36	38	39	40	43	44	45	46	47	48	49	50	51	53	55	56	57	58	59	60	61	62	63	64	65	66	67	68	69	72	74	75	77	78	79	80	81	83	84	85	86	87	88	89	90	91	92	93	94	95	96	99	100	101	102	103	104	105	106	107	108	109	110	111	112	113	114	115	116	117	119	120	121	122	123	126	127	128	130	131	132	133	134	135	136	138	139	140	141	142	143	144	146	147	148	149	150	151	153	154	155	157	160	161	162	164	165
10	11	12	16	19	21	22	23	25	26	27	28	29	30	31	32	34	36	39	40	42	44	45	46	47	48	49	50	51	53	54	55	56	57	58	59	60	61	62	63	64	65	66	67	68	69	71	72	74	78	79	80	81	83	84	85	86	87	88	89	90	91	92	93	94	95	96	98	99	100	101	102	103	104	105	106	107	108	109	110	111	112	113	114	115	116	117	119	120	121	122	123	126	128	130	131	132	133	134	135	136	138	139	140	141	142	143	144	146	147	148	149	150	151	153	154	155	157	160	161	162	164	165
10	11	12	16	18	21	22	23	25	26	27	28	29	30	31	32	36	37	39	40	41	43	45	46	47	48	49	50	51	53	55	56	57	58	59	60	61	62	63	64	65	66	67	68	69	70	73	74	76	77	79	80	81	83	84	85	86	87	88	89	90	91	92	93	94	95	96	97	99	101	102	103	104	105	106	107	108	109	110	111	112	113	114	115	116	117	118	120	121	122	123	125	126	127	130	131	132	133	134	135	136	137	138	139	141	142	143	144	146	147	148	149	150	151	152	153	154	157	159	160	161	164	165
10	11	12	16	17	21	22	23	25	26	27	28	29	30	31	32	33	36	39	40	41	42	45	46	47	48	49	50	51	52	53	55	56	57	58	59	60	61	62	63	64	65	66	67	68	69	70	71	74	76	79	80	81	83	84	85	86	87	88	89	90	91	92	93	94	95	96	97	98	99	101	102	103	104	105	106	107	108	109	110	111	112	113	114	115	116	117	118	120	121	122	123	125	126	130	131	132	133	134	135	136	137	138	139	141	142	143	144	146	147	148	149	150	151	152	153	154	157	159	160	161	164	165
10	11	12	14	19	21	22	23	25	26	27	28	29	30	31	32	34	35	36	39	42	44	45	46	47	48	49	50	51	53	54	55	56	57	58	59	60	61	62	63	64	65	66	67	68	69	71	72	73	74	78	79	81	83	84	85	86	87	88	89	90	91	92	93	94	95	96	98	99	100	101	102	103	104	105	106	107	108	109	110	111	112	113	114	115	116	117	119	120	121	122	123	125	126	128	131	132	133	134	135	136	138	139	140	141	142	143	144	146	147	148	149	150	151	152	153	154	155	159	160	161	162	165
9	16	17	18	20	21	22	23	24	28	29	32	33	36	37	38	39	40	41	42	43	44	46	47	48	49	50	51	52	53	54	57	58	60	61	62	63	66	67	69	70	71	72	73	74	75	76	77	78	79	80	81	82	86	87	88	89	90	91	92	93	94	95	96	97	98	99	100	101	103	104	105	106	107	108	109	110	111	112	113	114	117	118	119	120	121	122	123	124	125	126	127	128	129	130	133	136	137	138	139	140	141	142	143	144	145	146	147	148	149	150	151	152	153	154	156	157	158	161	163	164	165	166
9	15	17	19	20	21	22	23	24	27	28	33	34	35	37	38	39	40	41	42	43	44	46	47	48	49	50	51	52	53	54	56	58	60	61	62	63	65	67	69	70	71	72	73	74	75	76	77	78	79	80	81	82	85	87	88	89	90	91	92	93	94	95	96	97	98	99	100	101	104	105	106	107	108	109	110	111	112	113	114	115	117	118	119	120	121	122	123	124	125	126	127	128	129	130	134	136	137	138	139	140	141	142	143	144	145	146	147	149	150	151	152	153	154	155	156	157	158	162	163	164	165	166
9	14	16	18	20	21	22	23	24	25	29	30	32	35	36	37	38	39	40	41	43	44	45	46	47	48	49	50	51	53	54	55	56	57	60	61	63	64	65	66	69	70	72	73	74	75	76	77	78	79	80	81	82	83	84	85	86	88	89	90	91	93	94	95	96	97	99	100	101	102	103	104	105	108	109	110	111	112	113	114	115	116	117	118	119	120	122	123	124	125	126	127	128	129	130	132	133	134	135	136	139	140	141	143	144	145	146	147	148	149	151	152	153	154	155	156	157	158	161	162	164	165	166
9	14	15	19	20	21	22	23	24	25	27	30	34	35	36	37	38	39	40	42	43	44	45	46	47	48	49	50	51	53	54	55	56	57	60	62	63	64	65	66	69	71	72	73	74	75	76	77	78	79	80	81	82	83	84	85	86	88	89	90	91	93	94	95	96	98	99	100	101	102	103	104	105	107	108	109	110	111	112	113	114	115	116	117	118	119	122	123	124	125	126	127	128	129	130	132	133	134	135	136	138	139	140	143	144	145	146	147	148	149	150	151	152	153	154	155	156	158	161	162	163	165	166
9	13	16	18	20	21	22	23	24	29	31	32	33	34	36	37	38	39	40	41	43	44	46	47	48	49	50	51	52	53	54	57	60	61	63	64	66	67	68	69	70	71	72	73	74	75	76	77	78	79	80	81	82	84	86	87	88	89	90	91	92	93	94	95	96	97	98	99	100	103	104	105	108	109	110	111	112	113	114	115	116	117	118	119	120	121	122	123	124	125	126	127	128	129	130	133	134	135	136	137	138	139	140	141	142	143	144	145	148	149	151	152	153	154	155	156	157	158	161	162	163	164	166
9	13	15	18	19	21	22	23	24	27	29	31	33	34	35	37	38	39	41	42	43	44	46	47	48	49	50	51	52	53	54	56	59	60	61	62	63	64	65	67	68	70	71	72	73	74	76	77	78	79	80	81	82	84	85	87	88	89	90	91	92	93	94	95	96	97	98	99	100	102	104	106	107	108	109	110	111	112	113	114	115	116	118	119	120	121	122	123	124	125	126	127	128	129	130	132	134	135	137	138	139	140	141	142	143	144	145	146	149	150	151	152	153	154	155	156	157	158	159	162	163	164	166
9	13	15	17	20	21	22	23	24	27	28	31	33	34	35	37	38	40	41	42	43	44	46	47	48	49	50	51	52	53	54	56	58	60	61	62	63	64	65	67	69	70	71	72	73	75	76	77	78	79	80	81	82	84	85	87	88	89	90	91	92	93	94	95	96	97	98	99	100	101	105	106	107	108	109	110	111	112	113	114	115	117	118	119	120	121	122	123	124	125	126	127	128	129	130	131	134	136	137	138	139	140	141	142	143	144	145	146	149	150	151	152	153	154	155	156	157	158	159	162	163	164	166
9	13	15	16	20	21	22	23	24	27	31	32	33	34	35	36	37	38	39	40	43	44	46	47	48	49	50	51	52	53	54	56	57	60	63	64	65	66	67	68	69	70	71	72	73	74	75	76	77	78	79	80	81	84	85	86	87	88	89	90	91	92	93	94	95	96	97	98	99	100	103	104	105	108	109	110	111	113	114	115	116	117	118	119	120	121	122	123	124	125	126	127	128	129	130	133	134	135	136	137	138	139	140	141	142	143	144	145	148	149	151	152	153	154	155	156	157	158	161	162	163	164	166
9	13	15	16	19	21	22	23	24	27	31	32	33	34	35	36	37	38	39	40	42	44	46	47	48	49	50	51	52	53	54	56	57	60	62	64	65	66	67	68	69	70	71	72	73	74	75	76	77	78	79	80	81	84	85	86	87	88	89	90	91	92	93	94	95	96	97	98	99	100	103	104	105	107	109	110	111	113	114	115	116	117	118	119	120	121	122	123	124	125	126	127	128	129	130	133	134	135	136	137	138	139	140	141	142	143	144	145	147	149	151	152	153	154	155	156	157	158	160	162	163	164	166
9	13	14	17	18	21	22	23	24	25	28	29	30	31	33	34	35	36	37	41	42	43	45	46	47	48	49	50	51	52	53	54	55	56	57	58	61	62	63	64	65	66	67	70	71	72	73	74	76	77	79	80	82	83	84	85	86	87	88	89	90	91	92	93	94	95	96	97	98	99	100	101	102	103	104	106	107	110	111	112	113	114	115	116	118	119	120	121	122	124	125	126	127	129	130	131	132	133	134	135	137	138	139	140	141	142	143	144	145	146	147	151	152	153	154	156	157	158	159	160	163	164	166
9	13	14	15	20	21	22	23	24	25	27	30	31	33	34	35	36	37	38	40	43	44	45	46	47	48	49	50	51	52	53	54	55	56	57	60	63	64	65	66	67	69	70	71	72	73	74	75	76	77	78	80	81	83	84	85	86	87	88	89	90	91	92	93	94	95	96	97	98	99	100	101	102	103	104	105	108	109	111	113	114	115	116	117	118	119	120	122	123	124	125	126	127	128	129	131	132	133	134	135	136	137	138	139	140	141	143	144	145	146	148	149	152	153	154	155	156	158	159	161	162	163	166
9	13	14	15	19	21	22	23	24	25	27	30	31	33	34	35	36	37	38	39	42	44	45	46	47	48	49	50	51	52	53	54	55	56	57	60	62	64	65	66	67	68	70	71	72	73	74	75	76	77	78	79	81	83	84	85	86	87	88	89	90	91	92	93	94	95	96	97	98	99	100	101	102	103	104	105	107	109	110	113	114	115	116	117	118	119	120	121	123	124	125	126	127	128	129	131	132	133	134	135	136	137	138	139	140	141	142	144	145	146	147	149	152	153	154	155	156	158	159	160	162	163	166
9	13	14	15	18	21	22	23	24	25	27	29	30	31	33	34	35	36	37	38	41	43	45	46	47	48	49	50	51	52	53	54	55	56	57	59	60	61	63	64	65	66	67	70	71	72	73	74	75	76	77	78	80	83	84	85	86	87	88	89	90	91	92	93	94	95	96	97	98	99	100	101	102	103	104	105	106	108	109	111	113	114	115	116	117	118	119	120	122	124	125	126	127	128	129	131	132	133	134	135	136	137	138	139	140	141	143	144	145	146	148	149	152	153	154	155	156	158	159	161	162	163	166
9	13	14	15	17	21	22	23	24	25	27	28	30	31	33	34	35	36	37	38	41	42	45	46	47	48	49	50	51	52	53	54	55	56	57	58	60	61	62	64	65	66	67	70	71	72	73	74	75	76	77	78	79	83	84	85	86	87	88	89	90	91	92	93	94	95	96	97	98	99	100	101	102	103	104	105	106	107	109	110	113	114	115	116	117	118	119	120	121	124	125	126	127	128	129	131	132	133	134	135	136	137	138	139	140	141	142	144	145	146	147	149	152	153	154	155	156	158	159	160	162	163	166
9	12	18	19	20	21	22	23	24	29	30	31	32	34	37	38	39	40	41	42	43	44	45	46	47	48	49	50	51	53	54	60	61	62	63	64	65	66	67	68	69	70	71	72	73	74	76	77	78	79	80	81	82	83	84	85	86	88	89	90	91	92	93	94	95	96	97	98	99	100	104	107	108	109	110	111	112	113	114	115	116	117	118	119	120	121	122	123	124	125	126	127	128	129	130	132	133	134	135	136	138	139	140	141	142	143	144	145	149	150	151	152	153	154	155	156	157	158	161	162	163	164	166
9	12	17	18	20	21	22	23	24	28	29	30	31	32	33	37	38	40	41	42	43	44	45	46	47	48	49	50	51	52	53	54	58	60	61	62	63	64	65	66	67	69	70	71	72	73	76	77	78	79	80	81	82	83	84	85	86	87	88	89	90	91	92	93	94	95	96	97	98	99	100	101	106	107	108	109	110	111	112	113	114	115	117	118	119	120	121	122	123	124	125	126	127	129	130	131	132	133	134	136	137	138	139	140	141	142	143	144	145	146	150	151	152	153	154	156	157	158	159	161	163	164	166
9	12	16	18	19	21	22	23	24	29	30	31	32	34	36	37	39	40	41	42	43	44	45	46	47	48	49	50	51	53	54	57	61	62	63	64	65	66	67	68	69	70	71	72	73	74	76	77	78	79	80	81	82	83	84	85	86	88	89	90	91	92	93	94	95	96	97	98	99	100	103	104	107	109	110	111	112	113	114	115	116	117	118	119	120	121	122	123	124	125	126	127	128	129	130	132	133	134	135	136	138	139	140	141	142	143	144	145	147	149	151	152	153	154	155	156	157	158	160	161	162	164	166
9	12	16	17	18	21	22	23	24	28	29	30	31	32	33	36	37	39	40	41	42	43	45	46	47	48	49	50	51	52	53	54	57	58	61	62	63	64	65	66	67	68	69	70	71	73	74	76	77	79	80	81	82	83	84	85	86	87	88	89	90	91	92	93	94	95	96	97	98	99	100	101	103	104	106	107	110	111	112	113	114	115	116	117	118	120	121	122	123	124	125	126	127	129	130	131	132	133	134	135	136	137	138	139	141	142	143	144	145	146	147	151	152	153	154	156	157	158	159	160	161	164	166
9	12	15	19	20	21	22	23	24	27	30	31	32	34	35	37	38	39	40	42	43	44	45	46	47	48	49	50	51	53	54	56	60	62	63	64	65	66	67	68	69	71	72	73	74	75	76	77	78	79	80	81	82	83	84	85	86	88	89	90	91	92	93	94	95	96	98	99	100	104	105	107	108	109	110	111	112	113	114	115	116	117	118	119	120	121	122	123	124	125	126	127	128	129	130	132	133	134	135	136	138	139	140	141	142	143	144	145	149	150	151	152	153	154	155	156	157	158	161	162	163	164	166
9	12	15	17	18	21	22	23	24	27	28	29	30	31	32	33	35	37	38	41	42	43	45	46	47	48	49	50	51	52	53	54	56	58	59	60	61	62	63	64	65	66	67	69	70	71	73	76	77	78	79	80	82	83	84	85	86	87	88	89	90	91	92	93	94	95	96	97	98	99	100	101	102	106	107	108	109	110	111	112	113	114	115	117	118	119	120	121	122	124	125	126	127	129	130	131	132	133	134	136	137	138	139	140	141	142	143	144	145	146	150	151	152	153	154	156	157	158	159	161	163	164	166
9	12	15	16	18	21	22	23	24	27	29	30	31	32	35	36	37	38	39	40	41	43	45	46	47	48	49	50	51	53	54	56	57	59	60	61	63	64	65	66	67	68	69	70	73	74	75	76	77	78	79	80	81	83	84	85	86	88	89	90	91	92	93	94	95	96	97	99	100	102	103	104	105	106	108	109	110	111	113	114	115	116	117	118	119	120	121	122	123	125	126	127	128	129	130	132	133	134	135	136	137	139	140	141	142	143	144	146	148	149	151	152	153	154	155	156	157	158	159	161	162	164	166
9	12	14	18	20	21	22	23	24	25	29	30	31	32	35	36	37	38	40	41	43	44	45	46	47	48	49	50	51	53	54	55	56	57	60	61	63	64	65	66	67	69	70	72	73	74	75	76	77	78	80	81	82	83	84	85	86	88	89	90	91	92	93	94	95	96	97	99	100	101	102	103	104	105	108	109	111	112	113	114	115	116	117	118	119	120	122	123	124	125	126	127	128	129	130	131	132	133	134	135	136	139	140	141	143	144	145	146	148	149	151	152	153	154	155	156	157	158	159	161	162	164	166
9	12	14	17	18	21	22	23	24	25	28	29	30	31	32	33	35	36	37	41	42	43	45	46	47	48	49	50	51	52	53	54	55	56	57	58	61	62	63	64	65	66	67	69	70	71	73	74	76	77	79	80	82	83	84	85	86	87	88	89	90	91	92	93	94	95	96	97	98	99	100	101	102	103	104	106	107	110	111	112	113	114	115	116	117	118	120	121	122	124	125	126	127	129	130	131	132	133	134	135	136	137	138	139	141	142	143	144	145	146	147	151	152	153	154	156	157	158	159	160	161	164	166
9	12	14	15	17	21	22	23	24	25	27	28	30	31	32	33	35	36	37	38	41	42	45	46	47	48	49	50	51	52	53	54	55	56	57	58	60	61	62	64	65	66	67	69	70	71	73	74	75	76	77	78	79	83	84	85	86	87	88	89	90	91	92	93	94	95	96	97	98	99	100	101	102	103	104	105	106	107	109	110	113	114	115	116	117	118	119	120	121	122	125	126	127	128	129	131	132	133	134	135	136	137	138	139	140	141	142	143	144	146	147	149	152	153	154	155	156	158	159	160	161	162	166
9	11	16	18	19	21	22	23	24	26	28	29	32	34	36	37	39	40	41	42	43	44	46	47	48	49	50	51	52	53	54	55	57	58	59	61	62	63	66	68	69	70	71	72	73	74	76	77	78	79	80	81	82	83	86	87	88	89	90	91	92	93	94	95	96	97	98	99	100	101	102	103	104	106	107	108	109	110	111	112	114	116	118	119	120	121	122	123	124	125	126	127	128	129	130	132	133	135	137	138	139	140	141	142	143	144	145	146	147	148	149	150	151	153	154	156	157	158	160	161	163	164	165
9	11	16	17	20	21	22	23	24	26	28	29	32	33	36	38	39	40	41	42	43	44	46	47	48	49	50	51	52	53	54	55	57	58	60	61	62	63	66	67	69	70	71	72	74	75	76	77	78	79	80	81	82	83	86	87	88	89	90	91	92	93	94	95	96	97	98	99	100	101	103	104	105	106	107	108	109	110	111	112	113	117	118	119	120	121	122	123	124	125	126	127	128	129	130	131	133	136	137	138	139	140	141	142	143	144	145	146	147	148	149	150	151	153	154	156	157	158	160	161	163	164	165
9	11	15	19	20	21	22	23	24	26	27	28	29	34	35	37	38	39	40	42	43	44	46	47	48	49	50	51	52	53	54	55	56	58	59	60	61	62	63	65	69	71	72	73	74	75	76	77	78	79	80	81	82	83	85	87	88	89	90	91	92	93	94	95	96	97	98	99	100	101	102	103	104	105	106	107	108	109	110	111	112	114	115	117	118	119	122	123	124	125	126	127	128	129	130	132	133	134	136	137	138	139	140	141	142	143	144	145	146	147	148	149	150	151	154	155	156	158	161	162	163	164	165
9	11	15	16	20	21	22	23	24	26	27	28	29	32	35	36	37	38	39	40	43	44	46	47	48	49	50	51	52	53	54	55	56	57	58	59	60	61	62	63	65	66	69	72	73	74	75	76	77	78	79	80	81	83	85	86	87	88	89	90	91	92	93	94	95	96	97	98	99	100	101	102	103	104	105	106	107	108	109	110	111	112	114	115	117	118	119	122	123	125	126	127	128	129	130	132	133	134	136	137	138	139	140	141	142	143	144	145	146	147	148	149	150	151	154	155	156	158	161	162	163	164	165
9	11	15	16	18	21	22	23	24	26	27	28	29	32	35	36	37	38	39	40	41	43	46	47	48	49	50	51	52	53	54	55	56	57	58	59	60	61	62	63	65	66	69	70	73	74	75	76	77	78	79	80	81	83	85	86	87	88	89	90	91	92	93	94	95	96	97	98	99	100	101	102	103	104	105	106	107	108	109	110	111	112	114	115	117	118	119	120	122	125	126	127	128	129	130	132	133	134	136	137	138	139	140	141	142	143	144	145	146	147	148	149	150	151	152	154	156	158	159	161	163	164	165
9	11	14	17	19	21	22	23	24	25	26	28	29	30	33	34	35	36	39	41	42	44	45	46	47	48	49	50	51	52	53	54	55	56	57	58	61	62	63	64	65	66	67	70	71	72	73	74	76	78	79	81	82	83	84	85	86	87	88	89	90	91	92	93	94	95	96	97	98	99	100	101	102	103	104	106	107	109	110	111	112	113	114	115	116	118	119	120	121	124	125	126	128	129	130	131	132	133	134	135	137	138	139	140	141	142	143	144	145	146	147	149	150	151	152	153	156	158	159	160	163	164	165
9	11	14	16	20	21	22	23	24	25	26	28	29	30	32	35	36	38	39	40	43	44	45	46	47	48	49	50	51	52	53	54	55	56	57	58	60	61	62	63	64	65	66	69	72	73	74	75	77	78	79	80	81	83	84	85	86	87	88	89	90	91	92	93	94	95	96	97	98	99	100	101	102	103	104	105	107	108	109	110	111	112	113	114	115	116	117	119	122	123	125	126	127	128	130	131	132	133	134	135	136	138	139	140	141	142	143	144	145	146	147	148	149	151	153	154	155	158	160	161	162	164	165
9	11	14	16	19	21	22	23	24	25	26	28	29	30	32	34	35	36	39	40	42	44	45	46	47	48	49	50	51	52	53	54	55	56	57	58	61	62	63	64	65	66	68	69	71	72	73	74	75	78	79	80	81	83	84	85	86	87	88	89	90	91	92	93	94	95	96	97	98	99	100	101	102	103	104	105	107	109	110	111	112	113	114	115	116	117	119	121	122	123	125	126	127	128	130	131	132	133	134	135	136	138	139	140	141	142	143	144	145	146	147	148	149	151	153	154	155	158	160	161	162	164	165
9	11	14	16	18	21	22	23	24	25	26	28	29	30	32	35	36	37	39	40	41	43	45	46	47	48	49	50	51	52	53	54	55	56	57	58	59	61	62	63	64	65	66	69	70	73	74	75	76	77	79	80	81	83	84	85	86	87	88	89	90	91	92	93	94	95	96	97	98	99	100	101	102	103	104	105	106	107	108	110	111	112	113	114	115	116	117	118	120	122	125	126	127	128	130	131	132	133	134	135	136	137	138	139	141	142	143	144	145	146	147	148	149	151	152	153	154	158	159	160	161	164	165
9	11	14	16	17	21	22	23	24	25	26	28	29	30	32	33	35	36	39	40	41	42	45	46	47	48	49	50	51	52	53	54	55	56	57	58	61	62	63	64	65	66	67	69	70	71	73	74	75	76	79	80	81	83	84	85	86	87	88	89	90	91	92	93	94	95	96	97	98	99	100	101	102	103	104	105	106	107	110	111	112	113	114	115	116	117	118	120	121	122	125	126	127	128	130	131	132	133	134	135	136	137	138	139	141	142	143	144	145	146	147	148	149	151	152	153	154	158	159	160	161	164	165
9	11	13	16	20	21	22	23	24	26	28	29	31	32	33	34	36	38	39	40	43	44	46	47	48	49	50	51	52	53	54	55	57	58	60	61	62	63	64	66	67	68	69	70	71	72	74	75	77	78	79	80	81	83	84	86	87	88	89	90	91	92	93	94	95	96	97	98	99	100	101	103	104	105	107	108	109	110	111	112	113	115	116	117	118	119	120	121	122	123	124	126	127	128	130	131	133	134	135	136	137	138	139	140	141	142	143	144	145	147	148	149	151	153	154	155	156	157	160	161	162	163	164
9	11	13	16	18	21	22	23	24	26	28	29	31	32	33	34	36	37	39	40	41	43	46	47	48	49	50	51	52	53	54	55	57	58	59	61	62	63	64	66	67	68	69	70	71	72	73	74	76	77	79	80	81	83	84	86	87	88	89	90	91	92	93	94	95	96	97	98	99	100	101	102	103	104	106	107	108	110	111	112	113	114	115	116	118	119	120	121	122	123	124	125	126	127	130	131	132	133	134	135	137	138	139	140	141	142	143	144	145	146	147	148	151	152	153	154	156	157	159	160	161	163	164
9	11	13	15	20	21	22	23	24	26	27	28	29	31	33	34	35	37	38	40	43	44	46	47	48	49	50	51	52	53	54	55	56	58	59	60	61	62	63	64	65	67	69	70	71	72	73	75	76	77	78	80	81	83	84	85	87	88	89	90	91	92	93	94	95	96	97	98	99	100	101	102	103	105	106	107	108	109	110	111	112	113	114	115	117	118	119	120	122	123	124	125	127	128	129	131	132	133	134	136	137	138	139	140	141	142	143	144	145	146	148	149	150	151	152	154	155	156	159	161	162	163	164
9	11	13	15	19	21	22	23	24	26	27	28	29	31	33	34	35	37	38	39	42	44	46	47	48	49	50	51	52	53	54	55	56	58	59	60	61	62	63	64	65	67	68	70	71	72	73	74	76	77	78	79	81	83	84	85	87	88	89	90	91	92	93	94	95	96	97	98	99	100	101	102	103	104	106	107	108	109	110	111	112	113	114	115	116	118	119	120	121	123	124	125	126	128	129	131	132	133	134	135	137	138	139	140	141	142	143	144	145	146	147	149	150	151	152	153	155	156	159	160	162	163	164
9	11	12	19	20	21	22	23	24	26	28	29	30	31	32	34	38	39	40	42	43	44	45	46	47	48	49	50	51	52	53	54	55	58	60	61	62	63	64	65	66	67	68	69	71	72	74	77	78	79	80	81	82	83	84	85	86	87	88	89	90	91	92	93	94	95	96	97	98	99	100	101	103	104	107	108	109	110	111	112	113	114	115	116	117	119	120	121	122	123	124	126	128	129	130	131	132	133	134	135	136	138	139	140	141	142	143	144	145	147	149	150	151	153	154	155	156	157	160	161	162	163	164
9	11	12	17	20	21	22	23	24	26	28	29	30	31	32	33	38	40	41	42	43	44	45	46	47	48	49	50	51	52	53	54	55	58	60	61	62	63	64	65	66	67	69	70	71	72	76	77	78	79	80	81	82	83	84	85	86	87	88	89	90	91	92	93	94	95	96	97	98	99	100	101	103	106	107	108	109	110	111	112	113	114	115	117	118	119	120	121	122	123	124	125	126	129	130	131	132	133	134	136	137	138	139	140	141	142	143	144	145	146	147	150	151	152	153	154	156	157	159	160	161	163	164
9	11	12	15	20	21	22	23	24	26	27	28	29	30	31	32	35	37	38	40	43	44	45	46	47	48	49	50	51	52	53	54	55	56	58	59	60	61	62	63	64	65	66	67	69	72	73	75	76	77	78	80	81	83	84	85	86	87	88	89	90	91	92	93	94	95	96	97	98	99	100	101	102	103	105	106	107	108	109	110	111	112	113	114	115	117	118	119	120	122	123	125	127	128	129	131	132	133	134	136	137	138	139	140	141	142	143	144	145	146	148	149	150	151	152	154	155	156	159	161	162	163	164
9	11	12	14	20	21	22	23	24	25	26	28	29	30	31	32	35	36	38	40	43	44	45	46	47	48	49	50	51	52	53	54	55	56	57	58	60	61	62	63	64	65	66	67	69	72	73	74	75	77	78	80	81	83	84	85	86	87	88	89	90	91	92	93	94	95	96	97	98	99	100	101	102	103	104	105	107	108	109	110	111	112	113	114	115	116	117	119	120	122	123	125	126	127	128	131	132	133	134	135	136	138	139	140	141	142	143	144	145	146	147	148	149	151	152	153	154	155	159	160	161	162	164
9	10	18	19	20	21	22	23	24	25	26	27	29	34	37	38	39	40	41	42	43	44	45	46	47	48	49	50	51	53	54	55	56	57	58	59	60	61	62	63	69	70	71	72	73	74	76	77	78	79	80	81	82	83	84	85	86	87	88	89	90	91	93	94	95	96	97	98	99	100	101	102	103	104	105	106	107	108	109	110	111	112	114	118	119	120	122	123	124	125	126	127	128	129	130	132	133	134	135	136	137	138	139	140	141	143	144	145	146	147	148	149	150	151	154	156	157	158	161	162	163	164	165
9	10	17	19	20	21	22	23	24	25	26	27	28	33	34	38	39	40	41	42	43	44	45	46	47	48	49	50	51	52	53	54	55	56	57	58	60	61	62	63	67	69	70	71	72	74	76	77	78	79	80	81	82	83	84	85	86	87	88	89	90	91	92	93	94	95	96	97	98	99	100	101	103	104	105	106	107	108	109	110	111	112	113	118	119	120	121	122	123	124	125	126	128	129	130	131	133	134	135	136	137	138	139	140	141	142	143	144	145	146	147	149	150	151	153	156	157	158	160	162	163	164	165
9	10	16	18	20	21	22	23	24	25	26	27	29	32	36	37	38	39	40	41	43	44	45	46	47	48	49	50	51	53	54	55	56	57	58	59	60	61	63	66	69	70	72	73	74	75	76	77	78	79	80	81	82	83	84	85	86	87	88	89	90	91	93	94	95	96	97	99	100	101	102	103	104	105	106	107	108	109	110	111	112	114	117	118	119	120	122	123	124	125	126	127	128	129	130	132	133	134	135	136	137	138	139	140	141	143	144	145	146	147	148	149	150	151	154	156	157	158	161	162	163	164	165
9	10	16	17	19	21	22	23	24	25	26	27	28	32	33	34	36	39	40	41	42	44	45	46	47	48	49	50	51	52	53	54	55	56	57	58	60	61	62	66	67	68	69	70	71	72	74	76	78	79	80	81	82	83	84	85	86	87	88	89	90	91	92	93	94	95	96	97	98	99	100	101	103	104	105	106	107	109	110	111	112	113	116	118	119	120	121	122	123	124	125	126	128	129	130	131	133	134	135	136	137	138	139	140	141	142	143	144	145	146	147	149	150	151	153	156	157	158	160	162	163	164	165
9	10	15	18	19	21	22	23	24	25	26	27	29	34	35	37	38	39	41	42	43	44	45	46	47	48	49	50	51	53	54	55	56	57	58	59	60	61	62	63	65	70	71	72	73	74	76	77	78	79	80	81	82	83	84	85	86	87	88	89	90	91	93	94	95	96	97	98	99	100	101	102	103	104	105	106	107	108	109	110	111	112	114	115	118	119	120	122	124	125	126	127	128	129	130	132	133	134	135	136	137	138	139	140	141	143	144	145	146	147	148	149	150	151	152	154	156	158	159	161	162	163	165
9	10	15	17	19	21	22	23	24	25	26	27	28	33	34	35	37	38	39	41	42	44	45	46	47	48	49	50	51	52	53	54	55	56	57	58	59	60	61	62	65	67	70	71	72	73	74	76	77	78	79	81	82	83	84	85	86	87	88	89	90	91	92	93	94	95	96	97	98	99	100	101	102	103	104	105	106	107	108	109	110	112	113	114	115	118	119	120	121	124	125	126	128	129	130	131	132	133	134	135	136	137	138	139	140	141	142	144	145	146	147	149	150	151	152	153	156	158	159	160	162	163	165
9	10	15	16	19	21	22	23	24	25	26	27	32	34	35	36	37	38	39	40	42	44	45	46	47	48	49	50	51	53	54	55	56	57	58	59	60	62	65	66	68	69	71	72	73	74	75	76	77	78	79	80	81	83	84	85	86	87	88	89	90	91	93	94	95	96	98	99	100	101	102	103	104	105	106	107	108	109	110	111	114	115	116	117	118	119	121	122	123	125	126	127	128	129	130	132	133	134	135	136	137	138	139	140	142	143	144	146	147	148	149	150	151	153	154	155	156	158	160	161	162	163	165
9	10	14	19	20	21	22	23	24	25	26	27	30	34	35	36	38	39	40	42	43	44	45	46	47	48	49	50	51	53	54	55	56	57	58	60	62	63	64	65	66	69	71	72	73	74	75	77	78	79	80	81	82	83	84	85	86	87	88	89	90	91	93	94	95	96	98	99	100	101	102	103	104	105	107	108	109	110	111	112	113	114	115	116	117	119	122	123	124	125	126	127	128	129	130	131	132	133	134	135	136	138	139	140	143	144	145	146	147	148	149	150	151	153	154	155	156	158	160	161	162	163	165
9	10	14	17	19	21	22	23	24	25	26	27	28	30	33	34	35	36	39	41	42	44	45	46	47	48	49	50	51	52	53	54	55	56	57	58	60	61	62	64	65	66	67	70	71	72	73	74	76	78	79	81	82	83	84	85	86	87	88	89	90	91	92	93	94	95	96	97	98	99	100	101	102	103	104	105	106	107	109	110	112	113	114	115	116	118	119	120	121	124	125	126	128	129	130	131	132	133	134	135	136	137	138	139	140	141	142	144	145	146	147	149	150	151	152	153	156	158	159	160	162	163	165
9	10	14	16	17	21	22	23	24	25	26	27	28	30	32	33	35	36	39	40	41	42	45	46	47	48	49	50	51	52	53	54	55	56	57	58	60	61	62	64	65	66	67	69	70	71	73	74	75	76	79	80	81	83	84	85	86	87	88	89	90	91	92	93	94	95	96	97	98	99	100	101	102	103	104	105	106	107	109	110	111	113	114	115	116	117	118	120	121	122	125	126	127	128	130	131	132	133	134	135	136	137	138	139	140	141	142	143	144	146	147	148	149	151	152	153	154	158	159	160	161	162	165
9	10	13	18	20	21	22	23	24	25	26	27	29	31	33	34	37	38	40	41	43	44	45	46	47	48	49	50	51	52	53	54	55	56	57	58	59	60	61	63	64	67	69	70	71	72	73	76	77	78	80	81	82	83	84	85	86	87	88	89	90	91	92	93	94	95	96	97	98	99	100	101	102	103	104	105	106	107	108	109	111	112	113	114	115	118	119	120	122	123	124	125	127	129	130	131	132	133	134	135	136	137	138	139	140	141	143	144	145	146	148	149	150	151	152	154	156	157	159	161	162	163	164
9	10	13	17	20	21	22	23	24	25	26	27	28	31	33	34	38	40	41	42	43	44	45	46	47	48	49	50	51	52	53	54	55	56	57	58	60	61	62	63	64	67	69	70	71	72	76	77	78	79	80	81	82	83	84	85	86	87	88	89	90	91	92	93	94	95	96	97	98	99	100	101	103	104	105	106	107	108	109	110	111	112	113	115	118	119	120	121	122	123	124	125	126	129	130	131	133	134	135	136	137	138	139	140	141	142	143	144	145	146	147	149	150	151	152	153	156	157	159	160	162	163	164
9	10	13	16	20	21	22	23	24	25	26	27	31	32	33	34	36	38	39	40	43	44	45	46	47	48	49	50	51	52	53	54	55	56	57	58	60	63	64	66	67	68	69	70	71	72	74	75	77	78	79	80	81	83	84	85	86	87	88	89	90	91	92	93	94	95	96	97	98	99	100	101	103	104	105	107	108	109	110	111	113	115	116	117	118	119	120	121	122	123	124	126	127	128	130	131	133	134	135	136	137	138	139	140	141	142	143	144	145	147	148	149	151	153	154	155	156	157	160	161	162	163	164
9	10	13	14	20	21	22	23	24	25	26	27	30	31	33	34	35	36	38	40	43	44	45	46	47	48	49	50	51	52	53	54	55	56	57	58	60	63	64	65	66	67	69	70	71	72	73	74	75	77	78	80	81	83	84	85	86	87	88	89	90	91	92	93	94	95	96	97	98	99	100	101	102	103	104	105	107	108	109	111	113	114	115	116	117	118	119	120	122	123	124	125	126	127	128	131	132	133	134	135	136	137	138	139	140	141	143	144	145	146	147	148	149	152	153	154	155	156	159	160	161	162	163
9	10	12	19	20	21	22	23	24	25	26	27	30	31	32	34	38	39	40	42	43	44	45	46	47	48	49	50	51	53	54	55	56	57	58	60	62	63	64	65	66	67	68	69	71	72	74	77	78	79	80	81	82	83	84	85	86	87	88	89	90	91	92	93	94	95	96	98	99	100	101	103	104	105	107	108	109	110	111	112	113	114	115	116	117	119	120	121	122	123	124	126	128	129	130	131	132	133	134	135	136	138	139	140	141	142	143	144	145	147	149	150	151	153	154	155	156	157	160	161	162	163	164
9	10	12	18	20	21	22	23	24	25	26	27	29	30	31	32	37	38	40	41	43	44	45	46	47	48	49	50	51	53	54	55	56	57	58	59	60	61	63	64	65	66	67	69	70	72	73	76	77	78	80	81	82	83	84	85	86	87	88	89	90	91	92	93	94	95	96	97	99	100	101	102	103	104	105	106	107	108	109	111	112	113	114	115	117	118	119	120	122	123	124	125	127	129	130	131	132	133	134	135	136	137	138	139	140	141	143	144	145	146	148	149	150	151	152	154	156	157	159	161	162	163	164
9	10	12	16	18	21	22	23	24	25	26	27	29	30	31	32	36	37	39	40	41	43	45	46	47	48	49	50	51	53	54	55	56	57	58	59	60	61	63	64	65	66	67	68	69	70	73	74	76	77	79	80	81	83	84	85	86	87	88	89	90	91	92	93	94	95	96	97	99	100	101	102	103	104	105	106	107	108	109	110	111	113	114	115	116	117	118	120	121	122	123	125	126	127	130	131	132	133	134	135	136	137	138	139	140	141	142	143	144	146	147	148	149	151	152	153	154	157	159	160	161	162	164
9	10	12	15	19	21	22	23	24	25	26	27	30	31	32	34	35	37	38	39	42	44	45	46	47	48	49	50	51	53	54	55	56	57	58	59	60	62	64	65	66	67	68	69	71	72	73	74	76	77	78	79	81	83	84	85	86	87	88	89	90	91	92	93	94	95	96	98	99	100	101	102	103	104	105	106	107	108	109	110	113	114	115	116	117	118	119	120	121	122	123	125	126	128	129	131	132	133	134	135	136	137	138	139	140	141	142	143	144	146	147	149	150	152	153	154	155	156	159	160	161	162	163
13	14	15	17	18	24	25	27	28	29	30	31	33	34	35	36	37	38	41	42	43	47	48	50	52	53	54	55	56	57	58	59	60	61	62	63	64	65	66	67	70	71	72	73	74	75	76	77	78	79	80	82	84	85	87	88	89	90	91	92	93	97	98	99	100	101	102	103	104	105	106	107	108	109	110	111	112	113	114	115	116	117	118	119	120	121	122	124	125	126	127	128	129	130	131	132	134	137	138	139	140	141	145	146	147	148	149	150	151	152	153	154	155	156	157	158	159	163	165	166
12	14	15	17	18	22	25	27	28	29	30	31	32	33	35	36	37	38	41	42	43	45	48	49	50	51	53	55	56	57	58	59	60	61	62	63	64	65	66	67	69	70	71	73	74	75	76	77	78	79	80	82	83	84	85	86	88	89	91	92	93	94	96	97	99	101	102	103	104	105	106	107	108	109	110	111	112	113	114	115	116	117	118	119	120	121	122	124	125	126	127	128	129	130	131	132	133	134	136	137	139	141	143	146	147	148	149	150	151	152	153	154	155	156	157	158	159	161	165	166
12	13	15	17	18	22	24	27	28	29	30	31	32	33	34	35	37	38	41	42	43	47	48	49	50	51	52	53	54	56	58	59	60	61	62	63	64	65	66	67	68	69	70	71	72	73	76	77	78	79	80	82	84	85	87	88	89	90	91	92	93	94	95	96	97	98	99	100	101	102	106	107	108	109	110	111	112	113	114	115	116	117	118	119	120	121	122	123	124	125	126	127	129	130	131	132	134	137	138	139	140	141	142	143	144	145	146	150	151	152	153	154	155	156	157	158	159	163	164	166
12	13	14	17	18	22	24	25	28	29	30	31	32	33	34	35	36	37	41	42	43	45	47	49	50	51	52	53	54	55	56	57	58	61	62	63	64	65	66	67	68	69	70	71	72	73	74	76	77	79	80	82	83	84	85	86	87	89	90	92	93	94	95	96	97	98	99	100	101	102	103	104	106	107	110	111	112	113	114	115	116	117	118	119	120	121	122	123	124	125	126	127	129	130	131	132	133	134	135	137	138	141	142	143	144	145	146	147	151	152	153	154	155	156	157	158	159	160	164	166
12	13	14	15	18	22	24	25	27	29	30	31	32	33	34	35	36	37	38	41	43	45	47	48	49	50	51	53	54	55	56	57	59	60	61	63	64	65	66	67	68	69	70	71	72	73	74	75	76	77	78	80	83	84	85	86	88	89	90	91	92	93	94	95	96	97	99	100	101	102	103	104	105	106	108	109	111	113	114	115	116	117	118	119	120	121	122	123	124	125	126	127	128	129	131	132	133	134	135	136	137	139	140	141	143	144	146	148	149	152	153	154	155	156	157	158	159	161	162	166
12	13	14	15	17	22	24	25	27	28	30	31	32	33	34	35	36	37	38	41	42	45	47	48	49	50	51	52	54	55	56	57	58	60	61	62	64	65	66	67	68	69	70	71	72	73	74	75	76	77	78	79	83	84	85	86	87	89	90	91	92	93	94	95	96	97	98	100	101	102	103	104	105	106	107	109	110	113	114	115	116	117	118	119	120	121	122	123	124	125	126	127	128	129	131	132	133	134	135	136	137	138	140	141	142	144	146	147	149	152	153	154	155	156	157	158	159	160	162	166
11	14	16	17	19	23	25	26	28	29	30	32	33	34	35	36	39	40	41	42	44	46	49	51	52	53	54	55	56	57	58	61	62	63	64	65	66	67	68	69	70	71	72	73	74	75	76	78	79	80	81	82	83	86	87	90	92	93	94	95	96	97	98	99	100	101	102	103	104	105	106	107	109	110	111	112	113	114	115	116	117	118	119	120	121	122	123	124	125	126	127	128	129	130	131	133	135	138	141	142	143	144	145	146	147	148	149	150	151	152	153	154	155	156	157	158	160	164	165	166
11	12	16	18	20	22	23	26	28	29	30	31	32	36	37	38	39	40	41	43	44	46	49	50	51	53	55	57	58	59	60	61	62	63	64	65	66	67	68	69	70	72	73	74	75	76	77	78	79	80	81	82	83	86	88	91	92	93	94	95	96	97	99	100	101	102	103	104	105	106	107	108	109	110	111	112	113	114	115	116	117	118	119	120	121	122	123	124	125	126	127	128	129	130	132	133	136	139	141	142	143	144	145	146	147	148	149	150	151	152	153	154	155	156	157	158	161	164	165	166
10	14	16	17	19	21	25	26	27	28	30	32	33	34	35	36	39	40	41	42	44	45	46	47	48	51	54	55	56	57	58	60	61	62	64	65	66	67	68	69	70	71	72	73	74	75	76	78	79	80	81	82	83	84	85	86	87	89	90	91	94	95	96	98	100	101	102	103	104	105	106	107	109	110	111	112	113	114	115	116	117	118	119	120	121	122	123	124	125	126	127	128	129	130	131	133	134	135	136	138	140	142	144	146	147	148	149	150	151	152	153	154	155	156	157	158	160	162	165	166
10	13	15	19	20	21	24	25	26	27	31	33	34	35	37	38	39	40	42	43	44	46	47	48	50	54	55	56	57	58	59	60	62	63	64	65	67	68	69	70	71	72	73	74	75	76	77	78	79	80	81	82	84	85	87	88	89	90	91	95	96	98	99	100	101	102	103	104	105	106	107	108	109	110	111	112	113	114	115	116	117	118	119	120	121	122	123	124	125	126	127	128	129	130	134	135	136	137	138	139	140	144	145	146	147	148	149	150	151	152	153	154	155	156	157	158	162	163	165	166
10	11	16	17	19	21	23	25	26	27	28	29	32	33	34	36	39	40	41	42	44	46	47	48	49	51	52	53	54	55	56	57	58	59	60	61	62	63	66	67	68	69	70	71	72	74	76	78	79	80	81	82	83	86	87	88	89	90	91	92	93	94	95	96	97	98	99	100	101	102	103	104	105	106	107	108	109	110	111	112	113	116	118	119	120	121	122	123	124	125	126	128	129	130	131	133	135	137	138	139	140	141	142	143	144	145	146	147	148	149	150	151	153	156	157	158	160	163	164	165
10	11	14	17	19	21	23	25	26	27	28	29	30	33	34	35	36	39	41	42	44	45	46	47	48	49	52	53	54	55	56	57	58	59	60	61	62	63	64	65	66	67	70	71	72	73	74	76	78	79	81	82	83	84	85	86	87	88	89	90	91	92	93	94	97	98	99	100	101	102	103	104	105	106	107	108	109	110	111	112	113	114	115	116	118	119	120	121	124	125	126	128	129	130	131	132	133	134	135	137	138	139	140	141	142	145	146	147	148	149	150	151	152	153	156	158	159	160	163	165
10	11	14	16	19	21	23	25	26	27	28	29	30	32	34	35	36	39	40	42	44	45	46	47	48	49	51	53	54	55	56	57	58	59	60	61	62	63	64	65	66	68	69	71	72	73	74	75	78	79	80	81	83	84	85	86	87	88	89	90	91	93	94	95	96	98	99	100	101	102	103	104	105	106	107	108	109	110	111	112	113	114	115	116	117	119	121	122	123	125	126	127	128	130	131	132	133	134	135	136	138	139	140	142	143	144	146	147	148	149	150	151	153	154	155	158	160	161	162	165
10	11	14	16	17	21	23	25	26	27	28	29	30	32	33	35	36	39	40	41	42	45	46	47	48	49	51	52	53	55	56	57	58	59	60	61	62	63	64	65	66	67	69	70	71	73	74	75	76	79	80	81	83	84	85	86	87	88	89	90	91	92	93	94	96	97	98	99	101	102	103	104	105	106	107	108	109	110	111	112	113	114	115	116	117	118	120	121	122	125	126	127	128	130	131	132	133	134	135	136	137	138	139	141	142	143	146	147	148	149	150	151	152	153	154	158	159	160	161	165
9	13	15	19	20	21	22	23	24	27	31	33	34	35	37	38	39	40	42	43	44	46	47	48	49	50	51	52	53	54	56	60	62	63	64	65	67	68	69	70	71	72	73	74	75	76	77	78	79	80	81	82	84	85	87	88	89	90	91	92	93	94	95	96	97	98	99	100	104	105	107	108	109	110	111	112	113	114	115	116	117	118	119	120	121	122	123	124	125	126	127	128	129	130	134	135	136	137	138	139	140	141	142	143	144	145	149	150	151	152	153	154	155	156	157	158	162	163	164	166
9	12	16	18	20	21	22	23	24	29	30	31	32	36	37	38	39	40	41	43	44	45	46	47	48	49	50	51	53	54	57	60	61	63	64	65	66	67	68	69	70	72	73	74	75	76	77	78	79	80	81	82	83	84	85	86	88	89	90	91	92	93	94	95	96	97	99	100	103	104	105	108	109	110	111	112	113	114	115	116	117	118	119	120	121	122	123	124	125	126	127	128	129	130	132	133	134	135	136	139	140	141	142	143	144	145	148	149	151	152	153	154	155	156	157	158	161	162	164	166
9	11	16	18	20	21	22	23	24	26	28	29	32	36	37	38	39	40	41	43	44	46	47	48	49	50	51	52	53	54	55	57	58	59	60	61	62	63	66	69	70	72	73	74	75	76	77	78	79	80	81	82	83	86	87	88	89	90	91	92	93	94	95	96	97	98	99	100	101	102	103	104	105	106	107	108	109	110	111	112	114	117	118	119	120	122	123	124	125	126	127	128	129	130	132	133	136	137	138	139	140	141	142	143	144	145	146	147	148	149	150	151	154	156	157	158	161	163	164	165
9	11	12	18	20	21	22	23	24	26	28	29	30	31	32	37	38	40	41	43	44	45	46	47	48	49	50	51	52	53	54	55	58	59	60	61	62	63	64	65	66	67	69	70	72	73	76	77	78	80	81	82	83	84	85	86	87	88	89	90	91	92	93	94	95	96	97	98	99	100	101	102	103	106	107	108	109	110	111	112	113	114	115	117	118	119	120	122	123	124	125	127	129	130	131	132	133	134	136	137	138	139	140	141	142	143	144	145	146	148	150	151	152	154	156	157	159	161	163	164
9	11	12	16	20	21	22	23	24	26	28	29	30	31	32	36	38	39	40	43	44	45	46	47	48	49	50	51	52	53	54	55	57	58	60	61	62	63	64	65	66	67	68	69	72	74	75	77	78	79	80	81	83	84	85	86	87	88	89	90	91	92	93	94	95	96	97	98	99	100	101	103	104	105	107	108	109	110	111	112	113	114	115	116	117	119	120	121	122	123	126	127	128	130	131	132	133	134	135	136	138	139	140	141	142	143	144	145	147	148	149	151	153	154	155	157	160	161	162	164
9	11	12	16	18	21	22	23	24	26	28	29	30	31	32	36	37	39	40	41	43	45	46	47	48	49	50	51	52	53	54	55	57	58	59	61	62	63	64	65	66	67	68	69	70	73	74	76	77	79	80	81	83	84	85	86	87	88	89	90	91	92	93	94	95	96	97	98	99	100	101	102	103	104	106	107	108	110	111	112	113	114	115	116	117	118	120	121	122	123	125	126	127	130	131	132	133	134	135	136	137	138	139	141	142	143	144	145	146	147	148	151	152	153	154	157	159	160	161	164
9	10	15	19	20	21	22	23	24	25	26	27	34	35	37	38	39	40	42	43	44	45	46	47	48	49	50	51	53	54	55	56	57	58	59	60	62	63	65	69	71	72	73	74	75	76	77	78	79	80	81	82	83	84	85	86	87	88	89	90	91	93	94	95	96	98	99	100	101	102	103	104	105	106	107	108	109	110	111	112	114	115	117	118	119	122	123	124	125	126	127	128	129	130	132	133	134	135	136	137	138	139	140	143	144	145	146	147	148	149	150	151	154	155	156	158	161	162	163	165
9	10	13	19	20	21	22	23	24	25	26	27	31	33	34	38	39	40	42	43	44	45	46	47	48	49	50	51	52	53	54	55	56	57	58	60	62	63	64	67	68	69	70	71	72	74	77	78	79	80	81	82	83	84	85	86	87	88	89	90	91	92	93	94	95	96	97	98	99	100	101	103	104	105	107	108	109	110	111	112	113	115	116	118	119	120	121	122	123	124	126	128	129	130	131	133	134	135	136	137	138	139	140	141	142	143	144	145	147	149	150	151	153	155	156	157	160	162	163	164
9	10	13	15	20	21	22	23	24	25	26	27	31	33	34	35	37	38	40	43	44	45	46	47	48	49	50	51	52	53	54	55	56	57	58	59	60	63	64	65	67	69	70	71	72	73	75	76	77	78	80	81	83	84	85	86	87	88	89	90	91	92	93	94	95	96	97	98	99	100	101	102	103	104	105	106	107	108	109	111	113	114	115	117	118	119	120	122	123	124	125	127	128	129	131	132	133	134	135	136	137	138	139	140	141	143	144	145	146	148	149	150	152	154	155	156	159	161	162	163
9	10	13	15	19	21	22	23	24	25	26	27	31	33	34	35	37	38	39	42	44	45	46	47	48	49	50	51	52	53	54	55	56	57	58	59	60	62	64	65	67	68	70	71	72	73	74	76	77	78	79	81	83	84	85	86	87	88	89	90	91	92	93	94	95	96	97	98	99	100	101	102	103	104	105	106	107	108	109	110	113	114	115	116	118	119	120	121	123	124	125	126	128	129	131	132	133	134	135	136	137	138	139	140	141	142	144	145	146	147	149	150	152	153	155	156	159	160	162	163
11	13	14	19	20	23	24	25	26	28	29	30	31	33	34	35	36	38	39	40	42	43	44	46	47	49	50	52	53	54	55	56	57	58	60	61	62	63	64	65	66	67	68	69	70	71	72	73	74	75	77	78	79	80	81	82	83	84	87	89	90	91	92	93	94	95	96	97	98	99	100	101	102	103	104	105	107	108	109	110	111	112	113	114	115	116	117	118	119	120	121	122	123	124	125	126	127	128	129	130	131	133	134	135	138	139	140	141	142	143	144	145	146	147	148	149	150	151	152	153	154	155	156	157	158	160	162	163	164	165	166
11	13	14	18	20	23	24	25	26	28	29	30	31	33	34	35	36	37	38	40	41	43	44	46	47	49	50	52	53	54	55	56	57	58	59	60	61	62	63	64	65	66	67	69	70	71	72	73	74	75	76	77	78	80	81	82	83	84	87	88	89	90	91	92	93	94	96	97	98	99	100	101	102	103	104	105	106	107	108	109	110	111	112	113	114	115	116	117	118	119	120	122	123	124	125	126	127	128	129	130	131	132	133	134	137	138	139	140	141	143	144	145	146	147	148	149	150	151	152	153	154	155	156	157	158	159	161	163	164	165	166
11	13	14	17	20	23	24	25	26	28	29	30	31	33	34	35	36	38	40	41	42	43	44	46	47	49	50	52	53	54	55	56	57	58	60	61	62	63	64	65	66	67	69	70	71	72	73	74	75	76	77	78	79	80	81	82	83	84	87	89	90	91	92	93	94	96	97	98	99	100	101	102	103	104	105	106	107	108	109	110	111	112	113	114	115	116	117	118	119	120	121	122	123	124	125	126	127	128	129	130	131	133	134	137	138	139	140	141	142	143	144	145	146	147	148	149	150	151	152	153	154	155	156	157	158	159	160	163	164	165	166
11	13	14	16	20	23	24	25	26	28	29	30	31	32	33	34	35	36	38	39	40	43	44	46	47	49	50	51	52	53	54	55	56	57	58	60	61	62	63	64	65	66	67	68	69	70	71	72	73	74	75	77	78	79	80	81	83	84	86	87	89	90	91	92	93	94	95	96	97	98	99	100	101	102	103	104	105	107	108	109	110	111	112	113	114	115	116	117	118	119	120	121	122	123	124	125	126	127	128	130	131	133	134	135	136	138	139	140	141	142	143	144	145	146	147	148	149	151	152	153	154	155	156	157	158	160	161	162	164	165	166
11	13	14	16	18	23	24	25	26	28	29	30	31	32	33	34	35	36	37	39	40	41	43	46	47	49	50	51	52	53	54	55	56	57	58	59	61	62	63	64	65	66	67	68	69	70	71	72	73	74	75	76	77	79	80	81	83	84	86	87	88	89	90	92	93	94	95	96	97	98	99	100	101	102	103	104	105	106	107	108	110	111	112	113	114	115	116	117	118	119	120	121	122	123	124	125	126	127	128	130	131	132	133	134	135	137	138	139	141	142	143	144	145	146	147	148	149	151	152	153	154	155	156	157	158	159	160	161	164	165	166
11	13	14	15	20	23	24	25	26	27	28	29	30	31	33	34	35	36	37	38	40	43	44	46	47	48	49	50	52	53	54	55	56	57	58	59	60	61	62	63	64	65	66	67	69	70	71	72	73	74	75	76	77	78	80	81	83	84	85	87	88	89	90	91	92	93	94	96	97	98	99	100	101	102	103	104	105	106	107	108	109	110	111	112	113	114	115	116	117	118	119	120	122	123	124	125	126	127	128	129	131	132	133	134	136	137	138	139	140	141	143	144	145	146	147	148	149	150	151	152	153	154	155	156	158	159	161	162	163	165	166
11	13	14	15	19	23	24	25	26	27	28	29	30	31	33	34	35	36	37	38	39	42	44	46	47	48	49	50	52	53	54	55	56	57	58	59	60	61	62	63	64	65	66	67	68	70	71	72	73	74	75	76	77	78	79	81	83	84	85	87	88	89	90	91	92	93	94	95	97	98	99	100	101	102	103	104	105	106	107	108	109	110	111	112	113	114	115	116	117	118	119	120	121	123	124	125	126	127	128	129	131	132	133	134	135	137	138	139	140	141	142	144	145	146	147	148	149	150	151	152	153	154	155	156	158	159	160	162	163	165	166
11	12	15	19	20	22	23	26	27	28	29	30	31	32	34	35	37	38	39	40	42	43	44	46	48	49	50	51	53	54	55	56	58	59	60	61	62	63	64	65	66	67	68	69	71	72	73	74	75	76	77	78	79	80	81	82	83	85	88	89	90	91	92	93	94	95	96	98	99	100	101	102	103	104	105	106	107	108	109	110	111	112	113	114	115	116	117	118	119	120	121	122	123	124	125	126	127	128	129	130	132	133	134	136	138	139	140	141	142	143	144	145	146	147	148	149	150	151	152	153	154	155	156	157	158	161	162	163	164	165	166
11	12	15	18	19	22	23	26	27	28	29	30	31	32	34	35	37	38	39	41	42	43	44	46	48	49	50	51	53	54	55	56	58	59	60	61	62	63	64	65	66	67	68	69	70	71	72	73	74	76	77	78	79	80	81	82	83	85	88	89	90	91	92	93	94	95	96	97	98	99	100	101	102	103	104	106	107	108	109	110	111	112	113	114	115	116	117	118	119	120	121	122	123	124	125	126	127	128	129	130	132	133	134	137	138	139	140	141	142	143	144	145	146	147	148	149	150	151	152	153	154	155	156	157	158	159	161	163	164	165	166
11	12	15	17	19	22	23	26	27	28	29	30	31	32	33	34	35	37	38	39	41	42	44	46	48	49	50	51	52	53	54	55	56	58	59	60	61	62	63	64	65	66	67	68	69	70	71	72	73	74	76	77	78	79	81	82	83	85	87	88	89	90	91	92	93	94	95	96	97	98	99	100	101	102	103	104	106	107	108	109	110	111	112	113	114	115	116	117	118	119	120	121	122	123	124	125	126	128	129	130	131	132	133	134	137	138	139	140	141	142	143	144	145	146	147	149	150	151	152	153	154	155	156	157	158	159	160	163	164	165	166
11	12	15	16	19	22	23	26	27	28	29	30	31	32	34	35	36	37	38	39	40	42	44	46	48	49	50	51	53	54	55	56	57	58	59	60	61	62	63	64	65	66	67	68	69	71	72	73	74	75	76	77	78	79	80	81	83	85	86	88	89	90	91	92	93	94	95	96	98	99	100	101	102	103	104	105	106	107	108	109	110	111	112	113	114	115	116	117	118	119	120	121	122	123	125	126	127	128	129	130	132	133	134	135	136	138	139	140	141	142	143	144	146	147	148	149	150	151	152	153	154	155	156	157	158	160	161	162	164	165	166
11	12	15	16	17	22	23	26	27	28	29	30	31	32	33	35	36	37	38	39	40	41	42	46	48	49	50	51	52	53	55	56	57	58	59	60	61	62	63	64	65	66	67	68	69	70	71	73	74	75	76	77	78	79	80	81	83	85	86	87	88	89	91	92	93	94	95	96	97	98	99	101	102	103	104	105	106	107	108	109	110	111	112	113	114	115	116	117	118	119	120	121	122	123	125	126	127	128	129	130	131	132	133	134	136	137	138	139	141	142	143	144	146	147	148	149	150	151	152	153	154	155	156	157	158	159	160	161	164	165	166
11	12	14	18	19	22	23	25	26	28	29	30	31	32	34	35	36	37	39	41	42	43	44	45	46	49	50	51	53	54	55	56	57	58	59	61	62	63	64	65	66	67	68	69	70	71	72	73	74	76	77	78	79	80	81	82	83	84	85	86	88	90	92	93	94	95	96	97	98	99	100	101	102	103	104	106	107	108	109	110	111	112	113	114	115	116	117	118	119	120	121	122	123	124	125	126	127	128	129	130	131	132	133	134	135	138	139	141	142	143	144	145	146	147	148	149	150	151	152	153	154	155	156	157	158	159	160	161	164	165	166
11	12	14	17	20	22	23	25	26	28	29	30	31	32	33	35	36	38	40	41	42	43	44	45	46	49	50	51	52	53	55	56	57	58	60	61	62	63	64	65	66	67	69	70	71	72	73	74	75	76	77	78	79	80	81	82	83	84	85	86	87	91	92	93	94	96	97	98	99	100	101	102	103	104	105	106	107	108	109	110	111	112	113	114	115	116	117	118	119	120	121	122	123	124	125	126	127	128	129	130	131	132	133	134	136	138	139	141	142	143	144	145	146	147	148	149	150	151	152	153	154	155	156	157	158	159	160	161	164	165	166
11	12	14	15	19	22	23	25	26	27	28	29	30	31	32	34	35	36	37	38	39	42	44	45	46	48	49	50	51	53	54	55	56	57	58	59	60	61	62	63	64	65	66	67	68	69	71	72	73	74	75	76	77	78	79	81	83	84	85	86	88	89	90	91	92	93	94	95	96	98	99	100	101	102	103	104	105	106	107	108	109	110	111	112	113	114	115	116	117	118	119	120	121	122	123	125	126	127	128	129	131	132	133	134	135	136	138	139	140	141	142	143	144	146	147	148	149	150	151	152	153	154	155	156	158	159	160	161	162	165	166
11	12	13	15	20	22	23	24	26	27	28	29	30	31	32	33	34	35	37	38	40	43	44	46	47	48	49	50	51	52	53	54	55	56	58	59	60	61	62	63	64	65	66	67	68	69	70	71	72	73	75	76	77	78	80	81	83	84	85	87	88	89	90	91	92	93	94	95	96	97	98	99	100	101	102	103	105	106	107	108	109	110	111	112	113	114	115	116	117	118	119	120	121	122	123	124	125	127	128	129	131	132	133	134	136	137	138	139	140	141	142	143	144	145	146	148	149	150	151	152	153	154	155	156	157	159	161	162	163	164	166
11	12	13	15	19	22	23	24	26	27	28	29	30	31	32	33	34	35	37	38	39	42	44	46	47	48	49	50	51	52	53	54	55	56	58	59	60	61	62	63	64	65	66	67	68	69	70	71	72	73	74	76	77	78	79	81	83	84	85	87	88	89	90	91	92	93	94	95	96	97	98	99	100	101	102	103	104	106	107	108	109	110	111	112	113	114	115	116	117	118	119	120	121	122	123	124	125	126	128	129	131	132	133	134	135	137	138	139	140	141	142	143	144	145	146	147	149	150	151	152	153	154	155	156	157	159	160	162	163	164	166
11	12	13	14	20	22	23	24	25	26	28	29	30	31	32	33	34	35	36	38	40	43	44	45	46	47	49	50	51	52	53	54	55	56	57	58	60	61	62	63	64	65	66	67	68	69	70	71	72	73	74	75	77	78	80	81	83	84	85	86	87	89	90	91	92	93	94	95	96	97	98	99	100	101	102	103	104	105	107	108	109	110	111	112	113	114	115	116	117	118	119	120	121	122	123	124	125	126	127	128	131	132	133	134	135	136	138	139	140	141	142	143	144	145	146	147	148	149	151	152	153	154	155	156	157	159	160	161	162	164	166
10	13	16	18	20	21	24	25	26	27	29	31	32	33	34	36	37	38	39	40	41	43	44	46	47	48	50	51	53	54	55	56	57	58	59	60	61	63	64	66	67	68	69	70	71	72	73	74	75	76	77	78	79	80	81	82	84	86	87	88	89	90	91	93	94	95	96	97	99	100	101	102	103	104	105	106	107	108	109	110	111	112	113	114	115	116	117	118	119	120	121	122	123	124	125	126	127	128	129	130	133	134	135	136	137	138	139	140	141	143	144	145	146	147	148	149	150	151	152	153	154	155	156	157	158	161	162	163	164	165	166
10	13	16	18	19	21	24	25	26	27	29	31	32	33	34	36	37	39	40	41	42	43	44	46	47	48	50	51	53	54	55	56	57	58	59	60	61	62	63	64	66	67	68	69	70	71	72	73	74	76	77	78	79	80	81	82	84	86	87	88	89	90	91	93	94	95	96	97	98	99	100	101	102	103	104	105	106	107	108	109	110	111	112	113	114	115	116	118	119	120	121	122	123	124	125	126	127	128	129	130	133	134	135	137	138	139	140	141	142	143	144	145	146	147	148	149	150	151	152	153	154	155	156	157	158	160	162	163	164	165	166
10	13	16	17	18	21	24	25	26	27	28	29	31	32	33	34	36	37	39	40	41	42	43	46	47	48	50	51	52	53	54	55	56	57	58	59	60	61	62	63	64	66	67	68	69	70	71	72	73	74	76	77	79	80	81	82	84	86	87	88	89	90	91	92	93	94	95	96	97	98	99	100	101	102	103	104	105	106	107	108	109	110	111	112	113	114	115	116	118	119	120	121	122	123	124	125	126	127	129	130	131	133	134	135	137	138	139	140	141	142	143	144	145	146	147	148	149	150	151	152	153	154	156	157	158	159	160	163	164	165	166
10	13	15	16	18	21	24	25	26	27	29	31	32	33	34	35	36	37	38	39	40	41	43	46	47	48	50	51	53	54	55	56	57	58	59	60	61	63	64	65	66	67	68	69	70	71	72	73	74	75	76	77	78	79	80	81	84	85	86	87	88	89	90	91	93	94	95	96	97	99	100	101	102	103	104	105	106	107	108	109	110	111	113	114	115	116	117	118	119	120	121	122	123	124	125	126	127	128	129	130	132	133	134	135	136	137	138	139	140	141	143	144	146	147	148	149	150	151	152	153	154	155	156	157	158	159	161	162	163	165	166
10	13	15	16	17	21	24	25	26	27	28	31	32	33	34	35	36	37	38	39	40	41	42	46	47	48	50	51	52	54	55	56	57	58	59	60	61	62	64	65	66	67	68	69	70	71	72	73	74	75	76	77	78	79	80	81	84	85	86	87	88	89	90	91	92	94	95	96	97	98	100	101	102	103	104	105	106	107	108	109	110	111	113	114	115	116	117	118	119	120	121	122	123	124	125	126	127	128	129	130	131	133	134	135	136	137	138	139	140	141	142	144	146	147	148	149	150	151	152	153	154	155	156	157	158	159	160	162	163	165	166
10	13	14	18	19	21	24	25	26	27	29	30	31	33	34	35	36	37	39	41	42	43	44	45	46	47	48	50	53	54	55	56	57	58	59	60	61	62	63	64	65	66	67	68	70	71	72	73	74	76	77	78	79	80	81	82	83	84	85	86	87	88	89	90	91	93	95	97	98	99	100	101	102	103	104	105	106	107	108	109	110	111	112	113	114	115	116	118	119	120	121	122	123	124	125	126	127	128	129	130	131	132	133	134	135	137	138	139	140	141	144	145	146	147	148	149	150	151	152	153	154	155	156	157	158	159	160	162	163	165	166
10	13	14	17	20	21	24	25	26	27	28	30	31	33	34	35	36	38	40	41	42	43	44	45	46	47	48	50	52	54	55	56	57	58	60	61	62	63	64	65	66	67	69	70	71	72	73	74	75	76	77	78	79	80	81	82	83	84	85	86	87	89	90	91	92	96	97	98	99	100	101	102	103	104	105	106	107	108	109	110	111	112	113	114	115	116	117	118	119	120	121	122	123	124	125	126	127	128	129	130	131	133	134	135	136	137	138	139	140	141	144	145	146	147	148	149	150	151	152	153	154	155	156	157	158	159	160	162	163	165	166
10	13	14	16	18	21	24	25	26	27	29	30	31	32	33	34	35	36	37	39	40	41	43	45	46	47	48	50	51	53	54	55	56	57	58	59	60	61	63	64	65	66	67	68	69	70	71	72	73	74	75	76	77	79	80	81	83	84	85	86	87	88	89	90	91	93	94	95	96	97	99	100	101	102	103	104	105	106	107	108	109	110	111	113	114	115	116	117	118	119	120	121	122	123	124	125	126	127	128	130	131	132	133	134	135	136	137	138	139	140	141	143	144	146	147	148	149	151	152	153	154	155	156	157	158	159	160	161	162	165	166
10	12	17	19	20	21	22	25	26	27	28	30	31	32	33	34	38	39	40	41	42	43	44	45	46	47	48	49	50	51	54	55	56	57	58	60	61	62	63	64	65	66	67	68	69	70	71	72	74	76	77	78	79	80	81	82	83	84	85	86	87	89	90	91	92	93	94	95	96	98	99	100	101	103	104	105	106	107	108	109	110	111	112	113	114	115	116	117	118	119	120	121	122	123	124	125	126	128	129	130	131	133	134	135	136	138	139	140	141	142	143	144	145	146	147	149	150	151	152	153	154	155	156	157	158	160	162	163	164	165	166
10	12	17	18	20	21	22	25	26	27	28	29	30	31	32	33	37	38	40	41	42	43	44	45	46	47	48	49	50	51	53	55	56	57	58	59	60	61	62	63	64	65	66	67	69	70	71	72	73	76	77	78	79	80	81	82	83	84	85	86	87	88	89	90	91	92	93	94	96	97	99	100	101	102	103	104	105	106	107	108	109	110	111	112	113	114	115	117	118	119	120	121	122	123	124	125	126	127	129	130	131	132	133	134	136	137	138	139	140	141	143	144	145	146	147	148	149	150	151	152	153	154	156	157	158	159	161	163	164	165	166
10	12	16	17	20	21	22	25	26	27	28	30	31	32	33	36	38	39	40	41	42	43	44	45	46	47	48	49	50	51	55	56	57	58	60	61	62	63	64	65	66	67	68	69	70	71	72	74	75	76	77	78	79	80	81	82	83	84	85	86	87	89	90	91	92	93	94	95	96	99	100	101	103	104	105	106	107	108	109	110	111	112	113	114	115	116	117	118	119	120	121	122	123	124	125	126	127	128	129	130	131	133	134	135	136	138	139	140	141	142	143	144	146	147	148	149	150	151	152	153	154	155	156	157	158	160	161	162	164	165	166
10	12	16	17	18	21	22	25	26	27	28	29	30	31	32	33	36	37	39	40	41	42	43	45	46	47	48	49	50	51	53	55	56	57	58	59	60	61	62	63	64	65	66	67	68	69	70	71	73	74	76	77	79	80	81	82	83	84	85	86	87	88	89	90	91	92	93	94	95	96	97	99	101	102	103	104	105	106	107	108	109	110	111	112	113	114	115	116	117	118	120	121	122	123	124	125	126	127	129	130	131	132	133	134	135	136	137	138	139	141	142	143	144	146	147	148	149	150	151	152	153	154	156	157	158	159	160	161	164	165	166
10	12	15	17	20	21	22	25	26	27	28	30	31	32	33	35	37	38	40	41	42	43	44	45	46	47	48	49	50	51	55	56	57	58	59	60	61	62	63	64	65	66	67	69	70	71	72	73	75	76	77	78	79	80	81	82	83	84	85	86	87	88	89	90	91	92	93	94	96	99	100	101	102	103	104	105	106	107	108	109	110	111	112	113	114	115	117	118	119	120	121	122	123	124	125	126	127	128	129	130	131	132	133	134	136	137	138	139	140	141	143	144	146	147	148	149	150	151	152	153	154	155	156	157	158	159	161	162	163	165	166
10	12	15	17	19	21	22	25	26	27	28	30	31	32	33	34	35	37	38	39	41	42	44	45	46	47	48	49	50	51	54	55	56	57	58	59	60	61	62	64	65	66	67	68	69	70	71	72	73	74	76	77	78	79	81	82	83	84	85	86	87	88	89	90	91	92	93	94	95	96	98	100	101	102	103	104	105	106	107	108	109	110	112	113	114	115	116	117	118	119	120	121	122	123	124	125	126	128	129	130	131	132	133	134	135	136	137	138	139	140	141	142	144	146	147	149	150	151	152	153	154	155	156	157	158	159	160	162	163	165	166
10	12	14	17	20	21	22	25	26	27	28	30	31	32	33	35	36	38	40	41	42	43	44	45	46	47	48	49	50	51	55	56	57	58	60	61	62	63	64	65	66	67	69	70	71	72	73	74	75	76	77	78	79	80	81	82	83	84	85	86	87	89	90	91	92	93	94	96	99	100	101	102	103	104	105	106	107	108	109	110	111	112	113	114	115	116	117	118	119	120	121	122	123	124	125	126	127	128	129	130	131	132	133	134	135	136	138	139	140	141	143	144	146	147	148	149	150	151	152	153	154	155	156	157	158	159	160	161	162	165	166
10	12	13	18	20	21	22	24	25	26	27	29	30	31	32	33	34	37	38	40	41	43	44	45	46	47	48	49	50	51	53	54	55	56	57	58	59	60	61	63	64	65	66	67	68	69	70	71	72	73	76	77	78	80	81	82	83	84	85	86	87	88	89	90	91	92	93	94	95	96	97	99	100	101	102	103	104	105	106	107	108	109	111	112	113	114	115	116	117	118	119	120	121	122	123	124	125	127	129	130	131	132	133	134	135	136	137	138	139	140	141	143	144	145	146	148	149	150	151	152	153	154	155	156	157	159	161	162	163	164	166
10	12	13	17	20	21	22	24	25	26	27	28	30	31	32	33	34	38	40	41	42	43	44	45	46	47	48	49	50	51	52	54	55	56	57	58	60	61	62	63	64	65	66	67	68	69	70	71	72	76	77	78	79	80	81	82	83	84	85	86	87	89	90	91	92	93	94	95	96	97	98	99	100	101	103	104	105	106	107	108	109	110	111	112	113	114	115	116	117	118	119	120	121	122	123	124	125	126	129	130	131	133	134	135	136	137	138	139	140	141	142	143	144	145	146	147	149	150	151	152	153	154	155	156	157	159	160	162	163	164	166
10	12	13	16	18	21	22	24	25	26	27	29	30	31	32	33	34	36	37	39	40	41	43	45	46	47	48	49	50	51	53	54	55	56	57	58	59	60	61	63	64	65	66	67	68	69	70	71	72	73	74	76	77	79	80	81	83	84	85	86	87	88	89	90	91	92	93	94	95	96	97	99	100	101	102	103	104	105	106	107	108	109	110	111	113	114	115	116	117	118	119	120	121	122	123	124	125	126	127	130	131	132	133	134	135	136	137	138	139	140	141	142	143	144	146	147	148	149	151	152	153	154	155	156	157	159	160	161	162	164	166
10	11	13	16	20	21	23	24	25	26	27	28	29	31	32	33	34	36	38	39	40	43	44	46	47	48	49	50	51	52	53	54	55	56	57	58	59	60	61	62	63	64	66	67	68	69	70	71	72	74	75	77	78	79	80	81	83	84	86	87	88	89	90	91	92	93	94	95	96	97	98	99	100	101	102	103	104	105	106	107	108	109	110	111	112	113	115	116	117	118	119	120	121	122	123	124	126	127	128	130	131	133	134	135	136	137	138	139	140	141	142	143	144	145	146	147	148	149	150	151	153	154	155	156	157	160	161	162	163	164	165
10	11	13	16	18	21	23	24	25	26	27	28	29	31	32	33	34	36	37	39	40	41	43	46	47	48	49	50	51	52	53	54	55	56	57	58	59	60	61	62	63	64	66	67	68	69	70	71	72	73	74	76	77	79	80	81	83	84	86	87	88	89	90	91	92	93	94	95	96	97	98	99	100	101	102	103	104	105	106	107	108	109	110	111	112	113	114	115	116	118	119	120	121	122	123	124	125	126	127	130	131	132	133	134	135	137	138	139	140	141	142	143	144	145	146	147	148	149	150	151	152	153	154	156	157	159	160	161	163	164	165
10	11	13	14	20	21	23	24	25	26	27	28	29	30	31	33	34	35	36	38	40	43	44	45	46	47	48	49	50	52	53	54	55	56	57	58	59	60	61	62	63	64	65	66	67	69	70	71	72	73	74	75	77	78	80	81	83	84	85	86	87	88	89	90	91	92	93	94	96	97	98	99	100	101	102	103	104	105	106	107	108	109	110	111	112	113	114	115	116	117	118	119	120	122	123	124	125	126	127	128	131	132	133	134	135	136	137	138	139	140	141	143	144	145	146	147	148	149	150	151	152	153	154	155	156	159	160	161	162	163	165
10	11	12	19	20	21	22	23	25	26	27	28	29	30	31	32	34	38	39	40	42	43	44	45	46	47	48	49	50	51	53	54	55	56	57	58	59	60	61	62	63	64	65	66	67	68	69	71	72	74	77	78	79	80	81	82	83	84	85	86	87	88	89	90	91	92	93	94	95	96	98	99	100	101	102	103	104	105	106	107	108	109	110	111	112	113	114	115	116	117	119	120	121	122	123	124	126	128	129	130	131	132	133	134	135	136	138	139	140	141	142	143	144	145	146	147	148	149	150	151	153	154	155	156	157	160	161	162	163	164	165
10	11	12	17	20	21	22	23	25	26	27	28	29	30	31	32	33	38	40	41	42	43	44	45	46	47	48	49	50	51	52	53	55	56	57	58	59	60	61	62	63	64	65	66	67	69	70	71	72	76	77	78	79	80	81	82	83	84	85	86	87	88	89	90	91	92	93	94	96	97	98	99	100	101	102	103	104	105	106	107	108	109	110	111	112	113	114	115	117	118	119	120	121	122	123	124	125	126	129	130	131	132	133	134	136	137	138	139	140	141	142	143	144	145	146	147	148	149	150	151	152	153	154	156	157	159	160	161	163	164	165
10	11	12	15	19	21	22	23	25	26	27	28	29	30	31	32	34	35	37	38	39	42	44	45	46	47	48	49	50	51	53	54	55	56	57	58	59	60	61	62	63	64	65	66	67	68	69	71	72	73	74	76	77	78	79	81	83	84	85	86	87	88	89	90	91	92	93	94	95	96	98	99	100	101	102	103	104	105	106	107	108	109	110	111	112	113	114	115	116	117	118	119	120	121	122	123	125	126	128	129	131	132	133	134	135	136	137	138	139	140	141	142	143	144	146	147	148	149	150	151	152	153	154	155	156	159	160	161	162	163	165
9	15	16	17	20	21	22	23	24	27	28	32	33	35	36	37	38	39	40	41	42	43	44	46	47	48	49	50	51	52	53	54	56	57	58	60	61	62	63	65	66	67	69	70	71	72	73	74	75	76	77	78	79	80	81	82	85	86	87	88	89	90	91	92	93	94	95	96	97	98	99	100	101	103	104	105	106	107	108	109	110	111	112	113	114	115	117	118	119	120	121	122	123	124	125	126	127	128	129	130	133	134	136	137	138	139	140	141	142	143	144	145	146	147	148	149	150	151	152	153	154	155	156	157	158	161	162	163	164	165	166
9	15	16	17	19	21	22	23	24	27	28	32	33	34	35	36	37	38	39	40	41	42	44	46	47	48	49	50	51	52	53	54	56	57	58	60	61	62	65	66	67	68	69	70	71	72	73	74	75	76	77	78	79	80	81	82	85	86	87	88	89	90	91	92	93	94	95	96	97	98	99	100	101	103	104	105	106	107	109	110	111	112	113	114	115	116	117	118	119	120	121	122	123	124	125	126	127	128	129	130	133	134	135	136	137	138	139	140	141	142	143	144	145	146	147	149	150	151	152	153	154	155	156	157	158	160	162	163	164	165	166
9	15	16	17	18	21	22	23	24	27	28	29	32	33	35	36	37	38	39	40	41	42	43	46	47	48	49	50	51	52	53	54	56	57	58	59	60	61	62	63	65	66	67	69	70	71	73	74	75	76	77	78	79	80	81	82	85	86	87	88	89	90	91	92	93	94	95	96	97	98	99	100	101	102	103	104	105	106	107	108	109	110	111	112	113	114	115	117	118	119	120	121	122	124	125	126	127	128	129	130	132	133	134	136	137	138	139	140	141	142	143	144	145	146	147	148	149	150	151	152	153	154	156	157	158	159	161	163	164	165	166
9	14	18	19	20	21	22	23	24	25	29	30	34	35	36	37	38	39	40	41	42	43	44	45	46	47	48	49	50	51	53	54	55	56	57	60	61	62	63	64	65	66	69	70	71	72	73	74	75	76	77	78	79	80	81	82	83	84	85	86	88	89	90	91	93	94	95	96	97	98	99	100	101	102	103	104	105	107	108	109	110	111	112	113	114	115	116	117	118	119	120	122	123	124	125	126	127	128	129	130	132	133	134	135	136	138	139	140	141	143	144	145	146	147	148	149	150	151	152	153	154	155	156	157	158	161	162	163	164	165	166
9	14	17	18	19	21	22	23	24	25	28	29	30	33	34	35	36	37	39	41	42	43	44	45	46	47	48	49	50	51	52	53	54	55	56	57	58	61	62	63	64	65	66	67	70	71	72	73	74	76	77	78	79	80	81	82	83	84	85	86	87	88	89	90	91	92	93	94	95	96	97	98	99	100	101	102	103	104	106	107	109	110	111	112	113	114	115	116	118	119	120	121	122	124	125	126	127	128	129	130	131	132	133	134	135	137	138	139	140	141	142	143	144	145	146	147	149	150	151	152	153	154	156	157	158	159	160	163	164	165	166
9	14	16	18	19	21	22	23	24	25	29	30	32	34	35	36	37	39	40	41	42	43	44	45	46	47	48	49	50	51	53	54	55	56	57	61	62	63	64	65	66	68	69	70	71	72	73	74	75	76	77	78	79	80	81	82	83	84	85	86	88	89	90	91	93	94	95	96	97	98	99	100	101	102	103	104	105	107	109	110	111	112	113	114	115	116	117	118	119	120	121	122	123	124	125	126	127	128	129	130	132	133	134	135	136	138	139	140	141	142	143	144	145	146	147	148	149	151	152	153	154	155	156	157	158	160	161	162	164	165	166
9	14	16	17	18	21	22	23	24	25	28	29	30	32	33	35	36	37	39	40	41	42	43	45	46	47	48	49	50	51	52	53	54	55	56	57	58	61	62	63	64	65	66	67	69	70	71	73	74	75	76	77	79	80	81	82	83	84	85	86	87	88	89	90	91	92	93	94	95	96	97	98	99	100	101	102	103	104	105	106	107	110	111	112	113	114	115	116	117	118	120	121	122	124	125	126	127	128	129	130	131	132	133	134	135	136	137	138	139	141	142	143	144	145	146	147	148	149	151	152	153	154	156	157	158	159	160	161	164	165	166
9	14	15	18	19	21	22	23	24	25	27	29	30	34	35	36	37	38	39	41	42	43	44	45	46	47	48	49	50	51	53	54	55	56	57	59	60	61	62	63	64	65	66	70	71	72	73	74	75	76	77	78	79	80	81	82	83	84	85	86	88	89	90	91	93	94	95	96	97	98	99	100	101	102	103	104	105	106	107	108	109	110	111	112	113	114	115	116	117	118	119	120	122	124	125	126	127	128	129	130	132	133	134	135	136	137	138	139	140	141	143	144	145	146	147	148	149	150	151	152	153	154	155	156	158	159	161	162	163	165	166
9	14	15	17	19	21	22	23	24	25	27	28	30	33	34	35	36	37	38	39	41	42	44	45	46	47	48	49	50	51	52	53	54	55	56	57	58	60	61	62	64	65	66	67	70	71	72	73	74	75	76	77	78	79	81	82	83	84	85	86	87	88	89	90	91	92	93	94	95	96	97	98	99	100	101	102	103	104	105	106	107	109	110	112	113	114	115	116	117	118	119	120	121	124	125	126	127	128	129	130	131	132	133	134	135	136	137	138	139	140	141	142	144	145	146	147	149	150	151	152	153	154	155	156	158	159	160	162	163	165	166
9	14	15	16	17	21	22	23	24	25	27	28	30	32	33	35	36	37	38	39	40	41	42	45	46	47	48	49	50	51	52	53	54	55	56	57	58	60	61	62	64	65	66	67	69	70	71	73	74	75	76	77	78	79	80	81	83	84	85	86	87	88	89	90	91	92	93	94	95	96	97	98	99	100	101	102	103	104	105	106	107	109	110	111	113	114	115	116	117	118	119	120	121	122	125	126	127	128	129	130	131	132	133	134	135	136	137	138	139	140	141	142	143	144	146	147	148	149	151	152	153	154	155	156	158	159	160	161	162	165	166
9	13	15	16	18	21	22	23	24	27	29	31	32	33	34	35	36	37	38	39	40	41	43	46	47	48	49	50	51	52	53	54	56	57	59	60	61	63	64	65	66	67	68	69	70	71	72	73	74	75	76	77	78	79	80	81	84	85	86	87	88	89	90	91	92	93	94	95	96	97	98	99	100	102	103	104	105	106	108	109	110	111	113	114	115	116	117	118	119	120	121	122	123	124	125	126	127	128	129	130	132	133	134	135	136	137	138	139	140	141	142	143	144	145	146	148	149	151	152	153	154	155	156	157	158	159	161	162	163	164	166
9	13	15	16	17	21	22	23	24	27	28	31	32	33	34	35	36	37	38	39	40	41	42	46	47	48	49	50	51	52	53	54	56	57	58	60	61	62	64	65	66	67	68	69	70	71	72	73	74	75	76	77	78	79	80	81	84	85	86	87	88	89	90	91	92	93	94	95	96	97	98	99	100	101	103	104	105	106	107	109	110	111	113	114	115	116	117	118	119	120	121	122	123	124	125	126	127	128	129	130	131	133	134	135	136	137	138	139	140	141	142	143	144	145	146	147	149	151	152	153	154	155	156	157	158	159	160	162	163	164	166
9	13	14	18	20	21	22	23	24	25	29	30	31	33	34	35	36	37	38	40	41	43	44	45	46	47	48	49	50	51	52	53	54	55	56	57	60	61	63	64	65	66	67	69	70	71	72	73	74	75	76	77	78	80	81	82	83	84	85	86	87	88	89	90	91	92	93	94	95	96	97	98	99	100	101	102	103	104	105	108	109	111	112	113	114	115	116	117	118	119	120	122	123	124	125	126	127	128	129	130	131	132	133	134	135	136	137	138	139	140	141	143	144	145	146	148	149	151	152	153	154	155	156	157	158	159	161	162	163	164	166
9	13	14	18	19	21	22	23	24	25	29	30	31	33	34	35	36	37	39	41	42	43	44	45	46	47	48	49	50	51	52	53	54	55	56	57	61	62	63	64	65	66	67	68	70	71	72	73	74	76	77	78	79	80	81	82	83	84	85	86	87	88	89	90	91	92	93	94	95	96	97	98	99	100	101	102	103	104	107	109	110	111	112	113	114	115	116	118	119	120	121	122	123	124	125	126	127	128	129	130	131	132	133	134	135	137	138	139	140	141	142	143	144	145	146	147	149	151	152	153	154	155	156	157	158	159	160	162	163	164	166
9	12	15	18	19	21	22	23	24	27	29	30	31	32	34	35	37	38	39	41	42	43	44	45	46	47	48	49	50	51	53	54	56	59	60	61	62	63	64	65	66	67	68	69	70	71	72	73	74	76	77	78	79	80	81	82	83	84	85	86	88	89	90	91	92	93	94	95	96	97	98	99	100	102	104	106	107	108	109	110	111	112	113	114	115	116	117	118	119	120	121	122	123	124	125	126	127	128	129	130	132	133	134	135	136	137	138	139	140	141	142	143	144	145	146	149	150	151	152	153	154	155	156	157	158	159	161	162	163	164	166
9	12	15	17	20	21	22	23	24	27	28	30	31	32	33	35	37	38	40	41	42	43	44	45	46	47	48	49	50	51	52	53	54	56	58	60	61	62	63	64	65	66	67	69	70	71	72	73	75	76	77	78	79	80	81	82	83	84	85	86	87	88	89	90	91	92	93	94	95	96	97	98	99	100	101	105	106	107	108	109	110	111	112	113	114	115	117	118	119	120	121	122	123	124	125	126	127	128	129	130	131	132	133	134	136	137	138	139	140	141	142	143	144	145	146	149	150	151	152	153	154	155	156	157	158	159	161	162	163	164	166
9	12	15	16	17	21	22	23	24	27	28	30	31	32	33	35	36	37	38	39	40	41	42	45	46	47	48	49	50	51	52	53	54	56	57	58	60	61	62	64	65	66	67	68	69	70	71	73	74	75	76	77	78	79	80	81	83	84	85	86	87	88	89	90	91	92	93	94	95	96	97	98	99	100	101	103	104	105	106	107	109	110	111	113	114	115	116	117	118	119	120	121	122	123	125	126	127	128	129	130	131	132	133	134	135	136	137	138	139	140	141	142	143	144	146	147	149	151	152	153	154	155	156	157	158	159	160	161	162	164	166
9	12	14	18	19	21	22	23	24	25	29	30	31	32	34	35	36	37	39	41	42	43	44	45	46	47	48	49	50	51	53	54	55	56	57	61	62	63	64	65	66	67	68	69	70	71	72	73	74	76	77	78	79	80	81	82	83	84	85	86	88	89	90	91	92	93	94	95	96	97	98	99	100	101	102	103	104	107	109	110	111	112	113	114	115	116	117	118	119	120	121	122	123	124	125	126	127	128	129	130	131	132	133	134	135	136	138	139	140	141	142	143	144	145	146	147	149	151	152	153	154	155	156	157	158	159	160	161	162	164	166
9	11	15	16	19	21	22	23	24	26	27	28	29	32	34	35	36	37	38	39	40	42	44	46	47	48	49	50	51	52	53	54	55	56	57	58	59	60	61	62	63	65	66	68	69	71	72	73	74	75	76	77	78	79	80	81	83	85	86	87	88	89	90	91	92	93	94	95	96	97	98	99	100	101	102	103	104	105	106	107	108	109	110	111	112	114	115	116	117	118	119	121	122	123	125	126	127	128	129	130	132	133	134	135	136	137	138	139	140	141	142	143	144	145	146	147	148	149	150	151	153	154	155	156	158	160	161	162	163	164	165
9	11	15	16	17	21	22	23	24	26	27	28	29	32	33	35	36	37	38	39	40	41	42	46	47	48	49	50	51	52	53	54	55	56	57	58	59	60	61	62	63	65	66	67	69	70	71	73	74	75	76	77	78	79	80	81	83	85	86	87	88	89	90	91	92	93	94	95	96	97	98	99	100	101	102	103	104	105	106	107	108	109	110	111	112	113	114	115	117	118	119	120	121	122	125	126	127	128	129	130	131	132	133	134	136	137	138	139	140	141	142	143	144	145	146	147	148	149	150	151	152	153	154	156	158	159	160	161	163	164	165
9	11	14	19	20	21	22	23	24	25	26	28	29	30	34	35	36	38	39	40	42	43	44	45	46	47	48	49	50	51	52	53	54	55	56	57	58	60	61	62	63	64	65	66	69	71	72	73	74	75	77	78	79	80	81	82	83	84	85	86	87	88	89	90	91	92	93	94	95	96	97	98	99	100	101	102	103	104	105	107	108	109	110	111	112	113	114	115	116	117	119	122	123	124	125	126	127	128	129	130	131	132	133	134	135	136	138	139	140	141	142	143	144	145	146	147	148	149	150	151	153	154	155	156	158	160	161	162	163	164	165
9	11	14	18	19	21	22	23	24	25	26	28	29	30	34	35	36	37	39	41	42	43	44	45	46	47	48	49	50	51	52	53	54	55	56	57	58	59	61	62	63	64	65	66	70	71	72	73	74	76	77	78	79	80	81	82	83	84	85	86	87	88	89	90	91	92	93	94	95	96	97	98	99	100	101	102	103	104	106	107	108	109	110	111	112	113	114	115	116	118	119	120	122	124	125	126	127	128	129	130	131	132	133	134	135	137	138	139	140	141	142	143	144	145	146	147	148	149	150	151	152	153	154	156	158	159	160	161	163	164	165
9	11	13	14	20	21	22	23	24	25	26	28	29	30	31	33	34	35	36	38	40	43	44	45	46	47	48	49	50	51	52	53	54	55	56	57	58	60	61	62	63	64	65	66	67	69	70	71	72	73	74	75	77	78	80	81	83	84	85	86	87	88	89	90	91	92	93	94	95	96	97	98	99	100	101	102	103	104	105	107	108	109	110	111	112	113	114	115	116	117	118	119	120	122	123	124	125	126	127	128	131	132	133	134	135	136	137	138	139	140	141	142	143	144	145	146	147	148	149	151	152	153	154	155	156	159	160	161	162	163	164
9	11	12	15	19	21	22	23	24	26	27	28	29	30	31	32	34	35	37	38	39	42	44	45	46	47	48	49	50	51	52	53	54	55	56	58	59	60	61	62	63	64	65	66	67	68	69	71	72	73	74	76	77	78	79	81	83	84	85	86	87	88	89	90	91	92	93	94	95	96	97	98	99	100	101	102	103	104	106	107	108	109	110	111	112	113	114	115	116	117	118	119	120	121	122	123	125	126	128	129	131	132	133	134	135	136	137	138	139	140	141	142	143	144	145	146	147	149	150	151	152	153	154	155	156	159	160	161	162	163	164
9	10	16	18	19	21	22	23	24	25	26	27	29	32	34	36	37	39	40	41	42	43	44	45	46	47	48	49	50	51	53	54	55	56	57	58	59	60	61	62	63	66	68	69	70	71	72	73	74	76	77	78	79	80	81	82	83	84	85	86	87	88	89	90	91	93	94	95	96	97	98	99	100	101	102	103	104	105	106	107	108	109	110	111	112	114	116	118	119	120	121	122	123	124	125	126	127	128	129	130	132	133	134	135	136	137	138	139	140	141	142	143	144	145	146	147	148	149	150	151	153	154	156	157	158	160	161	162	163	164	165
9	10	16	17	20	21	22	23	24	25	26	27	28	32	33	36	38	39	40	41	42	43	44	45	46	47	48	49	50	51	52	53	54	55	56	57	58	60	61	62	63	66	67	69	70	71	72	74	75	76	77	78	79	80	81	82	83	84	85	86	87	88	89	90	91	92	93	94	95	96	97	98	99	100	101	103	104	105	106	107	108	109	110	111	112	113	117	118	119	120	121	122	123	124	125	126	127	128	129	130	131	133	134	135	136	137	138	139	140	141	142	143	144	145	146	147	148	149	150	151	153	154	156	157	158	160	161	162	163	164	165
9	10	15	16	17	21	22	23	24	25	26	27	28	32	33	35	36	37	38	39	40	41	42	45	46	47	48	49	50	51	52	53	54	55	56	57	58	59	60	61	62	65	66	67	69	70	71	73	74	75	76	77	78	79	80	81	83	84	85	86	87	88	89	90	91	92	93	94	95	96	97	98	99	100	101	102	103	104	105	106	107	108	109	110	111	113	114	115	117	118	119	120	121	122	125	126	127	128	129	130	131	132	133	134	135	136	137	138	139	140	141	142	143	144	146	147	148	149	150	151	152	153	154	156	158	159	160	161	162	163	165
9	10	14	18	19	21	22	23	24	25	26	27	29	30	34	35	36	37	39	41	42	43	44	45	46	47	48	49	50	51	53	54	55	56	57	58	59	60	61	62	63	64	65	66	70	71	72	73	74	76	77	78	79	80	81	82	83	84	85	86	87	88	89	90	91	93	94	95	96	97	98	99	100	101	102	103	104	105	106	107	108	109	110	111	112	113	114	115	116	118	119	120	122	124	125	126	127	128	129	130	131	132	133	134	135	136	137	138	139	140	141	143	144	145	146	147	148	149	150	151	152	153	154	156	158	159	160	161	162	163	165
9	10	13	16	18	21	22	23	24	25	26	27	29	31	32	33	34	36	37	39	40	41	43	45	46	47	48	49	50	51	52	53	54	55	56	57	58	59	60	61	63	64	66	67	68	69	70	71	72	73	74	76	77	79	80	81	83	84	85	86	87	88	89	90	91	92	93	94	95	96	97	98	99	100	101	102	103	104	105	106	107	108	109	110	111	113	114	115	116	118	119	120	121	122	123	124	125	126	127	130	131	132	133	134	135	136	137	138	139	140	141	142	143	144	145	146	147	148	149	151	152	153	154	156	157	159	160	161	162	163	164
9	10	12	17	20	21	22	23	24	25	26	27	28	30	31	32	33	38	40	41	42	43	44	45	46	47	48	49	50	51	52	53	54	55	56	57	58	60	61	62	63	64	65	66	67	69	70	71	72	76	77	78	79	80	81	82	83	84	85	86	87	88	89	90	91	92	93	94	95	96	97	98	99	100	101	103	104	105	106	107	108	109	110	111	112	113	114	115	117	118	119	120	121	122	123	124	125	126	129	130	131	132	133	134	135	136	137	138	139	140	141	142	143	144	145	146	147	149	150	151	152	153	154	156	157	159	160	161	162	163	164
