15	17	20	21	25	29	30	32	34	35	36	37	38	39	40	41	42	43	49	51	52	53	54	55	59	60	61	62	63	64	65	66	67	68	69	70	71	72	73	74	75	76	77	78	79	86	89	90	91	92	93	94	95	96	97	98	99	100	101	102	103	106	107	108	109	110	111	112	113	114	115	116	117	118	119	120	121	122	123	124	125	126	127	128	134	137	138	139	140	141	142	144	145	146	147	148	149	150	151	152	153	154	155	156	157	158	159	160	161	162	164	165	166	167	168	169	170	171	172	173	174	175	176	181	182	184	185	186	188	189	190	191	192	193	194	195	196	197	198	199	200	201	202	203	204	205	206	207	208	212	213	214	215	216	217
15	17	19	20	25	29	30	32	33	34	35	36	37	38	39	40	42	43	49	51	52	53	54	55	58	59	60	61	62	63	64	66	67	68	69	70	71	72	73	74	75	76	77	78	79	85	86	89	90	91	92	94	95	96	97	98	99	100	101	102	103	105	106	108	109	110	111	112	113	114	115	116	117	118	119	120	121	122	123	124	125	126	127	128	133	134	136	137	139	140	141	142	145	146	147	148	149	150	151	152	153	154	155	156	157	158	159	160	161	162	164	165	166	167	168	169	170	171	172	173	174	175	176	179	182	183	184	185	186	188	189	190	191	192	194	195	196	197	198	199	200	201	202	203	204	205	206	207	208	210	213	214	215	216	217
15	16	17	21	25	26	29	30	32	34	35	36	37	38	39	41	42	43	48	49	51	52	53	54	55	59	60	61	62	63	65	66	67	68	69	70	71	72	73	74	75	76	77	78	79	82	86	87	89	90	91	93	94	95	96	97	98	99	100	101	102	103	107	108	109	110	111	112	113	114	115	116	117	118	119	120	121	122	123	124	125	126	127	128	130	132	134	138	139	140	141	142	144	145	146	147	148	149	150	151	152	153	154	155	156	157	158	159	160	161	164	165	166	167	168	169	170	171	172	173	174	175	176	177	181	182	183	184	185	188	189	190	191	192	193	194	195	196	197	198	199	200	201	202	203	204	205	207	208	210	212	213	215	216	217
13	14	18	21	24	27	28	29	30	31	32	33	36	38	40	41	42	43	45	46	49	50	53	55	56	57	58	59	60	61	62	63	64	65	66	67	68	69	71	74	75	76	77	78	79	81	83	84	85	88	90	91	92	93	94	96	99	100	101	102	103	104	105	106	107	108	109	110	111	112	113	114	115	116	117	118	119	120	121	122	125	126	127	128	131	132	133	135	136	137	138	139	141	144	145	146	147	148	149	150	151	154	155	156	157	158	159	160	161	162	163	164	165	166	167	168	169	170	171	172	173	174	175	178	181	182	183	184	185	186	187	188	189	192	193	194	195	196	197	198	199	201	202	203	204	205	206	207	208	211	212	213	214	216	217
13	14	18	19	24	27	28	29	30	31	32	33	36	38	39	40	41	42	45	46	49	50	53	55	56	57	58	59	60	61	62	63	64	65	66	67	68	69	71	72	74	76	77	78	79	81	83	84	85	88	90	91	92	93	94	96	97	99	101	102	103	104	105	106	107	108	109	110	111	112	113	114	115	116	117	118	119	120	121	122	124	125	127	128	131	132	133	135	136	137	138	139	141	142	144	146	147	148	149	150	151	153	154	156	157	158	159	160	161	162	163	164	165	166	167	168	169	170	171	172	173	174	175	178	179	181	182	183	184	186	187	188	189	191	192	194	195	196	197	198	199	201	202	203	204	205	206	207	208	210	211	213	214	216	217
12	13	18	19	22	24	27	28	29	30	31	33	36	38	39	40	41	42	44	45	46	49	50	53	55	56	57	58	59	60	61	62	63	64	65	67	68	69	71	72	74	76	77	78	79	80	81	82	83	84	85	88	90	91	92	93	96	97	99	101	102	103	104	105	106	107	108	109	110	111	112	113	114	115	116	118	119	120	121	122	124	125	127	128	130	131	132	133	134	135	136	137	138	139	141	142	144	146	147	148	150	151	153	154	156	157	158	159	160	161	162	163	164	165	166	167	168	169	170	172	173	174	175	178	179	180	181	182	183	184	185	186	187	188	189	191	192	194	195	197	198	199	201	202	203	204	205	206	207	210	211	212	213	214	217
11	13	18	20	23	24	25	26	27	29	30	31	36	37	38	40	41	43	44	45	47	48	49	50	51	52	53	54	55	57	59	60	61	62	63	64	65	67	71	73	74	75	76	78	79	80	81	82	84	86	87	88	89	90	91	92	93	94	95	96	97	98	99	100	102	103	104	106	107	109	110	111	112	113	114	115	116	118	120	122	123	126	127	128	130	131	132	133	134	135	137	138	140	141	142	143	144	145	146	147	148	149	150	151	152	153	154	155	156	158	160	161	162	164	165	166	167	168	169	170	171	174	175	178	180	181	182	183	184	185	186	188	189	190	191	192	193	194	195	196	197	198	199	200	201	204	205	206	207	209	212	213	214	215	216
11	13	16	18	23	24	25	26	27	29	30	31	35	36	37	38	40	41	44	45	47	48	49	50	51	52	53	54	55	57	59	60	61	62	63	64	65	67	70	71	73	74	75	76	78	80	81	82	84	86	87	88	89	90	91	92	93	94	95	96	97	98	99	100	102	103	104	106	107	109	110	111	112	113	114	115	116	117	118	120	123	124	126	127	130	131	132	133	134	135	137	138	140	141	142	143	144	145	146	147	148	149	150	151	152	153	154	155	156	157	158	160	161	162	164	166	167	168	169	170	171	172	174	177	178	180	181	182	183	184	185	186	188	190	191	192	193	194	195	196	197	198	199	200	201	202	204	205	207	209	210	212	213	215	216
11	12	15	17	22	23	25	26	27	28	29	30	32	34	35	36	38	39	44	45	46	47	48	49	51	52	53	54	55	56	57	58	59	60	61	62	63	66	67	68	70	71	72	74	76	80	81	82	83	84	85	86	87	88	89	90	91	94	95	96	97	98	99	100	101	102	103	104	105	106	107	108	109	110	111	113	114	117	118	119	120	123	124	125	129	130	131	132	133	134	135	136	137	138	139	140	141	142	144	145	146	149	150	151	152	153	154	155	156	157	158	159	160	161	162	164	165	166	167	168	171	172	173	177	178	179	180	181	182	183	184	185	186	188	189	190	191	192	194	196	197	198	199	200	201	202	203	204	205	209	210	211	212	213	216
10	14	15	17	22	23	24	25	28	29	30	32	33	34	35	36	38	39	44	45	46	47	48	49	50	51	52	53	55	56	58	59	60	61	62	63	66	67	68	69	70	71	72	74	76	80	81	82	83	84	85	86	87	88	89	90	91	92	93	94	95	96	97	99	101	102	103	104	105	108	109	110	111	113	114	117	118	119	120	121	122	123	124	125	129	130	131	132	133	134	135	136	137	138	139	140	141	142	144	145	146	147	148	149	150	151	152	153	154	157	158	159	161	162	165	166	167	168	171	172	173	174	175	177	178	179	181	182	183	184	185	186	187	188	189	190	191	192	194	195	196	197	198	199	201	202	203	205	208	209	210	211	213	214	216
10	13	16	18	22	23	24	26	27	29	30	31	35	36	37	38	40	41	44	45	46	47	48	49	50	52	53	54	55	57	59	60	61	62	63	64	65	67	70	71	73	74	75	76	78	80	81	82	83	84	85	86	87	88	89	90	91	92	93	95	96	98	99	100	102	103	104	106	107	109	110	111	112	113	114	115	116	117	118	120	123	124	126	127	130	131	132	133	134	135	136	137	138	139	140	141	142	143	144	145	146	147	148	149	150	152	153	155	156	157	158	160	161	162	164	166	167	168	169	170	171	172	174	177	178	180	181	182	183	184	185	186	187	188	189	190	191	192	193	194	195	196	197	199	201	202	204	205	207	209	210	212	213	214	215
10	12	15	17	22	23	24	25	27	28	29	30	32	34	35	36	38	39	44	45	46	47	48	49	50	51	52	53	55	56	57	58	59	60	61	62	63	66	67	68	70	71	72	74	76	80	81	82	83	84	85	86	87	88	89	90	91	92	93	94	95	96	97	99	101	102	103	104	105	106	107	108	109	110	111	113	114	117	118	119	120	123	124	125	129	130	131	132	133	134	135	136	137	138	139	140	141	142	144	145	146	147	148	149	150	151	152	153	154	157	158	159	160	161	162	164	165	166	167	168	171	172	173	177	178	179	180	181	182	183	184	185	186	187	188	189	190	191	192	194	195	196	197	198	201	202	203	204	205	209	210	211	212	213	214
15	17	18	21	25	29	30	31	32	34	35	36	38	39	40	41	42	43	49	50	51	52	53	55	57	59	60	61	62	63	64	65	66	67	68	69	70	71	72	73	74	75	76	77	78	79	84	86	88	90	91	92	93	94	95	96	97	98	99	100	101	102	103	104	106	107	108	109	110	111	112	113	114	115	116	117	118	119	120	121	122	123	124	125	126	127	128	131	135	137	138	139	140	141	142	144	145	146	147	148	149	150	151	152	153	154	155	156	157	158	159	160	161	162	163	164	165	166	167	168	169	170	171	172	173	174	175	176	178	181	184	185	186	187	188	189	190	191	192	193	194	195	196	197	198	199	200	201	202	203	204	205	206	207	208	211	212	214	215	216	217
15	17	18	20	25	29	30	31	32	34	35	36	37	38	39	40	41	43	49	50	51	52	53	54	55	57	59	60	61	62	63	64	65	66	67	68	70	71	72	73	74	75	76	77	78	79	84	86	88	89	90	91	92	93	94	95	96	97	98	99	100	101	102	103	104	106	107	109	110	111	112	113	114	115	116	117	118	119	120	121	122	123	124	125	126	127	128	131	134	135	137	138	140	141	142	143	144	145	146	147	148	149	150	151	152	153	154	155	156	157	158	159	160	161	162	164	165	166	167	168	169	170	171	172	173	174	175	176	178	180	181	182	185	186	188	189	190	191	192	193	194	195	196	197	198	199	200	201	202	203	204	205	206	207	208	209	212	214	215	216	217
14	15	18	21	25	28	29	31	32	33	34	35	36	38	40	41	42	43	46	50	51	52	53	55	57	58	59	60	61	62	64	65	66	67	68	69	70	71	72	73	74	75	76	77	78	79	81	84	85	88	90	92	93	94	95	96	97	98	99	100	101	102	103	104	106	107	108	109	110	111	112	113	114	115	116	117	118	119	120	121	122	123	124	125	126	127	128	131	132	133	135	137	138	139	141	144	145	146	147	148	149	150	151	152	153	154	155	156	157	158	159	160	161	162	163	164	165	166	167	168	169	170	171	172	173	174	175	176	178	181	182	183	184	185	186	187	188	189	192	193	194	195	196	197	198	199	200	201	202	203	204	205	206	207	208	211	212	213	214	216	217
14	15	18	20	25	28	29	31	32	33	34	35	36	37	38	40	41	43	46	50	51	52	53	54	55	57	58	59	60	61	62	64	65	66	67	68	69	70	71	72	73	74	75	76	78	79	81	84	85	88	89	90	92	93	94	95	96	97	98	99	100	101	102	103	104	106	107	108	109	110	111	112	113	114	116	117	118	119	120	121	122	123	124	125	126	127	128	131	132	133	134	135	137	138	139	141	143	144	145	146	148	149	150	151	152	153	154	155	156	157	158	159	160	161	162	164	165	166	167	168	169	170	171	172	173	174	175	176	178	180	181	182	183	184	185	186	188	189	190	193	194	195	196	197	198	199	200	201	202	203	204	205	206	207	208	209	212	213	214	216	217
14	15	17	20	25	28	29	30	32	33	34	35	36	37	38	39	40	43	46	49	51	52	53	54	55	56	58	59	60	61	62	63	64	66	67	68	69	70	71	72	73	74	75	76	78	79	81	83	85	86	89	90	91	92	94	95	96	97	98	99	100	101	102	103	104	105	106	108	109	110	111	112	113	114	116	117	118	119	120	121	122	123	124	125	126	127	128	129	132	133	134	135	136	137	139	140	141	142	145	146	148	149	150	151	152	153	154	155	156	157	158	159	160	161	162	164	165	166	167	168	169	170	171	172	173	174	175	176	177	178	179	182	183	184	185	186	188	189	190	191	194	195	196	197	198	199	200	201	202	203	204	205	206	207	208	209	210	213	214	216	217
13	17	19	20	24	27	29	30	31	32	33	34	37	38	39	40	42	43	45	49	50	51	54	55	56	57	58	59	60	61	62	63	64	65	66	67	68	69	70	71	72	75	76	77	78	79	83	84	85	86	89	90	91	92	93	94	95	96	97	100	101	102	103	104	105	106	107	108	109	110	111	112	113	114	115	116	117	118	119	120	121	122	123	124	125	127	128	133	134	135	136	137	138	139	140	141	142	145	146	147	148	149	150	151	152	153	154	156	157	158	159	160	161	162	163	164	165	166	167	168	169	170	171	172	173	174	175	176	179	182	183	184	185	186	187	188	189	190	191	192	194	195	196	197	198	199	200	201	202	203	204	205	206	207	208	210	213	214	215	216	217
13	17	18	19	24	27	29	30	31	32	33	34	36	38	39	40	41	42	45	49	50	51	53	55	56	57	58	59	60	61	62	63	64	65	66	67	68	69	70	71	72	74	76	77	78	79	83	84	85	86	88	90	91	92	93	94	95	96	97	99	101	102	103	104	105	106	107	108	109	110	111	112	113	114	115	116	117	118	119	120	121	122	123	124	125	127	128	131	133	135	136	137	138	139	140	141	142	144	146	147	148	149	150	151	152	153	154	156	157	158	159	160	161	162	163	164	165	166	167	168	169	170	171	172	173	174	175	176	178	179	181	183	184	186	187	188	189	190	191	192	194	195	196	197	198	199	200	201	202	203	204	205	206	207	208	210	211	214	215	216	217
13	15	16	21	24	25	26	27	29	30	31	34	35	36	37	41	42	43	45	47	48	49	50	51	52	53	54	55	57	59	60	61	62	63	64	65	66	69	70	71	72	73	74	75	78	79	80	82	84	86	87	88	89	90	91	92	93	94	95	96	97	98	99	100	101	102	103	106	107	108	109	110	111	112	113	114	115	116	117	118	119	122	123	124	125	126	127	130	131	132	134	137	138	139	140	141	142	143	144	145	146	147	148	149	150	151	152	153	154	155	156	157	158	159	160	161	164	165	166	167	168	169	170	171	172	173	174	176	177	180	181	182	183	184	185	188	189	190	191	192	193	194	195	196	197	198	199	200	201	202	203	204	205	207	208	210	212	213	215	216	217
13	15	16	18	24	25	26	27	29	30	31	34	35	36	37	38	40	41	45	47	48	49	50	51	52	53	54	55	57	59	60	61	62	63	64	65	66	67	70	71	72	73	74	75	76	78	80	82	84	86	87	88	89	90	91	92	93	94	95	96	97	98	99	100	101	102	103	104	106	107	109	110	111	112	113	114	115	116	117	118	119	120	123	124	125	126	127	130	131	132	134	135	137	138	140	141	142	143	144	145	146	147	148	149	150	151	152	153	154	155	156	157	158	159	160	161	162	164	166	167	168	169	170	171	172	173	174	176	177	178	180	181	182	183	185	186	188	190	191	192	193	194	195	196	197	198	199	200	201	202	203	204	205	207	208	209	210	212	215	216	217
13	14	18	20	24	27	28	29	30	31	32	33	36	37	38	40	41	43	45	46	49	50	53	54	55	56	57	58	59	60	61	62	63	64	65	66	67	68	69	71	73	74	75	76	78	79	81	83	84	85	88	89	90	91	92	93	94	96	98	99	100	101	102	103	104	105	106	107	108	109	110	111	112	113	114	115	116	117	118	119	120	121	122	123	126	127	128	131	132	133	134	135	136	137	138	139	141	143	144	145	146	147	148	149	150	151	152	155	156	157	158	159	160	161	162	163	164	165	166	167	168	169	170	171	172	173	174	175	178	180	181	182	183	184	185	186	187	188	189	190	193	194	195	196	197	198	199	201	202	203	204	205	206	207	208	209	212	213	214	216	217
13	14	17	20	24	27	28	29	30	31	32	33	34	37	38	39	40	43	45	46	49	50	51	54	55	56	57	58	59	60	61	62	63	64	65	66	67	68	69	70	71	72	75	76	78	79	81	83	84	85	86	89	90	91	92	93	94	95	96	97	100	101	102	103	104	105	106	107	108	109	110	111	112	113	114	115	116	117	118	119	120	121	122	123	124	127	128	129	132	133	134	135	136	137	138	139	140	141	142	145	146	147	148	149	150	151	152	153	156	157	158	159	160	161	162	163	164	165	166	167	168	169	170	171	172	173	174	175	177	178	179	182	183	184	185	186	187	188	189	190	191	194	195	196	197	198	199	201	202	203	204	205	206	207	208	209	210	213	214	216	217
13	14	17	18	24	27	28	29	30	31	32	33	34	36	38	39	40	41	45	46	49	50	51	53	55	56	57	58	59	60	61	62	63	64	65	66	67	68	69	70	71	72	74	76	77	78	81	83	84	85	86	88	90	91	92	93	94	95	96	97	99	101	102	103	104	105	106	107	108	109	110	111	112	113	114	115	116	117	118	119	120	121	122	123	124	125	128	129	131	132	133	135	136	137	138	139	140	141	142	144	146	147	148	149	150	151	152	153	154	157	158	159	160	161	162	163	164	165	166	167	168	169	170	171	172	173	174	175	177	178	179	181	182	183	184	186	187	188	189	190	191	192	195	196	197	198	199	201	202	203	204	205	206	207	208	209	210	211	214	216	217
12	15	16	18	22	25	26	27	28	29	31	34	35	36	37	38	40	41	44	45	46	48	50	51	52	53	54	55	57	58	59	60	61	62	64	65	66	67	70	71	72	73	74	75	76	78	80	81	82	84	85	87	88	89	90	92	93	94	95	96	97	98	99	100	101	102	103	104	106	107	108	109	110	111	112	113	114	116	117	118	119	120	123	124	125	126	127	130	131	132	133	134	135	137	138	139	140	141	143	144	145	146	148	149	150	151	152	153	154	155	156	157	158	159	160	161	162	164	165	166	167	168	169	171	172	173	174	176	177	178	180	181	182	183	184	185	186	188	189	190	191	193	194	196	197	198	199	200	201	202	203	204	205	207	208	209	210	212	213	216	217
12	15	16	17	22	25	26	27	28	29	30	32	34	35	36	37	38	39	44	45	46	48	49	51	52	53	54	55	56	57	58	59	60	61	62	63	66	67	68	70	71	72	73	74	75	76	80	81	82	83	84	85	86	87	89	90	91	94	95	96	97	98	99	100	101	102	103	104	105	106	107	108	109	110	111	112	113	114	117	118	119	120	123	124	125	126	127	129	130	131	132	133	134	135	136	137	138	139	140	141	142	145	146	149	150	151	152	153	154	155	156	157	158	159	160	161	162	164	165	166	167	168	169	171	172	173	174	176	177	178	179	180	181	182	183	184	185	186	188	189	190	191	194	196	197	198	199	200	201	202	203	204	205	207	208	209	210	212	213	216	217
12	13	16	18	22	24	26	27	28	29	30	31	35	36	37	38	40	41	44	45	46	48	49	50	52	53	54	55	56	57	58	59	60	61	62	63	64	65	67	70	71	73	74	75	76	78	80	81	82	83	84	85	87	88	89	90	91	92	93	95	96	98	99	100	101	102	103	104	105	106	107	108	109	110	111	112	113	114	115	116	117	118	120	123	124	126	127	130	131	132	133	134	135	136	137	138	139	140	141	143	144	145	146	147	148	149	150	152	153	155	156	157	158	159	160	161	162	163	164	165	166	167	168	169	170	171	172	174	177	178	180	181	182	183	184	185	186	187	188	189	190	191	193	194	195	196	197	199	201	202	203	204	205	206	207	209	210	212	213	214	217
12	13	16	17	22	24	26	27	28	29	30	31	32	34	35	37	38	39	44	45	46	48	49	50	51	52	54	55	56	57	58	59	60	61	62	63	64	65	66	67	68	70	71	72	75	76	80	81	82	83	84	85	86	87	89	90	91	92	93	94	95	96	97	100	101	102	103	104	105	106	107	108	109	110	111	112	113	114	115	116	117	118	119	120	123	124	127	129	130	131	132	133	134	135	136	137	138	139	140	141	142	145	146	147	148	149	150	151	152	153	156	157	158	159	160	161	162	163	164	165	166	167	168	169	170	171	172	174	177	178	179	180	181	182	183	184	185	186	187	188	189	190	191	194	195	196	197	199	201	202	203	204	205	206	207	209	210	212	213	214	217
12	13	15	19	22	24	25	27	28	29	30	31	33	34	35	36	39	42	44	45	46	47	49	50	51	52	53	55	56	57	58	59	60	61	62	63	64	65	66	68	69	70	71	72	74	79	80	81	82	83	84	85	86	87	88	90	91	92	93	94	95	96	97	99	101	102	103	104	105	106	107	108	109	110	111	112	113	114	115	116	117	118	119	122	124	125	127	129	130	131	132	133	134	135	136	137	138	139	140	141	142	144	146	147	148	149	150	151	153	154	156	157	158	159	160	161	162	163	164	165	166	167	168	169	170	172	173	174	177	178	179	180	181	182	183	184	185	186	187	188	189	191	192	194	195	197	198	199	201	202	203	204	205	206	207	210	211	212	213	214	217
12	13	15	17	22	24	25	27	28	29	30	31	32	34	35	36	38	39	44	45	46	47	49	50	51	52	53	55	56	57	58	59	60	61	62	63	64	65	66	67	68	70	71	72	74	76	80	81	82	83	84	85	86	87	88	90	91	92	93	94	95	96	97	99	101	102	103	104	105	106	107	108	109	110	111	112	113	114	115	116	117	118	119	120	123	124	125	129	130	131	132	133	134	135	136	137	138	139	140	141	142	144	146	147	148	149	150	151	152	153	154	157	158	159	160	161	162	163	164	165	166	167	168	169	170	171	172	173	177	178	179	180	181	182	183	184	185	186	187	188	189	190	191	192	195	196	197	198	201	202	203	204	205	206	207	209	210	211	212	214	217
11	17	18	21	23	25	26	30	31	32	34	36	38	39	40	41	42	43	44	48	49	50	51	52	53	54	57	59	61	62	63	64	65	66	67	68	69	70	71	72	74	75	76	77	78	79	81	82	84	86	88	89	90	91	92	93	94	95	96	97	98	99	100	103	104	106	107	108	109	110	111	113	114	115	116	117	118	119	120	121	122	123	124	125	126	127	128	131	132	133	134	135	137	138	139	140	141	142	144	145	146	147	148	149	150	151	152	153	154	155	156	158	161	162	163	164	165	166	167	168	169	170	171	172	173	174	175	176	178	181	182	183	184	185	186	187	188	189	190	191	192	193	194	195	196	197	198	199	200	203	204	205	206	207	208	211	212	213	214	215	216
11	17	18	20	23	25	26	30	31	32	34	36	37	38	39	40	41	43	44	48	49	50	51	52	53	54	57	59	61	62	63	64	65	66	67	68	70	71	72	73	74	75	76	77	78	79	81	82	84	86	88	89	90	91	92	93	94	95	96	97	98	99	100	103	104	106	107	109	110	111	112	113	114	115	116	117	118	119	120	121	122	123	124	125	126	127	128	131	132	133	134	135	137	138	140	141	142	143	144	145	146	147	148	149	150	151	152	153	154	155	156	158	160	161	162	164	165	166	167	168	169	170	171	172	173	174	175	176	178	180	181	182	183	184	185	186	188	189	190	191	192	193	194	195	196	197	198	199	200	201	204	205	206	207	208	209	212	213	214	215	216
11	15	17	21	23	25	26	29	30	32	34	35	36	38	39	41	42	43	44	47	48	49	51	52	53	54	55	59	60	61	62	63	65	66	67	68	69	70	71	72	74	75	76	77	78	79	80	81	82	86	87	88	89	90	91	93	94	95	96	97	98	99	100	101	102	103	107	108	109	110	111	113	114	115	116	117	118	119	120	121	122	123	124	125	126	127	128	129	130	131	132	133	134	138	139	140	141	142	144	145	146	147	148	149	150	151	152	153	154	155	156	157	158	159	161	164	165	166	167	168	169	170	171	172	173	174	175	176	177	178	179	181	182	183	184	185	188	189	190	191	192	193	194	195	196	197	198	199	200	202	203	204	205	207	208	210	211	212	213	215	216
11	13	18	21	23	24	25	26	27	29	30	31	36	38	40	41	42	43	44	45	47	48	49	50	51	52	53	54	55	57	59	60	61	62	63	64	65	67	69	71	74	75	76	77	78	79	80	81	82	84	86	87	88	89	90	91	92	93	94	95	96	97	98	99	100	102	103	104	106	107	108	109	110	111	112	113	114	115	116	118	120	121	122	125	126	127	128	130	131	132	133	134	135	137	138	139	140	141	142	143	144	145	146	147	148	149	150	151	152	153	154	155	156	158	160	161	162	163	164	165	166	167	168	169	170	173	174	175	178	180	181	182	183	184	185	186	187	188	189	190	191	192	193	194	195	196	197	198	199	200	203	204	205	206	207	211	212	213	214	215	216
11	13	15	21	23	24	25	26	27	29	30	31	34	35	36	41	42	43	44	45	47	48	49	50	51	52	53	54	55	57	59	60	61	62	63	64	65	66	69	70	71	72	74	75	78	79	80	81	82	84	86	87	88	89	90	91	92	93	94	95	96	97	98	99	100	101	102	103	106	107	108	109	110	111	112	113	114	115	116	117	118	119	122	124	125	126	127	129	130	131	132	133	134	137	138	139	140	141	142	143	144	145	146	147	148	149	150	151	152	153	154	155	156	157	158	159	160	161	164	165	166	167	168	169	170	172	173	174	177	178	179	180	181	182	183	184	185	188	189	190	191	192	193	194	195	196	197	198	199	200	202	203	204	205	207	210	211	212	213	215	216
11	13	15	18	23	24	25	26	27	29	30	31	34	35	36	38	40	41	44	45	47	48	49	50	51	52	53	54	55	57	59	60	61	62	63	64	65	66	67	70	71	72	73	74	76	78	80	81	82	84	86	87	88	89	90	91	92	93	94	95	96	97	98	99	100	101	102	103	104	106	107	109	110	111	112	113	114	115	116	117	118	119	120	123	124	125	126	129	130	131	132	133	134	135	137	138	140	141	142	143	144	145	146	147	148	149	150	151	152	153	154	155	156	157	158	159	160	161	162	164	166	167	168	169	170	171	172	173	177	178	179	180	181	182	183	184	185	186	188	190	191	192	193	194	195	196	197	198	199	200	201	202	203	204	207	209	210	211	212	215	216
11	12	15	18	22	23	25	26	27	28	29	31	34	35	36	38	40	41	44	45	46	47	48	50	51	52	53	54	55	57	58	59	60	61	62	64	65	66	67	70	71	72	73	74	76	78	80	81	82	84	85	86	87	88	89	90	92	93	94	95	96	97	98	99	100	101	102	103	104	106	107	108	109	110	111	112	113	114	116	117	118	119	120	123	124	125	126	129	130	131	132	133	134	135	137	138	139	140	141	142	143	144	145	146	148	149	150	151	152	153	154	155	156	157	158	159	160	161	162	164	165	166	167	168	169	171	172	173	177	178	179	180	181	182	183	184	185	186	188	189	190	191	192	193	194	196	197	198	199	200	201	202	203	204	205	209	210	211	212	213	216
10	17	18	19	22	23	24	30	31	32	33	34	36	38	39	40	41	42	44	45	46	48	49	50	51	53	57	58	59	61	62	63	64	65	66	67	68	69	70	71	72	74	76	77	78	79	81	82	83	84	85	86	88	89	90	91	92	93	94	95	96	97	99	103	104	105	106	107	108	109	110	111	113	114	115	116	117	118	119	120	121	122	123	124	125	127	128	131	132	133	134	135	136	137	138	139	140	141	142	144	145	146	147	148	149	150	151	152	153	154	156	158	159	161	162	163	164	165	166	167	168	170	171	172	173	174	175	176	178	179	181	182	183	184	185	186	187	188	189	190	191	192	194	195	196	197	198	199	200	202	203	205	206	207	208	210	211	213	214	215	216
10	15	17	19	22	23	24	25	29	30	32	33	34	35	36	38	39	42	44	45	46	47	48	49	50	51	52	53	55	58	59	60	61	62	63	66	67	68	69	70	71	72	74	76	77	79	80	81	82	83	84	85	86	87	88	89	90	91	92	93	94	95	96	97	99	101	102	103	105	108	109	110	111	113	114	115	117	118	119	120	121	122	123	124	125	127	128	129	130	131	132	133	134	135	136	137	138	139	140	141	142	144	145	146	147	148	149	150	151	152	153	154	156	157	158	159	161	165	166	167	168	170	171	172	173	174	175	176	177	178	179	181	182	183	184	185	186	187	188	189	190	191	192	194	195	196	197	198	199	200	202	203	205	207	208	210	211	213	214	215	216
10	14	17	18	22	23	24	28	30	31	32	33	34	36	38	39	40	41	44	45	46	48	49	50	51	53	56	57	58	59	61	62	63	64	65	66	67	68	69	70	71	72	74	76	77	78	81	82	83	84	85	86	88	89	90	91	92	93	94	95	96	97	99	101	103	104	105	106	107	108	109	110	111	113	114	115	116	117	118	119	120	121	122	123	124	125	128	129	131	132	133	134	135	136	137	138	139	140	141	142	144	145	146	147	148	149	150	151	152	153	154	157	158	159	161	162	163	164	165	166	167	168	170	171	172	173	174	175	177	178	179	181	182	183	184	185	186	187	188	189	190	191	192	194	195	196	197	198	199	201	202	203	205	206	208	209	210	211	213	214	216
10	13	18	19	22	23	24	27	29	30	31	33	36	38	39	40	41	42	44	45	46	47	48	49	50	53	55	57	58	59	60	61	62	63	64	65	67	68	69	71	72	74	76	77	78	79	80	81	82	83	84	85	86	87	88	89	90	91	92	93	96	97	99	102	103	104	105	106	107	108	109	110	111	112	113	114	115	116	118	119	120	121	122	124	125	127	128	130	131	132	133	134	135	136	137	138	139	140	141	142	143	144	145	146	147	148	150	151	153	154	156	158	159	160	161	162	163	164	165	166	167	168	169	170	172	173	174	175	178	179	180	181	182	183	184	185	186	187	188	189	190	191	192	193	194	195	197	198	199	202	203	204	205	206	207	210	211	212	213	214	215
10	13	16	17	22	23	24	26	27	29	30	31	32	34	35	37	38	39	44	45	46	47	48	49	50	51	52	54	55	56	57	59	60	61	62	63	64	65	66	67	68	70	71	72	75	76	80	81	82	83	84	85	86	87	88	89	90	91	92	93	94	95	96	97	100	101	102	103	104	105	106	107	109	110	111	112	113	114	115	116	117	118	119	120	123	124	127	129	130	131	132	133	134	135	136	137	138	139	140	141	142	143	144	145	146	147	148	149	150	151	152	153	156	157	158	159	160	161	162	164	166	167	168	169	170	171	172	174	177	178	179	180	181	182	183	184	185	186	187	188	189	190	191	192	193	194	195	196	197	199	201	202	204	205	207	209	210	212	213	214	215
10	13	15	19	22	23	24	25	27	29	30	31	33	34	35	36	39	42	44	45	46	47	48	49	50	51	52	53	55	57	58	59	60	61	62	63	64	65	66	68	69	70	71	72	74	79	80	81	82	83	84	85	86	87	88	89	90	91	92	93	94	95	96	97	99	101	102	103	105	106	107	108	109	110	111	112	113	114	115	116	117	118	119	122	124	125	127	129	130	131	132	133	134	135	136	137	138	139	140	141	142	143	144	145	146	147	148	149	150	151	153	154	156	157	158	159	160	161	164	165	166	167	168	169	170	172	173	174	177	178	179	180	181	182	183	184	185	186	187	188	189	190	191	192	193	194	195	197	198	199	202	203	204	205	207	210	211	212	213	214	215
10	13	15	17	22	23	24	25	27	29	30	31	32	34	35	36	38	39	44	45	46	47	48	49	50	51	52	53	55	56	57	59	60	61	62	63	64	65	66	67	68	70	71	72	74	76	80	81	82	83	84	85	86	87	88	89	90	91	92	93	94	95	96	97	99	101	102	103	104	105	106	107	109	110	111	112	113	114	115	116	117	118	119	120	123	124	125	129	130	131	132	133	134	135	136	137	138	139	140	141	142	143	144	145	146	147	148	149	150	151	152	153	154	157	158	159	160	161	162	164	166	167	168	169	170	171	172	173	177	178	179	180	181	182	183	184	185	186	187	188	189	190	191	192	193	194	195	196	197	198	201	202	203	204	207	209	210	211	212	214	215
15	17	18	19	25	29	30	31	32	33	34	35	36	38	39	40	41	42	49	50	51	52	53	55	57	58	59	60	61	62	63	64	65	66	67	68	69	70	71	72	73	74	76	77	78	79	84	85	86	88	90	91	92	93	94	95	96	97	98	99	101	102	103	104	105	106	107	108	109	110	111	112	113	114	115	116	117	118	119	120	121	122	123	124	125	126	127	128	131	133	135	136	137	138	139	140	141	142	144	146	147	148	149	150	151	152	153	154	155	156	157	158	159	160	161	162	163	164	165	166	167	168	169	170	171	172	173	174	175	176	178	179	181	183	184	186	187	188	189	190	191	192	194	195	196	197	198	199	200	201	202	203	204	205	206	207	208	210	211	214	215	216	217
15	16	17	18	25	26	29	30	31	32	34	35	36	37	38	39	40	41	48	49	50	51	52	53	54	55	57	59	60	61	62	63	64	65	66	67	68	70	71	72	73	74	75	76	77	78	82	84	86	87	88	89	90	91	92	93	94	95	96	97	98	99	100	101	102	103	104	106	107	109	110	111	112	113	114	115	116	117	118	119	120	121	123	124	125	126	127	128	130	131	132	134	135	137	138	140	141	142	143	144	145	146	147	148	149	150	151	152	153	154	155	156	157	158	159	160	161	162	164	166	167	168	169	170	171	172	173	174	175	176	177	178	180	181	182	183	185	186	188	190	191	192	193	194	195	196	197	198	199	200	201	202	203	204	205	207	208	209	210	212	215	216	217
14	15	18	19	25	28	29	31	32	33	34	35	36	38	39	40	41	42	46	50	51	52	53	55	57	58	59	60	61	62	63	64	65	66	67	68	69	70	71	72	73	74	76	77	78	79	81	84	85	88	90	91	92	93	94	95	96	97	98	99	101	102	103	104	105	106	107	108	109	110	111	112	113	114	115	116	117	118	119	120	121	122	123	124	125	126	127	128	131	132	133	135	136	137	138	139	141	142	144	146	147	148	149	150	151	152	153	154	155	156	157	158	159	160	161	162	163	164	165	166	167	168	169	170	171	172	173	174	175	176	178	179	181	182	183	184	186	187	188	189	191	192	194	195	196	197	198	199	200	201	202	203	204	205	206	207	208	210	211	213	214	216	217
14	15	16	18	25	26	28	29	31	32	33	34	35	36	37	38	40	41	46	48	50	51	52	53	54	55	57	58	59	60	61	62	64	65	66	67	68	69	70	71	72	73	74	75	76	78	81	82	84	85	87	88	89	90	92	93	94	95	96	97	98	99	100	101	102	103	104	106	107	108	109	110	111	112	113	114	116	117	118	119	120	121	122	123	124	125	126	127	130	131	132	133	134	135	137	138	139	140	141	143	144	145	146	148	149	150	151	152	153	154	155	156	157	158	159	160	161	162	164	165	166	167	168	169	171	172	173	174	175	176	177	178	180	181	182	183	184	185	186	188	189	190	191	193	194	196	197	198	199	200	201	202	203	204	205	207	208	209	210	212	213	216	217
13	17	20	21	24	27	29	30	31	32	34	37	38	39	40	41	42	43	45	49	50	51	54	55	56	57	59	60	61	62	63	64	65	66	67	68	69	70	71	72	74	75	76	77	78	79	83	84	86	89	90	91	92	93	94	95	96	97	99	100	101	102	103	104	105	106	107	108	109	110	111	112	113	114	115	116	117	118	119	120	121	122	123	124	125	126	127	128	134	135	136	137	138	139	140	141	142	144	145	146	147	148	149	150	151	152	153	154	155	156	157	158	159	160	161	162	163	164	165	166	167	168	169	170	171	172	173	174	175	176	181	182	184	185	186	187	188	189	190	191	192	193	194	195	196	197	198	199	200	201	202	203	204	205	206	207	208	212	213	214	215	216	217
13	17	18	21	24	27	29	30	31	32	34	36	38	39	40	41	42	43	45	49	50	51	53	55	56	57	59	60	61	62	63	64	65	66	67	68	69	70	71	72	74	75	76	77	78	79	83	84	86	88	90	91	92	93	94	95	96	97	99	100	101	102	103	104	105	106	107	108	109	110	111	112	113	114	115	116	117	118	119	120	121	122	123	124	125	126	127	128	131	135	136	137	138	139	140	141	142	144	145	146	147	148	149	150	151	152	153	154	155	156	157	158	159	160	161	162	163	164	165	166	167	168	169	170	171	172	173	174	175	176	178	181	184	185	186	187	188	189	190	191	192	193	194	195	196	197	198	199	200	201	202	203	204	205	206	207	208	211	212	214	215	216	217
13	15	20	21	24	25	27	29	30	31	34	35	36	37	40	41	42	43	45	47	49	50	51	52	53	54	55	57	59	60	61	62	63	64	65	66	69	70	71	72	73	74	75	76	78	79	80	84	86	87	88	89	90	91	92	93	94	95	96	97	98	99	100	101	102	103	106	107	108	109	110	111	112	113	114	115	116	117	118	119	120	122	123	124	125	126	127	128	130	131	134	137	138	139	140	141	142	143	144	145	146	147	148	149	150	151	152	153	154	155	156	157	158	159	160	161	162	164	165	166	167	168	169	170	171	172	173	174	175	176	180	181	182	184	185	186	188	189	190	191	192	193	194	195	196	197	198	199	200	201	202	203	204	205	206	207	208	212	213	214	215	216	217
13	15	18	20	24	25	27	29	30	31	34	35	36	37	38	40	41	43	45	47	49	50	51	52	53	54	55	57	59	60	61	62	63	64	65	66	67	70	71	72	73	74	75	76	78	79	80	84	86	87	88	89	90	91	92	93	94	95	96	97	98	99	100	101	102	103	104	106	107	109	110	111	112	113	114	115	116	117	118	119	120	122	123	124	125	126	127	128	130	131	134	135	137	138	140	141	142	143	144	145	146	147	148	149	150	151	152	153	154	155	156	157	158	159	160	161	162	164	165	166	167	168	169	170	171	172	173	174	175	176	178	180	181	182	185	186	188	189	190	191	192	193	194	195	196	197	198	199	200	201	202	203	204	205	206	207	208	209	212	214	215	216	217
13	14	16	17	24	26	27	28	29	30	31	32	33	34	35	37	38	39	45	46	48	49	50	51	52	54	55	56	57	58	59	60	61	62	63	64	65	66	67	68	69	70	71	72	75	76	81	82	83	84	85	86	87	89	90	91	92	93	94	95	96	97	100	101	102	103	104	105	106	107	108	109	110	111	112	113	114	115	116	117	118	119	120	121	122	123	124	127	129	130	132	133	134	135	136	137	138	139	140	141	142	145	146	147	148	149	150	151	152	153	156	157	158	159	160	161	162	163	164	165	166	167	168	169	170	171	172	173	174	175	177	178	179	182	183	184	185	186	187	188	189	190	191	194	195	196	197	198	199	201	202	203	204	205	206	207	208	209	210	213	214	216	217
13	14	15	19	24	25	27	28	29	30	31	32	33	34	35	36	39	42	45	46	47	49	50	51	52	53	55	56	57	58	59	60	61	62	63	64	65	66	67	68	69	70	71	72	74	79	80	81	83	84	85	86	87	88	90	91	92	93	94	95	96	97	99	101	102	103	104	105	106	107	108	109	110	111	112	113	114	115	116	117	118	119	120	121	122	124	125	127	129	130	131	132	133	135	136	137	138	139	140	141	142	144	146	147	148	149	150	151	153	154	156	157	158	159	160	161	162	163	164	165	166	167	168	169	170	171	172	173	174	175	177	178	179	181	182	183	184	186	187	188	189	191	192	194	195	196	197	198	199	201	202	203	204	205	206	207	208	210	211	213	214	216	217
13	14	15	17	24	25	27	28	29	30	31	32	33	34	35	36	38	39	45	46	47	49	50	51	52	53	55	56	57	58	59	60	61	62	63	64	65	66	67	68	69	70	71	72	74	76	80	81	83	84	85	86	87	88	90	91	92	93	94	95	96	97	99	101	102	103	104	105	106	107	108	109	110	111	112	113	114	115	116	117	118	119	120	121	122	123	124	125	129	130	131	132	133	135	136	137	138	139	140	141	142	144	146	147	148	149	150	151	152	153	154	157	158	159	160	161	162	163	164	165	166	167	168	169	170	171	172	173	174	175	177	178	179	181	182	183	184	186	187	188	189	190	191	192	195	196	197	198	199	201	202	203	204	205	206	207	208	209	210	211	214	216	217
12	15	18	20	22	25	27	28	29	31	34	35	36	37	38	40	41	43	44	45	46	50	51	52	53	54	55	57	58	59	60	61	62	64	65	66	67	70	71	72	73	74	75	76	78	79	80	81	82	84	85	88	89	90	92	93	94	95	96	97	98	99	100	101	102	103	104	106	107	108	109	110	111	112	113	114	116	117	118	119	120	122	123	124	125	126	127	128	130	131	132	133	134	135	137	138	139	141	143	144	145	146	148	149	150	151	152	153	154	155	156	157	158	159	160	161	162	164	165	166	167	168	169	170	171	172	173	174	175	176	178	180	181	182	183	184	185	186	188	189	190	193	194	195	196	197	198	199	200	201	202	203	204	205	206	207	208	209	212	213	214	216	217
12	13	17	20	22	24	27	28	29	30	31	32	34	37	38	39	40	43	44	45	46	49	50	51	54	55	56	57	58	59	60	61	62	63	64	65	66	67	68	70	71	72	75	76	78	79	80	81	82	83	84	85	86	89	90	91	92	93	94	95	96	97	100	101	102	103	104	105	106	107	108	109	110	111	112	113	114	115	116	117	118	119	120	122	123	124	127	128	129	130	131	132	133	134	135	136	137	138	139	140	141	142	145	146	147	148	149	150	151	152	153	156	157	158	159	160	161	162	163	164	165	166	167	168	169	170	171	172	174	175	177	178	179	180	181	182	183	184	185	186	187	188	189	190	191	194	195	196	197	199	201	202	203	204	205	206	207	209	210	212	213	214	217
12	13	17	18	22	24	27	28	29	30	31	32	34	36	38	39	40	41	44	45	46	49	50	51	53	55	56	57	58	59	60	61	62	63	64	65	66	67	68	70	71	72	74	76	77	78	80	81	82	83	84	85	86	88	90	91	92	93	94	95	96	97	99	101	102	103	104	105	106	107	108	109	110	111	112	113	114	115	116	117	118	119	120	121	123	124	125	128	129	130	131	132	133	134	135	136	137	138	139	140	141	142	144	146	147	148	149	150	151	152	153	154	157	158	159	160	161	162	163	164	165	166	167	168	169	170	171	172	173	175	177	178	179	180	181	182	183	184	185	186	187	188	189	190	191	192	195	196	197	198	201	202	203	204	205	206	207	209	210	211	212	214	217
11	17	18	19	23	25	26	30	31	32	33	34	36	38	39	40	41	42	44	48	49	50	51	52	53	54	57	58	59	61	62	63	64	65	66	67	68	69	70	71	72	74	76	77	78	79	81	82	84	85	86	88	89	90	91	92	93	94	95	96	97	98	99	100	103	104	105	106	107	108	109	110	111	113	114	115	116	117	118	119	120	121	122	123	124	125	127	128	131	132	133	134	135	136	137	138	139	140	141	142	144	145	146	147	148	149	150	151	152	153	154	155	156	158	159	161	162	163	164	165	166	167	168	170	171	172	173	174	175	176	178	179	181	182	183	184	185	186	187	188	189	190	191	192	194	195	196	197	198	199	200	202	203	205	206	207	208	210	211	213	214	215	216
11	16	17	18	23	25	26	30	31	32	34	35	36	37	38	39	40	41	44	48	49	50	51	52	53	54	57	59	60	61	62	63	64	65	66	67	68	70	71	72	73	74	75	76	77	78	81	82	84	86	87	88	89	90	91	92	93	94	95	96	97	98	99	100	102	103	104	106	107	109	110	111	112	113	114	115	116	117	118	119	120	121	123	124	125	126	127	128	130	131	132	133	134	135	137	138	140	141	142	143	144	145	146	147	148	149	150	151	152	153	154	155	156	157	158	160	161	162	164	166	167	168	169	170	171	172	173	174	175	176	177	178	180	181	182	183	184	185	186	188	190	191	192	193	194	195	196	197	198	199	200	201	202	204	205	207	208	209	210	212	213	215	216
11	13	16	17	23	24	25	26	27	29	30	31	32	34	35	37	38	39	44	45	47	48	49	50	51	52	53	54	55	56	57	59	60	61	62	63	64	65	66	67	68	70	71	72	75	76	80	81	82	83	84	86	87	88	89	90	91	92	93	94	95	96	97	98	99	100	101	102	103	104	105	106	107	109	110	111	112	113	114	115	116	117	118	119	120	123	124	127	129	130	131	132	133	134	135	136	137	138	140	141	142	143	144	145	146	147	148	149	150	151	152	153	154	155	156	157	158	159	160	161	162	164	166	167	168	169	170	171	172	174	177	178	179	180	181	182	183	184	185	186	188	190	191	192	193	194	195	196	197	198	199	200	201	202	204	205	207	209	210	212	213	215	216
11	13	15	19	23	24	25	26	27	29	30	31	33	34	35	36	39	42	44	45	47	48	49	50	51	52	53	54	55	57	58	59	60	61	62	63	64	65	66	68	69	70	71	72	74	79	80	81	82	84	85	86	87	88	89	90	91	92	93	94	95	96	97	98	99	100	101	102	103	105	106	107	108	109	110	111	112	113	114	115	116	117	118	119	122	124	125	127	129	130	131	132	133	134	136	137	138	139	140	141	142	143	144	145	146	147	148	149	150	151	152	153	154	155	156	157	158	159	160	161	164	165	166	167	168	169	170	172	173	174	177	178	179	180	181	182	183	184	185	188	189	190	191	192	193	194	195	196	197	198	199	200	202	203	204	205	207	210	211	212	213	215	216
11	13	15	17	23	24	25	26	27	29	30	31	32	34	35	36	38	39	44	45	47	48	49	50	51	52	53	54	55	56	57	59	60	61	62	63	64	65	66	67	68	70	71	72	74	76	80	81	82	83	84	86	87	88	89	90	91	92	93	94	95	96	97	98	99	100	101	102	103	104	105	106	107	109	110	111	112	113	114	115	116	117	118	119	120	123	124	125	129	130	131	132	133	134	135	136	137	138	140	141	142	143	144	145	146	147	148	149	150	151	152	153	154	155	156	157	158	159	160	161	162	164	166	167	168	169	170	171	172	173	177	178	179	180	181	182	183	184	185	186	188	190	191	192	193	194	195	196	197	198	199	200	201	202	203	204	207	209	210	211	212	215	216
10	17	18	21	22	23	24	30	31	32	34	36	38	39	40	41	42	43	44	45	46	48	49	50	51	53	57	59	61	62	63	64	65	66	67	68	69	70	71	72	74	75	76	77	78	79	81	82	83	84	85	86	88	89	90	91	92	93	94	95	96	97	99	100	103	104	106	107	108	109	110	111	113	114	115	116	117	118	119	120	121	122	123	124	125	126	127	128	131	132	133	134	135	136	137	138	139	140	141	142	144	145	146	147	148	149	150	151	152	153	154	155	156	158	161	162	163	164	165	166	167	168	169	170	171	172	173	174	175	176	178	181	182	183	184	185	186	187	188	189	190	191	192	193	194	195	196	197	198	199	200	203	204	205	206	207	208	211	212	213	214	215	216
10	13	15	21	22	23	24	25	27	29	30	31	34	35	36	41	42	43	44	45	46	47	48	49	50	51	52	53	55	57	59	60	61	62	63	64	65	66	69	70	71	72	74	75	78	79	80	81	82	83	84	85	86	87	88	89	90	91	92	93	94	95	96	97	99	100	101	102	103	106	107	108	109	110	111	112	113	114	115	116	117	118	119	122	124	125	126	127	129	130	131	132	133	134	135	136	137	138	139	140	141	142	143	144	145	146	147	148	149	150	151	153	154	155	156	157	158	159	160	161	164	165	166	167	168	169	170	172	173	174	177	178	179	180	181	182	183	184	185	186	187	188	189	190	191	192	193	194	195	197	198	199	202	203	204	205	207	210	211	212	213	214	215
10	13	15	18	22	23	24	25	27	29	30	31	34	35	36	38	40	41	44	45	46	47	48	49	50	51	52	53	55	57	59	60	61	62	63	64	65	66	67	70	71	72	73	74	76	78	80	81	82	83	84	85	86	87	88	89	90	91	92	93	94	95	96	97	98	99	101	102	103	104	106	107	109	110	111	112	113	114	115	116	117	118	119	120	123	124	125	126	129	130	131	132	133	134	135	136	137	138	139	140	141	142	143	144	145	146	147	148	149	150	151	152	153	154	155	157	158	159	160	161	162	164	166	167	168	169	170	171	172	173	177	178	179	180	181	182	183	184	185	186	187	188	189	190	191	192	193	194	195	196	197	198	201	202	203	204	207	209	210	211	212	214	215
10	12	17	18	22	23	24	27	28	30	31	32	34	36	38	39	40	41	44	45	46	48	49	50	51	53	55	56	57	58	59	61	62	63	64	65	66	67	68	70	71	72	74	76	77	78	80	81	82	83	84	85	86	88	89	90	91	92	93	94	95	96	97	99	101	102	103	104	105	106	107	108	109	110	111	113	114	115	116	117	118	119	120	121	123	124	125	128	129	130	131	132	133	134	135	136	137	138	139	140	141	142	144	145	146	147	148	149	150	151	152	153	154	157	158	159	160	161	162	163	164	165	166	167	168	170	171	172	173	175	177	178	179	180	181	182	183	184	185	186	187	188	189	190	191	192	194	195	196	197	198	201	202	203	204	205	206	209	210	211	212	213	214
10	12	15	18	22	23	24	25	27	28	29	31	34	35	36	38	40	41	44	45	46	47	48	49	50	51	52	53	55	57	58	59	60	61	62	64	65	66	67	70	71	72	73	74	76	78	80	81	82	83	84	85	86	87	88	89	90	91	92	93	94	95	96	97	98	99	101	102	103	104	106	107	108	109	110	111	112	113	114	116	117	118	119	120	123	124	125	126	129	130	131	132	133	134	135	136	137	138	139	140	141	142	143	144	145	146	147	148	149	150	151	152	153	154	155	157	158	159	160	161	162	164	165	166	167	168	169	171	172	173	177	178	179	180	181	182	183	184	185	186	187	188	189	190	191	192	193	194	195	196	197	198	201	202	203	204	205	209	210	211	212	213	214
15	16	17	19	25	26	29	30	32	33	34	35	36	37	38	39	42	48	49	51	52	53	54	55	58	59	60	61	62	63	66	67	68	69	70	71	72	73	74	75	76	77	79	82	85	86	87	89	90	91	94	95	96	97	98	99	100	101	102	103	105	108	109	110	111	112	113	114	115	117	118	119	120	121	122	123	124	125	126	127	128	130	132	133	134	136	139	140	141	142	145	146	147	149	150	151	152	153	154	155	156	157	158	159	160	161	165	166	167	168	169	170	171	172	173	174	175	176	177	179	182	183	184	185	189	190	191	192	194	195	196	197	198	199	200	201	202	203	204	205	207	208	210	213	215	216	217
12	13	18	21	22	24	27	28	29	30	31	36	38	40	41	42	43	44	45	46	49	50	53	55	56	57	58	59	60	61	62	63	64	65	67	69	71	74	75	76	77	78	79	80	81	82	83	84	85	88	90	91	92	93	96	99	100	101	102	103	104	105	106	107	108	109	110	111	112	113	114	115	116	118	120	121	122	125	126	127	128	130	131	132	133	134	135	136	137	138	139	141	144	145	146	147	148	150	154	155	156	157	158	159	160	161	162	163	164	165	166	167	168	169	170	173	174	175	178	180	181	182	183	184	185	186	187	188	189	192	193	194	195	198	199	201	202	203	204	205	206	207	211	212	213	214	217
11	14	15	17	23	25	26	28	29	30	32	33	34	35	36	38	39	44	46	47	48	49	51	52	53	54	55	56	58	59	60	61	62	63	66	67	68	69	70	71	72	74	76	80	81	82	83	85	86	87	88	89	90	91	94	95	96	97	98	99	100	101	102	103	104	105	108	109	110	111	113	114	117	118	119	120	121	122	123	124	125	129	130	131	132	133	134	135	136	139	140	141	142	144	145	146	149	150	151	152	153	154	155	156	157	158	159	161	162	165	166	167	168	171	172	173	174	175	177	178	179	181	182	183	184	185	186	189	190	191	192	194	196	197	198	199	200	201	202	203	205	208	209	210	211	213	216
10	13	18	20	22	23	24	27	29	30	31	36	37	38	40	41	43	44	45	46	47	48	49	50	53	54	55	57	59	60	61	62	63	64	65	67	71	73	74	75	76	78	79	80	81	82	83	84	85	86	87	88	89	90	91	92	93	96	98	99	100	102	103	104	106	107	109	110	111	112	113	114	115	116	118	120	122	123	126	127	128	130	131	132	133	134	135	136	137	138	139	140	141	142	143	144	145	146	147	148	150	152	155	156	158	160	161	162	164	165	166	167	168	169	170	171	174	175	178	180	181	182	183	184	185	186	187	188	189	190	191	192	193	194	195	196	199	201	204	205	206	207	209	212	213	214	215
14	15	20	21	25	28	29	32	33	34	35	36	37	40	41	42	43	46	51	52	53	54	55	58	59	60	61	64	65	66	67	68	69	70	71	72	73	74	75	76	78	79	81	85	89	92	93	94	95	96	97	98	99	100	101	102	103	106	107	108	109	110	111	112	113	114	116	117	118	119	120	121	122	123	124	125	126	127	128	132	133	134	137	138	139	144	145	146	148	149	150	151	152	153	154	155	156	157	158	159	160	161	162	164	165	166	167	168	169	170	171	172	173	174	175	176	181	182	183	184	185	186	188	189	193	194	195	196	197	198	199	200	201	202	203	204	205	206	207	208	212	213	214	216	217
14	15	19	20	25	28	29	32	33	34	35	36	37	39	40	42	43	46	51	52	53	54	55	58	59	60	61	63	64	66	67	68	69	70	71	72	73	74	75	76	78	79	81	85	89	91	92	94	95	96	97	98	99	100	101	102	103	105	106	108	109	110	111	112	113	114	116	117	118	119	120	121	122	123	124	125	126	127	128	132	133	134	136	137	139	142	145	146	148	149	150	151	152	153	154	155	156	157	158	159	160	161	162	164	165	166	167	168	169	170	171	172	173	174	175	176	179	182	183	184	185	186	188	189	191	194	195	196	197	198	199	200	201	202	203	204	205	206	207	208	210	213	214	216	217
13	14	20	21	24	27	28	29	30	31	32	33	37	40	41	42	43	45	46	49	50	54	55	56	57	58	59	60	61	62	63	64	65	66	67	68	69	74	75	76	78	79	81	83	84	85	89	90	91	92	93	94	99	100	101	102	103	104	105	106	107	108	109	110	111	112	113	114	115	116	117	118	119	120	121	122	126	127	128	132	133	134	135	136	137	138	139	144	145	146	147	148	149	150	151	155	156	157	158	159	160	161	162	163	164	165	166	167	168	169	170	171	172	173	174	175	181	182	183	184	185	186	187	188	189	193	194	195	196	197	198	199	201	202	203	204	205	206	207	208	212	213	214	216	217
13	14	19	20	24	27	28	29	30	31	32	33	37	39	40	42	43	45	46	49	50	54	55	56	57	58	59	60	61	62	63	64	65	66	67	68	69	72	75	76	78	79	81	83	84	85	89	90	91	92	93	94	97	100	101	102	103	104	105	106	107	108	109	110	111	112	113	114	115	116	117	118	119	120	121	122	124	127	128	132	133	134	135	136	137	138	139	142	145	146	147	148	149	150	151	153	156	157	158	159	160	161	162	163	164	165	166	167	168	169	170	171	172	173	174	175	179	182	183	184	185	186	187	188	189	191	194	195	196	197	198	199	201	202	203	204	205	206	207	208	210	213	214	216	217
11	17	20	21	23	25	26	30	32	34	37	38	39	40	41	42	43	44	48	49	51	52	53	54	59	62	63	64	65	66	67	68	69	70	71	72	74	75	76	77	78	79	81	82	86	89	90	91	92	93	94	95	96	97	98	99	100	106	107	108	109	110	111	113	114	115	116	117	118	119	120	121	122	123	124	125	126	127	128	132	133	134	137	138	139	140	141	142	144	145	146	147	148	149	150	151	152	153	154	155	156	161	162	164	165	166	167	168	169	170	171	172	173	174	175	176	181	182	183	184	185	186	188	189	190	191	192	193	194	195	196	197	198	199	200	204	205	206	207	208	212	213	214	215	216
11	16	17	21	23	25	26	30	32	34	35	37	38	39	41	42	43	44	48	49	51	52	53	54	59	60	62	63	65	66	67	68	69	70	71	72	74	75	76	77	78	79	81	82	86	87	89	90	91	93	94	95	96	97	98	99	100	102	107	108	109	110	111	113	114	115	116	117	118	119	120	121	122	123	124	125	126	127	128	130	132	133	134	138	139	140	141	142	144	145	146	147	148	149	150	151	152	153	154	155	156	157	161	164	165	166	167	168	169	170	171	172	173	174	175	176	177	181	182	183	184	185	188	189	190	191	192	193	194	195	196	197	198	199	200	202	204	205	207	208	210	212	213	215	216
11	13	20	21	23	24	25	26	27	29	30	31	37	40	41	42	43	44	45	47	48	49	50	51	52	53	54	55	57	59	60	61	62	63	64	65	69	74	75	76	78	79	80	81	82	84	86	87	88	89	90	91	92	93	94	95	96	97	98	99	100	102	103	106	107	108	109	110	111	112	113	114	115	116	120	122	126	127	128	130	131	132	133	134	137	138	139	140	141	142	143	144	145	146	147	148	149	150	151	152	153	154	155	156	160	161	162	164	165	166	167	168	169	170	174	175	180	181	182	183	184	185	186	188	189	190	191	192	193	194	195	196	197	198	199	200	204	205	206	207	212	213	214	215	216
11	13	16	21	23	24	25	26	27	29	30	31	35	37	41	42	43	44	45	47	48	49	50	51	52	53	54	55	57	59	60	61	62	63	64	65	69	70	74	75	78	79	80	81	82	84	86	87	88	89	90	91	92	93	94	95	96	97	98	99	100	102	103	106	107	108	109	110	111	112	113	114	115	116	117	122	124	126	127	130	131	132	133	134	137	138	139	140	141	142	143	144	145	146	147	148	149	150	151	152	153	154	155	156	157	160	161	164	165	166	167	168	169	170	172	174	177	180	181	182	183	184	185	188	189	190	191	192	193	194	195	196	197	198	199	200	202	204	205	207	210	212	213	215	216
11	12	16	18	22	23	25	26	27	28	31	35	36	37	38	40	41	44	45	46	48	50	51	52	53	54	55	57	58	60	61	62	64	65	67	70	71	73	74	75	76	78	80	81	82	84	85	87	88	89	90	92	93	94	95	96	97	98	99	100	102	103	104	106	107	108	109	110	112	113	114	116	117	118	120	123	124	126	127	130	131	132	133	134	135	137	138	139	140	141	143	144	145	146	148	149	150	151	152	153	154	155	156	157	158	160	161	162	164	165	166	167	169	171	172	174	177	178	180	181	182	183	184	185	186	188	189	190	191	193	194	196	197	198	199	200	201	202	204	205	209	210	212	213	216
11	12	16	17	22	23	25	26	27	28	30	32	34	35	37	38	39	44	45	46	48	49	51	52	53	54	55	56	57	58	59	60	62	63	66	67	68	70	71	72	75	76	80	81	82	83	84	85	86	87	89	90	91	94	95	96	97	98	99	100	101	102	103	104	105	106	107	108	109	110	111	114	117	118	119	120	123	124	127	129	130	131	132	133	134	135	136	137	138	139	140	141	142	145	146	149	150	151	152	153	154	155	156	157	158	159	160	161	162	164	165	166	167	171	172	174	177	178	179	180	181	182	183	184	185	186	188	189	190	191	194	196	197	198	199	200	201	202	204	205	209	210	212	213	216
10	14	18	19	22	23	24	28	31	32	33	36	38	39	40	41	42	44	45	46	48	49	50	53	57	58	61	62	63	64	65	66	67	68	69	71	72	74	76	77	78	79	81	82	83	84	85	88	89	90	91	92	93	94	96	97	99	103	104	105	106	107	108	110	111	113	114	115	116	117	118	119	120	121	122	124	125	127	128	131	132	133	134	135	136	137	138	139	141	142	144	145	146	147	148	149	150	151	153	154	156	158	159	161	162	163	164	165	167	168	170	171	172	173	174	175	178	179	181	182	183	184	185	186	187	188	189	191	192	194	195	196	197	198	199	202	203	205	206	208	210	211	213	214	216
10	14	15	19	22	23	24	25	28	29	32	33	34	35	36	39	42	44	45	46	47	48	49	50	51	52	53	55	58	59	60	61	63	66	67	68	69	70	71	72	74	79	80	81	82	83	84	85	86	87	88	89	90	91	92	93	94	95	96	97	99	101	102	103	105	108	109	110	111	113	117	118	119	120	121	122	124	125	127	129	130	131	132	133	134	135	136	137	138	139	140	141	142	144	145	146	147	148	149	150	151	153	154	156	157	158	159	161	165	167	168	171	172	173	174	175	177	178	179	181	182	183	184	185	186	187	188	189	191	192	194	195	196	197	198	199	202	203	205	208	210	211	213	214	216
10	12	18	19	22	23	24	27	28	31	33	36	38	39	40	41	42	44	45	46	48	49	50	53	55	57	58	61	62	63	64	65	67	68	69	71	72	74	76	77	78	79	80	81	82	83	84	85	88	89	90	91	92	93	96	97	99	102	103	104	105	106	107	108	110	111	113	114	115	116	118	119	120	121	122	124	125	127	128	130	131	132	133	134	135	136	137	138	139	141	142	144	145	146	147	148	150	151	153	154	156	158	159	160	161	162	163	164	165	167	168	170	172	173	174	175	178	179	180	181	182	183	184	185	186	187	188	189	191	192	194	195	197	198	199	202	203	204	205	206	210	211	212	213	214
10	12	16	18	22	23	24	26	27	28	31	35	36	37	38	40	41	44	45	46	48	49	50	52	53	54	55	57	58	60	61	62	64	65	67	70	71	73	74	75	76	78	80	81	82	83	84	85	87	88	89	90	91	92	93	95	96	98	99	100	102	103	104	106	107	108	109	110	112	113	114	116	117	118	120	123	124	126	127	130	131	132	133	134	135	136	137	138	139	140	141	143	144	145	146	147	148	149	150	152	153	155	156	157	158	160	161	162	164	165	166	167	169	171	172	174	177	178	180	181	182	183	184	185	186	187	188	189	190	191	193	194	195	196	197	199	201	202	204	205	209	210	212	213	214
10	12	16	17	22	23	24	26	27	28	30	32	34	35	37	38	39	44	45	46	48	49	50	51	52	54	55	56	57	58	59	60	62	63	66	67	68	70	71	72	75	76	80	81	82	83	84	85	86	87	89	90	91	92	93	94	95	96	97	100	101	102	103	104	105	106	107	108	109	110	111	114	117	118	119	120	123	124	127	129	130	131	132	133	134	135	136	137	138	139	140	141	142	145	146	147	148	149	150	151	152	153	156	157	158	159	160	161	162	164	165	166	167	171	172	174	177	178	179	180	181	182	183	184	185	186	187	188	189	190	191	194	195	196	197	199	201	202	204	205	209	210	212	213	214
10	12	15	19	22	23	24	25	27	28	29	33	34	35	36	39	42	44	45	46	47	48	49	50	51	52	53	55	57	58	59	60	61	63	66	68	69	70	71	72	74	79	80	81	82	83	84	85	86	87	88	89	90	91	92	93	94	95	96	97	99	101	102	103	105	106	107	108	109	110	111	113	117	118	119	122	124	125	127	129	130	131	132	133	134	135	136	137	138	139	140	141	142	144	145	146	147	148	149	150	151	153	154	156	157	158	159	160	161	164	165	167	168	172	173	174	177	178	179	180	181	182	183	184	185	186	187	188	189	191	192	194	195	197	198	199	202	203	204	205	210	211	212	213	214
14	15	17	18	25	28	29	30	31	32	33	34	35	36	38	39	40	41	46	49	50	51	52	53	55	56	57	58	59	60	61	62	63	64	65	66	67	68	69	70	71	72	73	74	76	77	78	81	83	84	85	86	88	90	91	92	93	94	95	96	97	98	99	101	102	103	104	105	106	107	108	109	110	111	112	113	114	115	116	117	118	119	120	121	122	123	124	125	126	128	129	131	132	133	135	136	137	138	139	140	141	142	144	146	147	148	149	150	151	152	153	154	155	157	158	159	160	161	162	163	164	165	166	167	168	169	170	171	172	173	174	175	176	177	178	179	181	182	183	184	186	187	188	189	190	191	192	195	196	197	198	199	200	201	202	203	204	205	206	207	208	209	210	211	214	216	217
13	17	18	20	24	27	29	30	31	32	34	36	37	38	39	40	41	43	45	49	50	51	53	54	55	56	57	59	60	61	62	63	64	65	66	67	68	70	71	72	73	74	75	76	77	78	79	83	84	86	88	89	90	91	92	93	94	95	96	97	98	99	100	101	102	103	104	105	106	107	109	110	111	112	113	114	115	116	117	118	119	120	121	122	123	124	125	126	127	128	131	134	135	136	137	138	140	141	142	143	144	145	146	147	148	149	150	151	152	153	154	155	156	157	158	159	160	161	162	163	164	165	166	167	168	169	170	171	172	173	174	175	176	178	180	181	182	185	186	187	188	189	190	191	192	193	194	195	196	197	198	199	200	201	202	203	204	205	206	207	208	209	212	214	215	216	217
13	16	17	19	24	26	27	29	30	31	32	33	34	35	37	38	39	42	45	48	49	50	51	52	54	55	56	57	58	59	60	61	62	63	64	65	66	67	68	69	70	71	72	75	76	77	79	82	83	84	85	86	87	89	90	91	92	93	94	95	96	97	100	101	102	103	104	105	106	107	108	109	110	111	112	113	114	115	116	117	118	119	120	121	122	123	124	125	127	128	130	132	133	134	135	136	137	138	139	140	141	142	145	146	147	148	149	150	151	152	153	154	156	157	158	159	160	161	162	163	164	165	166	167	168	169	170	171	172	173	174	175	176	177	179	182	183	184	185	186	187	188	189	190	191	192	194	195	196	197	198	199	200	201	202	203	204	205	206	207	208	210	213	214	215	216	217
13	15	18	21	24	25	27	29	30	31	34	35	36	38	40	41	42	43	45	47	49	50	51	52	53	55	57	59	60	61	62	63	64	65	66	67	69	70	71	72	73	74	75	76	77	78	79	80	84	86	87	88	90	91	92	93	94	95	96	97	98	99	100	101	102	103	104	106	107	108	109	110	111	112	113	114	115	116	117	118	119	120	121	122	123	124	125	126	127	128	130	131	135	137	138	139	140	141	142	143	144	145	146	147	148	149	150	151	152	153	154	155	156	157	158	159	160	161	162	163	164	165	166	167	168	169	170	171	172	173	174	175	176	178	180	181	184	185	186	187	188	189	190	191	192	193	194	195	196	197	198	199	200	201	202	203	204	205	206	207	208	211	212	214	215	216	217
13	15	17	19	24	25	27	29	30	31	32	33	34	35	36	38	39	42	45	47	49	50	51	52	53	55	56	57	58	59	60	61	62	63	64	65	66	67	68	69	70	71	72	74	76	77	79	80	83	84	85	86	87	88	90	91	92	93	94	95	96	97	99	101	102	103	104	105	106	107	108	109	110	111	112	113	114	115	116	117	118	119	120	121	122	123	124	125	127	128	129	130	131	133	135	136	137	138	139	140	141	142	144	146	147	148	149	150	151	152	153	154	156	157	158	159	160	161	162	163	164	165	166	167	168	169	170	171	172	173	174	175	176	177	178	179	181	183	184	186	187	188	189	190	191	192	194	195	196	197	198	199	200	201	202	203	204	205	206	207	208	210	211	214	215	216	217
13	15	16	19	24	25	26	27	29	30	31	33	34	35	36	37	39	42	45	47	48	49	50	51	52	53	54	55	57	58	59	60	61	62	63	64	65	66	68	69	70	71	72	73	74	75	79	80	82	84	85	86	87	88	89	90	91	92	93	94	95	96	97	98	99	100	101	102	103	105	106	107	108	109	110	111	112	113	114	115	116	117	118	119	122	123	124	125	126	127	130	131	132	133	134	136	137	138	139	140	141	142	143	144	145	146	147	148	149	150	151	152	153	154	155	156	157	158	159	160	161	164	165	166	167	168	169	170	171	172	173	174	176	177	179	180	181	182	183	184	185	188	189	190	191	192	193	194	195	196	197	198	199	200	201	202	203	204	205	207	208	210	212	213	215	216	217
13	15	16	17	24	25	26	27	29	30	31	32	34	35	36	37	38	39	45	47	48	49	50	51	52	53	54	55	56	57	59	60	61	62	63	64	65	66	67	68	70	71	72	73	74	75	76	80	82	83	84	86	87	88	89	90	91	92	93	94	95	96	97	98	99	100	101	102	103	104	105	106	107	109	110	111	112	113	114	115	116	117	118	119	120	123	124	125	126	127	129	130	131	132	134	135	136	137	138	140	141	142	143	144	145	146	147	148	149	150	151	152	153	154	155	156	157	158	159	160	161	162	164	166	167	168	169	170	171	172	173	174	176	177	178	179	180	181	182	183	185	186	188	190	191	192	193	194	195	196	197	198	199	200	201	202	203	204	205	207	208	209	210	212	215	216	217
12	15	18	21	22	25	27	28	29	31	34	35	36	38	40	41	42	43	44	45	46	50	51	52	53	55	57	58	59	60	61	62	64	65	66	67	69	70	71	72	73	74	75	76	77	78	79	80	81	82	84	85	88	90	92	93	94	95	96	97	98	99	100	101	102	103	104	106	107	108	109	110	111	112	113	114	115	116	117	118	119	120	121	122	123	124	125	126	127	128	130	131	132	133	134	135	137	138	139	141	144	145	146	147	148	149	150	151	152	153	154	155	156	157	158	159	160	161	162	163	164	165	166	167	168	169	170	171	172	173	174	175	176	178	180	181	182	183	184	185	186	187	188	189	192	193	194	195	196	197	198	199	200	201	202	203	204	205	206	207	208	211	212	213	214	216	217
12	13	15	21	22	24	25	27	28	29	30	31	34	35	36	41	42	43	44	45	46	47	49	50	51	52	53	55	56	57	58	59	60	61	62	63	64	65	66	69	70	71	72	74	75	78	79	80	81	82	83	84	85	86	87	88	90	91	92	93	94	95	96	97	99	100	101	102	103	104	105	106	107	108	109	110	111	112	113	114	115	116	117	118	119	122	124	125	126	127	129	130	131	132	133	134	135	136	137	138	139	140	141	142	144	145	146	147	148	149	150	151	153	154	155	156	157	158	159	160	161	162	163	164	165	166	167	168	169	170	172	173	174	177	178	179	180	181	182	183	184	185	186	187	188	189	191	192	193	194	195	197	198	199	201	202	203	204	205	206	207	210	211	212	213	214	217
12	13	15	18	22	24	25	27	28	29	30	31	34	35	36	38	40	41	44	45	46	47	49	50	51	52	53	55	56	57	58	59	60	61	62	63	64	65	66	67	70	71	72	73	74	76	78	80	81	82	83	84	85	86	87	88	90	91	92	93	94	95	96	97	98	99	101	102	103	104	105	106	107	108	109	110	111	112	113	114	115	116	117	118	119	120	123	124	125	126	129	130	131	132	133	134	135	136	137	138	139	140	141	142	143	144	146	147	148	149	150	151	152	153	154	155	157	158	159	160	161	162	163	164	165	166	167	168	169	170	171	172	173	177	178	179	180	181	182	183	184	185	186	187	188	189	190	191	192	193	195	196	197	198	201	202	203	204	205	206	207	209	210	211	212	214	217
11	15	17	18	23	25	26	29	30	31	32	34	35	36	38	39	40	41	44	47	48	49	50	51	52	53	54	55	57	59	60	61	62	63	64	65	66	67	68	70	71	72	73	74	76	77	78	80	81	82	84	86	87	88	89	90	91	92	93	94	95	96	97	98	99	100	101	102	103	104	106	107	109	110	111	112	113	114	115	116	117	118	119	120	121	123	124	125	126	128	129	130	131	132	133	134	135	137	138	140	141	142	143	144	145	146	147	148	149	150	151	152	153	154	155	156	157	158	159	160	161	162	164	166	167	168	169	170	171	172	173	175	176	177	178	179	180	181	182	183	184	185	186	188	190	191	192	193	194	195	196	197	198	199	200	201	202	203	204	207	208	209	210	211	212	215	216
11	14	17	18	23	25	26	28	30	31	32	33	34	36	38	39	40	41	44	46	48	49	50	51	52	53	54	56	57	58	59	61	62	63	64	65	66	67	68	69	70	71	72	74	76	77	78	81	82	83	84	85	86	88	89	90	91	92	93	94	95	96	97	98	99	100	101	103	104	105	106	107	108	109	110	111	113	114	115	116	117	118	119	120	121	122	123	124	125	128	129	131	132	133	134	135	136	137	138	139	140	141	142	144	145	146	147	148	149	150	151	152	153	154	155	156	157	158	159	161	162	163	164	165	166	167	168	170	171	172	173	174	175	177	178	179	181	182	183	184	185	186	187	188	189	190	191	192	194	195	196	197	198	199	200	201	202	203	205	206	208	209	210	211	213	214	216
11	14	15	18	23	25	26	28	29	31	32	33	34	35	36	38	40	41	44	46	47	48	50	51	52	53	54	55	57	58	59	60	61	62	64	65	66	67	68	69	70	71	72	73	74	76	78	80	81	82	84	85	86	87	88	89	90	92	93	94	95	96	97	98	99	100	101	102	103	104	106	107	108	109	110	111	112	113	114	116	117	118	119	120	121	122	123	124	125	126	129	130	131	132	133	134	135	137	138	139	140	141	142	143	144	145	146	148	149	150	151	152	153	154	155	156	157	158	159	160	161	162	164	165	166	167	168	169	171	172	173	174	175	177	178	179	180	181	182	183	184	185	186	188	189	190	191	192	193	194	196	197	198	199	200	201	202	203	204	205	208	209	210	211	212	213	216
10	17	18	20	22	23	24	30	31	32	34	36	37	38	39	40	41	43	44	45	46	48	49	50	51	53	54	57	59	61	62	63	64	65	66	67	68	70	71	72	73	74	75	76	77	78	79	81	82	83	84	85	86	88	89	90	91	92	93	94	95	96	97	98	99	100	103	104	106	107	109	110	111	112	113	114	115	116	117	118	119	120	121	122	123	124	125	126	127	128	131	132	133	134	135	136	137	138	139	140	141	142	143	144	145	146	147	148	149	150	151	152	153	154	155	156	158	160	161	162	164	165	166	167	168	169	170	171	172	173	174	175	176	178	180	181	182	183	184	185	186	187	188	189	190	191	192	193	194	195	196	197	198	199	200	201	204	205	206	207	208	209	212	213	214	215	216
10	13	17	20	22	23	24	27	29	30	31	32	34	37	38	39	40	43	44	45	46	47	48	49	50	51	54	55	56	57	59	60	61	62	63	64	65	66	67	68	70	71	72	75	76	78	79	80	81	82	83	84	85	86	87	88	89	90	91	92	93	94	95	96	97	100	101	102	103	104	105	106	107	109	110	111	112	113	114	115	116	117	118	119	120	122	123	124	127	128	129	130	131	132	133	134	135	136	137	138	139	140	141	142	143	144	145	146	147	148	149	150	151	152	153	156	157	158	159	160	161	162	164	165	166	167	168	169	170	171	172	174	175	177	178	179	180	181	182	183	184	185	186	187	188	189	190	191	192	193	194	195	196	197	199	201	202	204	205	206	207	209	210	212	213	214	215
10	13	17	18	22	23	24	27	29	30	31	32	34	36	38	39	40	41	44	45	46	47	48	49	50	51	53	55	56	57	59	60	61	62	63	64	65	66	67	68	70	71	72	74	76	77	78	80	81	82	83	84	85	86	87	88	89	90	91	92	93	94	95	96	97	99	101	102	103	104	105	106	107	109	110	111	112	113	114	115	116	117	118	119	120	121	123	124	125	128	129	130	131	132	133	134	135	136	137	138	139	140	141	142	143	144	145	146	147	148	149	150	151	152	153	154	157	158	159	160	161	162	163	164	166	167	168	169	170	171	172	173	175	177	178	179	180	181	182	183	184	185	186	187	188	189	190	191	192	193	194	195	196	197	198	201	202	203	204	206	207	209	210	211	212	214	215
14	15	16	21	25	26	28	29	32	33	34	35	36	37	41	42	43	46	48	51	52	53	54	55	58	59	60	61	65	66	67	68	69	70	71	72	73	74	75	78	79	81	82	85	87	89	93	94	95	96	97	98	99	100	101	102	103	107	108	109	110	111	112	113	116	117	118	119	120	121	122	123	124	125	126	127	130	132	133	134	138	139	140	144	145	148	149	150	151	152	153	154	155	156	157	158	159	160	161	164	165	166	167	168	169	171	172	173	174	175	176	177	181	182	183	184	185	188	189	191	193	194	196	197	198	199	200	201	202	203	204	205	207	208	210	212	213	216	217
12	13	19	20	22	24	27	28	29	30	31	33	37	39	40	42	43	44	45	46	49	50	54	55	56	57	58	59	60	61	62	63	64	65	68	69	72	75	76	78	79	80	81	82	83	84	85	89	90	91	92	93	97	100	101	102	103	104	105	106	107	108	109	110	111	112	113	114	115	116	119	120	122	124	127	128	130	131	132	133	134	135	136	137	138	139	142	145	146	147	148	151	153	156	157	158	159	160	161	162	163	164	165	166	167	168	169	170	172	174	175	179	180	181	182	183	184	185	186	187	188	189	191	194	195	197	199	201	202	203	204	205	206	207	210	212	213	214	217
11	17	19	20	23	25	26	30	32	33	34	37	38	39	40	42	43	44	48	49	51	52	53	54	58	59	62	63	64	66	67	68	69	70	71	72	75	76	77	78	79	81	82	85	86	89	90	91	92	94	95	96	97	98	99	100	105	106	108	109	110	111	114	115	116	117	118	119	120	121	122	123	124	125	127	128	132	133	134	136	137	139	140	141	142	145	146	147	148	149	150	151	152	153	154	155	156	159	162	164	165	166	167	168	170	171	172	173	174	175	176	179	182	183	184	185	186	188	189	190	191	192	194	195	196	197	198	199	200	202	205	206	207	208	210	213	214	215	216
11	12	18	20	22	23	25	26	27	28	31	36	37	38	40	41	43	44	45	46	48	50	51	52	53	54	55	57	58	61	62	64	65	67	71	73	74	75	76	78	79	80	81	82	84	85	88	89	90	92	93	94	95	96	97	98	99	100	102	103	104	106	107	108	110	112	113	114	116	118	120	122	123	126	127	128	130	131	132	133	134	135	137	138	139	141	143	144	145	146	148	149	150	151	152	153	154	155	156	158	160	161	162	164	165	166	169	170	171	174	175	178	180	181	182	183	184	185	186	188	189	190	193	194	195	196	197	198	199	200	201	204	205	206	209	212	213	214	216
11	12	15	19	22	23	25	26	27	28	29	33	34	35	36	39	42	44	45	46	47	48	51	52	53	54	55	57	58	59	60	61	63	66	68	69	70	71	72	74	79	80	81	82	84	85	86	87	88	89	91	94	95	96	97	98	99	100	101	102	103	105	106	107	108	109	110	111	113	117	118	119	122	124	125	127	129	130	131	132	133	134	136	137	138	139	140	141	142	144	145	149	150	151	152	153	154	155	156	157	158	159	160	161	164	165	167	168	172	173	174	177	178	179	180	181	182	183	184	185	188	189	191	192	194	196	197	198	199	200	202	203	204	205	210	211	212	213	216
10	14	18	21	22	23	24	28	31	32	33	36	38	40	41	42	43	44	45	46	48	49	50	53	57	58	61	62	64	65	66	67	68	69	71	74	75	76	77	78	79	81	82	83	84	85	88	89	90	91	92	93	94	96	99	100	103	104	106	107	108	110	113	114	115	116	117	118	119	120	121	122	125	126	127	128	131	132	133	134	135	136	137	138	139	141	144	145	146	147	148	149	150	151	154	155	156	158	161	162	163	164	165	168	169	170	171	172	173	174	175	178	181	182	183	184	185	186	187	188	189	192	193	194	195	196	197	198	199	203	204	205	206	208	211	212	213	214	216
10	14	16	17	22	23	24	26	28	30	32	33	34	35	37	38	39	44	45	46	48	49	50	51	52	54	56	58	59	60	62	63	66	67	68	69	70	71	72	75	76	81	82	83	84	85	86	87	89	90	91	92	93	94	95	96	97	100	101	102	104	105	108	109	110	111	114	117	118	119	120	121	122	123	124	127	129	130	132	133	134	135	136	137	138	139	140	141	142	145	146	147	148	149	150	151	152	153	156	157	158	159	162	165	166	167	171	172	173	174	175	177	178	179	182	183	184	185	186	187	188	189	190	191	194	195	196	197	198	199	201	202	205	208	209	210	213	214	216
10	13	16	21	22	23	24	26	27	29	30	31	35	37	41	42	43	44	45	46	47	48	49	50	52	54	55	57	59	60	61	62	63	64	65	69	70	74	75	78	79	80	81	82	83	84	85	86	87	88	89	90	91	92	93	95	99	100	102	103	106	107	108	109	110	111	112	113	114	115	116	117	122	124	126	127	130	131	132	133	134	135	136	137	138	139	140	141	142	143	144	145	146	147	148	149	153	155	156	157	160	161	164	165	166	167	168	169	170	172	174	177	180	181	182	183	184	185	186	187	188	189	190	191	192	193	194	195	197	199	202	204	205	207	210	212	213	214	215
14	15	16	19	25	26	28	29	32	33	34	35	36	37	39	42	46	48	51	52	53	54	55	58	59	60	61	63	66	67	68	69	70	71	72	73	74	75	79	81	82	85	87	89	91	94	95	96	97	98	99	100	101	102	103	105	108	109	110	111	112	113	117	118	119	120	121	122	123	124	125	126	127	130	132	133	134	136	139	140	142	145	149	150	151	152	153	154	155	156	157	158	159	160	161	165	166	167	168	169	171	172	173	174	175	176	177	179	182	183	184	185	189	191	194	196	197	198	199	200	201	202	203	204	205	207	208	210	213	216	217
12	13	20	21	22	24	27	28	29	30	31	37	40	41	42	43	44	45	46	49	50	54	55	56	57	58	59	60	61	62	63	64	65	69	74	75	76	78	79	80	81	82	83	84	85	89	90	91	92	93	99	100	101	102	103	104	105	106	107	108	109	110	111	112	113	114	115	116	120	122	126	127	128	130	131	132	133	134	135	136	137	138	139	144	145	146	147	148	155	156	157	158	159	160	161	162	163	164	165	166	167	168	169	170	174	175	180	181	182	183	184	185	186	187	188	189	193	194	195	199	201	202	203	204	205	206	207	212	213	214	217
11	16	17	19	23	25	26	30	32	33	34	35	37	38	39	42	44	48	49	51	52	53	54	58	59	60	62	63	66	67	68	69	70	71	72	75	76	77	79	81	82	85	86	87	89	90	91	94	95	96	97	98	99	100	102	105	108	109	110	111	114	115	117	118	119	120	121	122	123	124	125	127	128	130	132	133	134	136	139	140	141	142	145	146	147	149	150	151	152	153	154	155	156	157	159	165	166	167	168	170	171	172	173	174	175	176	177	179	182	183	184	185	189	190	191	192	194	195	196	197	198	199	200	202	205	207	208	210	213	215	216
11	14	16	17	23	25	26	28	30	32	33	34	35	37	38	39	44	46	48	49	51	52	53	54	56	58	59	60	62	63	66	67	68	69	70	71	72	75	76	81	82	83	85	86	87	89	90	91	94	95	96	97	98	99	100	101	102	104	105	108	109	110	111	114	117	118	119	120	121	122	123	124	127	129	130	132	133	134	135	136	139	140	141	142	145	146	149	150	151	152	153	154	155	156	157	158	159	162	165	166	167	171	172	173	174	175	177	178	179	182	183	184	185	186	189	190	191	194	196	197	198	199	200	201	202	205	208	209	210	213	216
11	14	15	19	23	25	26	28	29	32	33	34	35	36	39	42	44	46	47	48	51	52	53	54	55	58	59	60	61	63	66	67	68	69	70	71	72	74	79	80	81	82	85	86	87	88	89	91	94	95	96	97	98	99	100	101	102	103	105	108	109	110	111	113	117	118	119	120	121	122	124	125	127	129	130	131	132	133	134	136	139	140	141	142	144	145	149	150	151	152	153	154	155	156	157	158	159	161	165	167	168	171	172	173	174	175	177	178	179	181	182	183	184	185	189	191	192	194	196	197	198	199	200	202	203	205	208	210	211	213	216
10	13	20	21	22	23	24	27	29	30	31	37	40	41	42	43	44	45	46	47	48	49	50	54	55	57	59	60	61	62	63	64	65	69	74	75	76	78	79	80	81	82	83	84	85	86	87	88	89	90	91	92	93	99	100	102	103	106	107	108	109	110	111	112	113	114	115	116	120	122	126	127	128	130	131	132	133	134	135	136	137	138	139	140	141	142	143	144	145	146	147	148	155	156	160	161	162	164	165	166	167	168	169	170	174	175	180	181	182	183	184	185	186	187	188	189	190	191	192	193	194	195	199	204	205	206	207	212	213	214	215
10	12	18	21	22	23	24	27	28	31	36	38	40	41	42	43	44	45	46	48	49	50	53	55	57	58	61	62	64	65	67	69	71	74	75	76	77	78	79	80	81	82	83	84	85	88	89	90	91	92	93	96	99	100	102	103	104	106	107	108	110	113	114	115	116	118	120	121	122	125	126	127	128	130	131	132	133	134	135	136	137	138	139	141	144	145	146	147	148	150	154	155	156	158	160	161	162	163	164	165	168	169	170	173	174	175	178	180	181	182	183	184	185	186	187	188	189	192	193	194	195	198	199	203	204	205	206	211	212	213	214
10	12	18	20	22	23	24	27	28	31	36	37	38	40	41	43	44	45	46	48	49	50	53	54	55	57	58	61	62	64	65	67	71	73	74	75	76	78	79	80	81	82	83	84	85	88	89	90	91	92	93	96	98	99	100	102	103	104	106	107	108	110	112	113	114	116	118	120	122	123	126	127	128	130	131	132	133	134	135	136	137	138	139	141	143	144	145	146	147	148	150	152	155	156	158	160	161	162	164	165	166	169	170	171	174	175	178	180	181	182	183	184	185	186	187	188	189	190	193	194	195	196	199	201	204	205	206	209	212	213	214
14	15	16	17	25	26	28	29	30	32	33	34	35	36	37	38	39	46	48	49	51	52	53	54	55	56	58	59	60	61	62	63	66	67	68	69	70	71	72	73	74	75	76	81	82	83	85	86	87	89	90	91	94	95	96	97	98	99	100	101	102	103	104	105	108	109	110	111	112	113	114	117	118	119	120	121	122	123	124	125	126	127	129	130	132	133	134	135	136	139	140	141	142	145	146	149	150	151	152	153	154	155	156	157	158	159	160	161	162	165	166	167	168	169	171	172	173	174	175	176	177	178	179	182	183	184	185	186	189	190	191	194	196	197	198	199	200	201	202	203	204	205	207	208	209	210	213	216	217
12	13	18	20	22	24	27	28	29	30	31	36	37	38	40	41	43	44	45	46	49	50	53	54	55	56	57	58	59	60	61	62	63	64	65	67	71	73	74	75	76	78	79	80	81	82	83	84	85	88	89	90	91	92	93	96	98	99	100	101	102	103	104	105	106	107	108	109	110	111	112	113	114	115	116	118	120	122	123	126	127	128	130	131	132	133	134	135	136	137	138	139	141	143	144	145	146	147	148	150	152	155	156	157	158	159	160	161	162	163	164	165	166	167	168	169	170	171	174	175	178	180	181	182	183	184	185	186	187	188	189	190	193	194	195	196	199	201	202	203	204	205	206	207	209	212	213	214	217
11	15	17	19	23	25	26	29	30	32	33	34	35	36	38	39	42	44	47	48	49	51	52	53	54	55	58	59	60	61	62	63	66	67	68	69	70	71	72	74	76	77	79	80	81	82	85	86	87	88	89	90	91	94	95	96	97	98	99	100	101	102	103	105	108	109	110	111	113	114	115	117	118	119	120	121	122	123	124	125	127	128	129	130	131	132	133	134	136	139	140	141	142	144	145	146	147	149	150	151	152	153	154	155	156	157	158	159	161	165	166	167	168	170	171	172	173	174	175	176	177	178	179	181	182	183	184	185	189	190	191	192	194	195	196	197	198	199	200	202	203	205	207	208	210	211	213	215	216
10	13	18	21	22	23	24	27	29	30	31	36	38	40	41	42	43	44	45	46	47	48	49	50	53	55	57	59	60	61	62	63	64	65	67	69	71	74	75	76	77	78	79	80	81	82	83	84	85	86	87	88	89	90	91	92	93	96	99	100	102	103	104	106	107	108	109	110	111	112	113	114	115	116	118	120	121	122	125	126	127	128	130	131	132	133	134	135	136	137	138	139	140	141	142	143	144	145	146	147	148	150	154	155	156	158	160	161	162	163	164	165	166	167	168	169	170	173	174	175	178	180	181	182	183	184	185	186	187	188	189	190	191	192	193	194	195	198	199	203	204	205	206	207	211	212	213	214	215
13	16	17	21	24	26	27	29	30	31	32	34	35	37	38	39	41	42	43	45	48	49	50	51	52	54	55	56	57	59	60	61	62	63	64	65	66	67	68	69	70	71	72	74	75	76	77	78	79	82	83	84	86	87	89	90	91	92	93	94	95	96	97	99	100	101	102	103	104	105	106	107	108	109	110	111	112	113	114	115	116	117	118	119	120	121	122	123	124	125	126	127	128	130	132	134	135	136	137	138	139	140	141	142	144	145	146	147	148	149	150	151	152	153	154	155	156	157	158	159	160	161	162	163	164	165	166	167	168	169	170	171	172	173	174	175	176	177	181	182	183	184	185	186	187	188	189	190	191	192	193	194	195	196	197	198	199	200	201	202	203	204	205	206	207	208	210	212	213	214	215	216	217
13	16	17	18	24	26	27	29	30	31	32	34	35	36	37	38	39	40	41	45	48	49	50	51	52	53	54	55	56	57	59	60	61	62	63	64	65	66	67	68	70	71	72	73	74	75	76	77	78	82	83	84	86	87	88	89	90	91	92	93	94	95	96	97	98	99	100	101	102	103	104	105	106	107	109	110	111	112	113	114	115	116	117	118	119	120	121	123	124	125	126	127	128	130	131	132	134	135	136	137	138	140	141	142	143	144	145	146	147	148	149	150	151	152	153	154	155	156	157	158	159	160	161	162	163	164	166	167	168	169	170	171	172	173	174	175	176	177	178	180	181	182	183	185	186	187	188	190	191	192	193	194	195	196	197	198	199	200	201	202	203	204	205	206	207	208	209	210	212	214	215	216	217
13	15	19	20	24	25	27	29	30	31	33	34	35	36	37	39	40	42	43	45	47	49	50	51	52	53	54	55	57	58	59	60	61	62	63	64	65	66	68	69	70	71	72	73	74	75	76	78	79	80	84	85	86	87	88	89	90	91	92	93	94	95	96	97	98	99	100	101	102	103	105	106	107	108	109	110	111	112	113	114	115	116	117	118	119	120	122	123	124	125	126	127	128	130	131	133	134	136	137	138	139	140	141	142	143	144	145	146	147	148	149	150	151	152	153	154	155	156	157	158	159	160	161	162	164	165	166	167	168	169	170	171	172	173	174	175	176	179	180	181	182	183	184	185	186	188	189	190	191	192	193	194	195	196	197	198	199	200	201	202	203	204	205	206	207	208	210	212	213	214	215	216	217
13	15	18	19	24	25	27	29	30	31	33	34	35	36	38	39	40	41	42	45	47	49	50	51	52	53	55	57	58	59	60	61	62	63	64	65	66	67	68	69	70	71	72	73	74	76	77	78	79	80	84	85	86	87	88	90	91	92	93	94	95	96	97	98	99	101	102	103	104	105	106	107	108	109	110	111	112	113	114	115	116	117	118	119	120	121	122	123	124	125	126	127	128	130	131	133	135	136	137	138	139	140	141	142	143	144	146	147	148	149	150	151	152	153	154	155	156	157	158	159	160	161	162	163	164	165	166	167	168	169	170	171	172	173	174	175	176	178	179	180	181	183	184	186	187	188	189	190	191	192	193	194	195	196	197	198	199	200	201	202	203	204	205	206	207	208	210	211	212	214	215	216	217
13	15	17	21	24	25	27	29	30	31	32	34	35	36	38	39	41	42	43	45	47	49	50	51	52	53	55	56	57	59	60	61	62	63	64	65	66	67	68	69	70	71	72	74	75	76	77	78	79	80	83	84	86	87	88	90	91	92	93	94	95	96	97	99	100	101	102	103	104	105	106	107	108	109	110	111	112	113	114	115	116	117	118	119	120	121	122	123	124	125	126	127	128	129	130	131	135	136	137	138	139	140	141	142	144	145	146	147	148	149	150	151	152	153	154	155	156	157	158	159	160	161	162	163	164	165	166	167	168	169	170	171	172	173	174	175	176	177	178	179	181	184	185	186	187	188	189	190	191	192	193	194	195	196	197	198	199	200	201	202	203	204	205	206	207	208	210	211	212	214	215	216	217
13	15	17	20	24	25	27	29	30	31	32	34	35	36	37	38	39	40	43	45	47	49	50	51	52	53	54	55	56	57	59	60	61	62	63	64	65	66	67	68	70	71	72	73	74	75	76	78	79	80	83	84	86	87	88	89	90	91	92	93	94	95	96	97	98	99	100	101	102	103	104	105	106	107	109	110	111	112	113	114	115	116	117	118	119	120	122	123	124	125	126	127	128	129	130	131	134	135	136	137	138	140	141	142	143	144	145	146	147	148	149	150	151	152	153	154	155	156	157	158	159	160	161	162	164	165	166	167	168	169	170	171	172	173	174	175	176	177	178	179	180	181	182	185	186	188	189	190	191	192	193	194	195	196	197	198	199	200	201	202	203	204	205	206	207	208	209	210	212	214	215	216	217
13	14	16	18	24	26	27	28	29	30	31	32	33	35	36	37	38	40	41	45	46	48	49	50	52	53	54	55	56	57	58	59	60	61	62	63	64	65	66	67	68	69	70	71	73	74	75	76	78	81	82	83	84	85	87	88	89	90	91	92	93	94	95	96	98	99	100	101	102	103	104	105	106	107	108	109	110	111	112	113	114	115	116	117	118	119	120	121	122	123	124	126	127	130	131	132	133	134	135	136	137	138	139	140	141	143	144	145	146	147	148	149	150	151	152	153	155	156	157	158	159	160	161	162	163	164	165	166	167	168	169	170	171	172	173	174	175	177	178	180	181	182	183	184	185	186	187	188	189	190	191	193	194	195	196	197	198	199	201	202	203	204	205	206	207	208	209	210	212	213	214	216	217
13	14	15	21	24	25	27	28	29	30	31	32	33	34	35	36	41	42	43	45	46	47	49	50	51	52	53	55	56	57	58	59	60	61	62	63	64	65	66	67	68	69	70	71	72	74	75	78	79	80	81	83	84	85	86	87	88	90	91	92	93	94	95	96	97	99	100	101	102	103	104	105	106	107	108	109	110	111	112	113	114	115	116	117	118	119	120	121	122	124	125	126	127	129	130	131	132	133	135	136	137	138	139	140	141	142	144	145	146	147	148	149	150	151	153	154	155	156	157	158	159	160	161	162	163	164	165	166	167	168	169	170	171	172	173	174	175	177	178	179	181	182	183	184	185	186	187	188	189	191	192	193	194	195	196	197	198	199	201	202	203	204	205	206	207	208	210	211	212	213	214	216	217
13	14	15	18	24	25	27	28	29	30	31	32	33	34	35	36	38	40	41	45	46	47	49	50	51	52	53	55	56	57	58	59	60	61	62	63	64	65	66	67	68	69	70	71	72	73	74	76	78	80	81	83	84	85	86	87	88	90	91	92	93	94	95	96	97	98	99	101	102	103	104	105	106	107	108	109	110	111	112	113	114	115	116	117	118	119	120	121	122	123	124	125	126	129	130	131	132	133	135	136	137	138	139	140	141	142	143	144	146	147	148	149	150	151	152	153	154	155	157	158	159	160	161	162	163	164	165	166	167	168	169	170	171	172	173	174	175	177	178	179	180	181	182	183	184	186	187	188	189	190	191	192	193	195	196	197	198	199	201	202	203	204	205	206	207	208	209	210	211	212	214	216	217
12	15	18	19	22	25	27	28	29	31	33	34	35	36	38	39	40	41	42	44	45	46	50	51	52	53	55	57	58	59	60	61	62	63	64	65	66	67	68	69	70	71	72	73	74	76	77	78	79	80	81	82	84	85	88	90	91	92	93	94	95	96	97	98	99	101	102	103	104	105	106	107	108	109	110	111	112	113	114	115	116	117	118	119	120	121	122	123	124	125	126	127	128	130	131	132	133	134	135	136	137	138	139	141	142	144	146	147	148	149	150	151	152	153	154	155	156	157	158	159	160	161	162	163	164	165	166	167	168	169	170	171	172	173	174	175	176	178	179	180	181	182	183	184	185	186	187	188	189	191	192	194	195	196	197	198	199	200	201	202	203	204	205	206	207	208	210	211	212	213	214	216	217
12	15	17	20	22	25	27	28	29	30	32	34	35	36	37	38	39	40	43	44	45	46	49	51	52	53	54	55	56	57	58	59	60	61	62	63	64	66	67	68	70	71	72	73	74	75	76	78	79	80	81	82	83	84	85	86	89	90	91	92	94	95	96	97	98	99	100	101	102	103	104	105	106	107	108	109	110	111	112	113	114	116	117	118	119	120	122	123	124	125	126	127	128	129	130	131	132	133	134	135	136	137	138	139	140	141	142	145	146	148	149	150	151	152	153	154	155	156	157	158	159	160	161	162	164	165	166	167	168	169	170	171	172	173	174	175	176	177	178	179	180	181	182	183	184	185	186	188	189	190	191	194	195	196	197	198	199	200	201	202	203	204	205	206	207	208	209	210	212	213	214	216	217
12	15	17	18	22	25	27	28	29	30	31	32	34	35	36	38	39	40	41	44	45	46	49	50	51	52	53	55	56	57	58	59	60	61	62	63	64	65	66	67	68	70	71	72	73	74	76	77	78	80	81	82	83	84	85	86	88	90	91	92	93	94	95	96	97	98	99	101	102	103	104	105	106	107	108	109	110	111	112	113	114	115	116	117	118	119	120	121	123	124	125	126	128	129	130	131	132	133	134	135	136	137	138	139	140	141	142	144	146	147	148	149	150	151	152	153	154	155	157	158	159	160	161	162	163	164	165	166	167	168	169	170	171	172	173	175	176	177	178	179	180	181	182	183	184	185	186	187	188	189	190	191	192	195	196	197	198	200	201	202	203	204	205	206	207	208	209	210	211	212	214	216	217
11	13	18	19	23	24	25	26	27	29	30	31	33	36	38	39	40	41	42	44	45	47	48	49	50	51	52	53	54	55	57	58	59	60	61	62	63	64	65	67	68	69	71	72	74	76	77	78	79	80	81	82	84	85	86	87	88	89	90	91	92	93	94	95	96	97	98	99	100	102	103	104	105	106	107	108	109	110	111	112	113	114	115	116	118	119	120	121	122	124	125	127	128	130	131	132	133	134	135	136	137	138	139	140	141	142	143	144	145	146	147	148	149	150	151	152	153	154	155	156	158	159	160	161	162	163	164	165	166	167	168	169	170	172	173	174	175	178	179	180	181	182	183	184	185	186	187	188	189	190	191	192	193	194	195	196	197	198	199	200	202	203	204	205	206	207	210	211	212	213	214	215	216
11	13	17	20	23	24	25	26	27	29	30	31	32	34	37	38	39	40	43	44	45	47	48	49	50	51	52	53	54	55	56	57	59	60	61	62	63	64	65	66	67	68	70	71	72	75	76	78	79	80	81	82	83	84	86	87	88	89	90	91	92	93	94	95	96	97	98	99	100	101	102	103	104	105	106	107	109	110	111	112	113	114	115	116	117	118	119	120	122	123	124	127	128	129	130	131	132	133	134	135	136	137	138	140	141	142	143	144	145	146	147	148	149	150	151	152	153	154	155	156	157	158	159	160	161	162	164	165	166	167	168	169	170	171	172	174	175	177	178	179	180	181	182	183	184	185	186	188	189	190	191	192	193	194	195	196	197	198	199	200	201	202	204	205	206	207	209	210	212	213	214	215	216
11	13	17	18	23	24	25	26	27	29	30	31	32	34	36	38	39	40	41	44	45	47	48	49	50	51	52	53	54	55	56	57	59	60	61	62	63	64	65	66	67	68	70	71	72	74	76	77	78	80	81	82	83	84	86	87	88	89	90	91	92	93	94	95	96	97	98	99	100	101	102	103	104	105	106	107	109	110	111	112	113	114	115	116	117	118	119	120	121	123	124	125	128	129	130	131	132	133	134	135	136	137	138	140	141	142	143	144	145	146	147	148	149	150	151	152	153	154	155	156	157	158	159	160	161	162	163	164	166	167	168	169	170	171	172	173	175	177	178	179	180	181	182	183	184	185	186	187	188	190	191	192	193	194	195	196	197	198	199	200	201	202	203	204	206	207	209	210	211	212	214	215	216
11	12	17	18	22	23	25	26	27	28	30	31	32	34	36	38	39	40	41	44	45	46	48	49	50	51	52	53	54	55	56	57	58	59	61	62	63	64	65	66	67	68	70	71	72	74	76	77	78	80	81	82	83	84	85	86	88	89	90	91	92	93	94	95	96	97	98	99	100	101	102	103	104	105	106	107	108	109	110	111	113	114	115	116	117	118	119	120	121	123	124	125	128	129	130	131	132	133	134	135	136	137	138	139	140	141	142	144	145	146	147	148	149	150	151	152	153	154	155	156	157	158	159	160	161	162	163	164	165	166	167	168	170	171	172	173	175	177	178	179	180	181	182	183	184	185	186	187	188	189	190	191	192	194	195	196	197	198	199	200	201	202	203	204	205	206	209	210	211	212	213	214	216
10	16	17	18	22	23	24	26	30	31	32	34	35	36	37	38	39	40	41	44	45	46	48	49	50	51	52	53	54	57	59	60	61	62	63	64	65	66	67	68	70	71	72	73	74	75	76	77	78	81	82	83	84	85	86	87	88	89	90	91	92	93	94	95	96	97	98	99	100	102	103	104	106	107	109	110	111	112	113	114	115	116	117	118	119	120	121	123	124	125	126	127	128	130	131	132	133	134	135	136	137	138	139	140	141	142	143	144	145	146	147	148	149	150	151	152	153	154	155	156	157	158	160	161	162	164	166	167	168	169	170	171	172	173	174	175	176	177	178	180	181	182	183	184	185	186	187	188	189	190	191	192	193	194	195	196	197	198	199	200	201	202	204	205	207	208	209	210	212	213	214	215	216
10	15	17	21	22	23	24	25	29	30	32	34	35	36	38	39	41	42	43	44	45	46	47	48	49	50	51	52	53	55	59	60	61	62	63	65	66	67	68	69	70	71	72	74	75	76	77	78	79	80	81	82	83	84	85	86	87	88	89	90	91	92	93	94	95	96	97	99	100	101	102	103	107	108	109	110	111	113	114	115	116	117	118	119	120	121	122	123	124	125	126	127	128	129	130	131	132	133	134	135	136	137	138	139	140	141	142	144	145	146	147	148	149	150	151	152	153	154	155	156	157	158	159	161	164	165	166	167	168	169	170	171	172	173	174	175	176	177	178	179	181	182	183	184	185	186	187	188	189	190	191	192	193	194	195	196	197	198	199	200	202	203	204	205	207	208	210	211	212	213	214	215	216
10	15	17	18	22	23	24	25	29	30	31	32	34	35	36	38	39	40	41	44	45	46	47	48	49	50	51	52	53	55	57	59	60	61	62	63	64	65	66	67	68	70	71	72	73	74	76	77	78	80	81	82	83	84	85	86	87	88	89	90	91	92	93	94	95	96	97	98	99	101	102	103	104	106	107	109	110	111	112	113	114	115	116	117	118	119	120	121	123	124	125	126	128	129	130	131	132	133	134	135	136	137	138	139	140	141	142	143	144	145	146	147	148	149	150	151	152	153	154	155	157	158	159	160	161	162	164	166	167	168	169	170	171	172	173	175	176	177	178	179	180	181	182	183	184	185	186	187	188	189	190	191	192	193	194	195	196	197	198	200	201	202	203	204	207	208	209	210	211	212	214	215	216
10	14	15	18	22	23	24	25	28	29	31	32	33	34	35	36	38	40	41	44	45	46	47	48	49	50	51	52	53	55	57	58	59	60	61	62	64	65	66	67	68	69	70	71	72	73	74	76	78	80	81	82	83	84	85	86	87	88	89	90	91	92	93	94	95	96	97	98	99	101	102	103	104	106	107	108	109	110	111	112	113	114	116	117	118	119	120	121	122	123	124	125	126	129	130	131	132	133	134	135	136	137	138	139	140	141	142	143	144	145	146	147	148	149	150	151	152	153	154	155	157	158	159	160	161	162	164	165	166	167	168	169	171	172	173	174	175	177	178	179	180	181	182	183	184	185	186	187	188	189	190	191	192	193	194	195	196	197	198	199	201	202	203	204	205	208	209	210	211	212	213	214	216
13	14	16	21	24	26	27	28	29	30	31	32	33	35	37	41	42	43	45	46	48	49	50	52	54	55	56	57	58	59	60	61	62	63	64	65	66	67	68	69	70	74	75	78	79	81	82	83	84	85	87	89	90	91	92	93	94	95	99	100	101	102	103	104	105	106	107	108	109	110	111	112	113	114	115	116	117	118	119	120	121	122	124	126	127	130	132	133	134	135	136	137	138	139	140	144	145	146	147	148	149	150	151	153	155	156	157	158	159	160	161	162	163	164	165	166	167	168	169	170	171	172	173	174	175	177	181	182	183	184	185	186	187	188	189	191	193	194	195	196	197	198	199	201	202	203	204	205	206	207	208	210	212	213	214	216	217
12	15	19	20	22	25	27	28	29	33	34	35	36	37	39	40	42	43	44	45	46	51	52	53	54	55	57	58	59	60	61	63	64	66	68	69	70	71	72	73	74	75	76	78	79	80	81	82	84	85	89	91	92	94	95	96	97	98	99	100	101	102	103	105	106	107	108	109	110	111	112	113	114	116	117	118	119	120	122	123	124	125	126	127	128	130	131	132	133	134	136	137	138	139	142	145	146	148	149	150	151	152	153	154	155	156	157	158	159	160	161	162	164	165	166	167	168	169	170	171	172	173	174	175	176	179	180	181	182	183	184	185	186	188	189	191	194	195	196	197	198	199	200	201	202	203	204	205	206	207	208	210	212	213	214	216	217
11	13	19	20	23	24	25	26	27	29	30	31	33	37	39	40	42	43	44	45	47	48	49	50	51	52	53	54	55	57	58	59	60	61	62	63	64	65	68	69	72	75	76	78	79	80	81	82	84	85	86	87	88	89	90	91	92	93	94	95	96	97	98	99	100	102	103	105	106	107	108	109	110	111	112	113	114	115	116	119	120	122	124	127	128	130	131	132	133	134	136	137	138	139	140	141	142	143	144	145	146	147	148	149	150	151	152	153	154	155	156	159	160	161	162	164	165	166	167	168	169	170	172	174	175	179	180	181	182	183	184	185	186	188	189	190	191	192	193	194	195	196	197	198	199	200	202	204	205	206	207	210	212	213	214	215	216
11	12	18	19	22	23	25	26	27	28	31	33	36	38	39	40	41	42	44	45	46	48	50	51	52	53	54	55	57	58	61	62	63	64	65	67	68	69	71	72	74	76	77	78	79	80	81	82	84	85	88	89	90	91	92	93	94	95	96	97	98	99	100	102	103	104	105	106	107	108	110	111	113	114	115	116	118	119	120	121	122	124	125	127	128	130	131	132	133	134	135	136	137	138	139	141	142	144	145	146	147	148	149	150	151	152	153	154	155	156	158	159	160	161	162	163	164	165	167	168	170	172	173	174	175	178	179	180	181	182	183	184	185	186	187	188	189	191	192	194	195	196	197	198	199	200	202	203	204	205	206	210	211	212	213	214	216
11	12	17	20	22	23	25	26	27	28	30	32	34	37	38	39	40	43	44	45	46	48	49	51	52	53	54	55	56	57	58	59	62	63	64	66	67	68	70	71	72	75	76	78	79	80	81	82	83	84	85	86	89	90	91	92	94	95	96	97	98	99	100	101	102	103	104	105	106	107	108	109	110	111	114	116	117	118	119	120	122	123	124	127	128	129	130	131	132	133	134	135	136	137	138	139	140	141	142	145	146	148	149	150	151	152	153	154	155	156	157	158	159	160	161	162	164	165	166	167	170	171	172	174	175	177	178	179	180	181	182	183	184	185	186	188	189	190	191	194	195	196	197	198	199	200	201	202	204	205	206	209	210	212	213	214	216
10	16	17	21	22	23	24	26	30	32	34	35	37	38	39	41	42	43	44	45	46	48	49	50	51	52	54	59	60	62	63	65	66	67	68	69	70	71	72	74	75	76	77	78	79	81	82	83	84	85	86	87	89	90	91	92	93	94	95	96	97	99	100	102	107	108	109	110	111	113	114	115	116	117	118	119	120	121	122	123	124	125	126	127	128	130	132	133	134	135	136	137	138	139	140	141	142	144	145	146	147	148	149	150	151	152	153	154	155	156	157	161	164	165	166	167	168	169	170	171	172	173	174	175	176	177	181	182	183	184	185	186	187	188	189	190	191	192	193	194	195	196	197	198	199	200	202	204	205	207	208	210	212	213	214	215	216
10	14	16	18	22	23	24	26	28	31	32	33	35	36	37	38	40	41	44	45	46	48	49	50	52	53	54	57	58	60	61	62	64	65	66	67	68	69	70	71	73	74	75	76	78	81	82	83	84	85	87	88	89	90	91	92	93	94	95	96	98	99	100	102	103	104	106	107	108	109	110	112	113	114	116	117	118	119	120	121	122	123	124	126	127	130	131	132	133	134	135	136	137	138	139	140	141	143	144	145	146	147	148	149	150	151	152	153	155	156	157	158	160	161	162	164	165	166	167	169	171	172	173	174	175	177	178	180	181	182	183	184	185	186	187	188	189	190	191	193	194	195	196	197	198	199	201	202	204	205	208	209	210	212	213	214	216
10	14	15	21	22	23	24	25	28	29	32	33	34	35	36	41	42	43	44	45	46	47	48	49	50	51	52	53	55	58	59	60	61	65	66	67	68	69	70	71	72	74	75	78	79	80	81	82	83	84	85	86	87	88	89	90	91	92	93	94	95	96	97	99	100	101	102	103	107	108	109	110	111	113	116	117	118	119	120	121	122	124	125	126	127	129	130	131	132	133	134	135	136	137	138	139	140	141	142	144	145	146	147	148	149	150	151	153	154	155	156	157	158	159	161	164	165	167	168	169	171	172	173	174	175	177	178	179	181	182	183	184	185	186	187	188	189	191	192	193	194	195	196	197	198	199	202	203	204	205	208	210	211	212	213	214	216
13	14	16	19	24	26	27	28	29	30	31	32	33	35	37	39	42	45	46	48	49	50	52	54	55	56	57	58	59	60	61	62	63	64	65	66	67	68	69	70	72	75	79	81	82	83	84	85	87	89	90	91	92	93	94	95	97	100	101	102	103	104	105	106	107	108	109	110	111	112	113	114	115	116	117	118	119	120	121	122	124	127	130	132	133	134	135	136	137	138	139	140	142	145	146	147	148	149	150	151	153	156	157	158	159	160	161	162	163	164	165	166	167	168	169	170	171	172	173	174	175	177	179	182	183	184	185	186	187	188	189	191	194	195	196	197	198	199	201	202	203	204	205	206	207	208	210	213	214	216	217
12	15	20	21	22	25	27	28	29	34	35	36	37	40	41	42	43	44	45	46	51	52	53	54	55	57	58	59	60	61	64	65	66	69	70	71	72	73	74	75	76	78	79	80	81	82	84	85	89	92	93	94	95	96	97	98	99	100	101	102	103	106	107	108	109	110	111	112	113	114	116	117	118	119	120	122	123	124	125	126	127	128	130	131	132	133	134	137	138	139	144	145	146	148	149	150	151	152	153	154	155	156	157	158	159	160	161	162	164	165	166	167	168	169	170	171	172	173	174	175	176	180	181	182	183	184	185	186	188	189	193	194	195	196	197	198	199	200	201	202	203	204	205	206	207	208	212	213	214	216	217
11	14	18	19	23	25	26	28	31	32	33	36	38	39	40	41	42	44	46	48	50	51	52	53	54	57	58	61	62	63	64	65	66	67	68	69	71	72	74	76	77	78	79	81	82	84	85	88	89	90	91	92	93	94	95	96	97	98	99	100	103	104	105	106	107	108	110	111	113	114	115	116	117	118	119	120	121	122	124	125	127	128	131	132	133	134	135	136	137	138	139	141	142	144	145	146	147	148	149	150	151	152	153	154	155	156	158	159	161	162	163	164	165	167	168	170	171	172	173	174	175	178	179	181	182	183	184	185	186	187	188	189	191	192	194	195	196	197	198	199	200	202	203	205	206	208	210	211	213	214	216
11	14	16	18	23	25	26	28	31	32	33	35	36	37	38	40	41	44	46	48	50	51	52	53	54	57	58	60	61	62	64	65	66	67	68	69	70	71	73	74	75	76	78	81	82	84	85	87	88	89	90	92	93	94	95	96	97	98	99	100	102	103	104	106	107	108	109	110	112	113	114	116	117	118	119	120	121	122	123	124	126	127	130	131	132	133	134	135	137	138	139	140	141	143	144	145	146	148	149	150	151	152	153	154	155	156	157	158	160	161	162	164	165	166	167	169	171	172	173	174	175	177	178	180	181	182	183	184	185	186	188	189	190	191	193	194	196	197	198	199	200	201	202	204	205	208	209	210	212	213	216
11	13	16	19	23	24	25	26	27	29	30	31	33	35	37	39	42	44	45	47	48	49	50	51	52	53	54	55	57	58	59	60	61	62	63	64	65	68	69	70	72	75	79	80	81	82	84	85	86	87	88	89	90	91	92	93	94	95	96	97	98	99	100	102	103	105	106	107	108	109	110	111	112	113	114	115	116	117	119	122	124	127	130	131	132	133	134	136	137	138	139	140	141	142	143	144	145	146	147	148	149	150	151	152	153	154	155	156	157	159	160	161	164	165	166	167	168	169	170	172	174	177	179	180	181	182	183	184	185	188	189	190	191	192	193	194	195	196	197	198	199	200	202	204	205	207	210	212	213	215	216
10	17	20	21	22	23	24	30	32	34	37	38	39	40	41	42	43	44	45	46	48	49	50	51	54	59	62	63	64	65	66	67	68	69	70	71	72	74	75	76	77	78	79	81	82	83	84	85	86	89	90	91	92	93	94	95	96	97	99	100	106	107	108	109	110	111	113	114	115	116	117	118	119	120	121	122	123	124	125	126	127	128	132	133	134	135	136	137	138	139	140	141	142	144	145	146	147	148	149	150	151	152	153	154	155	156	161	162	164	165	166	167	168	169	170	171	172	173	174	175	176	181	182	183	184	185	186	187	188	189	190	191	192	193	194	195	196	197	198	199	200	204	205	206	207	208	212	213	214	215	216
10	12	17	20	22	23	24	27	28	30	32	34	37	38	39	40	43	44	45	46	48	49	50	51	54	55	56	57	58	59	62	63	64	66	67	68	70	71	72	75	76	78	79	80	81	82	83	84	85	86	89	90	91	92	93	94	95	96	97	100	101	102	103	104	105	106	107	108	109	110	111	114	116	117	118	119	120	122	123	124	127	128	129	130	131	132	133	134	135	136	137	138	139	140	141	142	145	146	147	148	149	150	151	152	153	156	157	158	159	160	161	162	164	165	166	167	170	171	172	174	175	177	178	179	180	181	182	183	184	185	186	187	188	189	190	191	194	195	196	197	199	201	202	204	205	206	209	210	212	213	214
10	12	15	21	22	23	24	25	27	28	29	34	35	36	41	42	43	44	45	46	47	48	49	50	51	52	53	55	57	58	59	60	61	65	66	69	70	71	72	74	75	78	79	80	81	82	83	84	85	86	87	88	89	90	91	92	93	94	95	96	97	99	100	101	102	103	106	107	108	109	110	111	113	116	117	118	119	122	124	125	126	127	129	130	131	132	133	134	135	136	137	138	139	140	141	142	144	145	146	147	148	149	150	151	153	154	155	156	157	158	159	160	161	164	165	167	168	169	172	173	174	177	178	179	180	181	182	183	184	185	186	187	188	189	191	192	193	194	195	197	198	199	202	203	204	205	210	211	212	213	214
12	15	16	21	22	25	26	27	28	29	34	35	36	37	41	42	43	44	45	46	48	51	52	53	54	55	57	58	59	60	61	65	66	69	70	71	72	73	74	75	78	79	80	81	82	84	85	87	89	93	94	95	96	97	98	99	100	101	102	103	106	107	108	109	110	111	112	113	116	117	118	119	122	123	124	125	126	127	130	131	132	133	134	137	138	139	140	144	145	148	149	150	151	152	153	154	155	156	157	158	159	160	161	164	165	166	167	168	169	171	172	173	174	176	177	180	181	182	183	184	185	188	189	191	193	194	196	197	198	199	200	201	202	203	204	205	207	208	210	212	213	216	217
12	15	16	19	22	25	26	27	28	29	33	34	35	36	37	39	42	44	45	46	48	51	52	53	54	55	57	58	59	60	61	63	66	68	69	70	71	72	73	74	75	79	80	81	82	84	85	87	89	91	94	95	96	97	98	99	100	101	102	103	105	106	107	108	109	110	111	112	113	117	118	119	122	123	124	125	126	127	130	131	132	133	134	136	137	138	139	140	142	145	149	150	151	152	153	154	155	156	157	158	159	160	161	164	165	166	167	168	169	171	172	173	174	176	177	179	180	181	182	183	184	185	188	189	191	194	196	197	198	199	200	201	202	203	204	205	207	208	210	212	213	216	217
12	13	16	21	22	24	26	27	28	29	30	31	35	37	41	42	43	44	45	46	48	49	50	52	54	55	56	57	58	59	60	61	62	63	64	65	69	70	74	75	78	79	80	81	82	83	84	85	87	89	90	91	92	93	95	99	100	101	102	103	104	105	106	107	108	109	110	111	112	113	114	115	116	117	122	124	126	127	130	131	132	133	134	135	136	137	138	139	140	144	145	146	147	148	149	153	155	156	157	158	159	160	161	162	163	164	165	166	167	168	169	170	172	174	177	180	181	182	183	184	185	186	187	188	189	191	193	194	195	197	199	201	202	203	204	205	206	207	210	212	213	214	217
12	13	16	19	22	24	26	27	28	29	30	31	33	35	37	39	42	44	45	46	48	49	50	52	54	55	56	57	58	59	60	61	62	63	64	65	68	69	70	72	75	79	80	81	82	83	84	85	87	89	90	91	92	93	95	97	100	101	102	103	104	105	106	107	108	109	110	111	112	113	114	115	116	117	119	122	124	127	130	131	132	133	134	135	136	137	138	139	140	142	145	146	147	148	149	151	153	156	157	158	159	160	161	162	163	164	165	166	167	168	169	170	172	174	177	179	180	181	182	183	184	185	186	187	188	189	191	194	195	197	199	201	202	203	204	205	206	207	210	212	213	214	217
11	14	18	21	23	25	26	28	31	32	33	36	38	40	41	42	43	44	46	48	50	51	52	53	54	57	58	61	62	64	65	66	67	68	69	71	74	75	76	77	78	79	81	82	84	85	88	89	90	92	93	94	95	96	97	98	99	100	103	104	106	107	108	110	113	114	115	116	117	118	119	120	121	122	125	126	127	128	131	132	133	134	135	137	138	139	141	144	145	146	147	148	149	150	151	152	153	154	155	156	158	161	162	163	164	165	168	169	170	171	172	173	174	175	178	181	182	183	184	185	186	187	188	189	192	193	194	195	196	197	198	199	200	203	204	205	206	208	211	212	213	214	216
11	14	18	20	23	25	26	28	31	32	33	36	37	38	40	41	43	44	46	48	50	51	52	53	54	57	58	61	62	64	65	66	67	68	69	71	73	74	75	76	78	79	81	82	84	85	88	89	90	92	93	94	95	96	97	98	99	100	103	104	106	107	108	110	112	113	114	116	117	118	119	120	121	122	123	126	127	128	131	132	133	134	135	137	138	139	141	143	144	145	146	148	149	150	151	152	153	154	155	156	158	160	161	162	164	165	166	169	170	171	172	173	174	175	178	180	181	182	183	184	185	186	188	189	190	193	194	195	196	197	198	199	200	201	204	205	206	208	209	212	213	214	216
11	14	17	20	23	25	26	28	30	32	33	34	37	38	39	40	43	44	46	48	49	51	52	53	54	56	58	59	62	63	64	66	67	68	69	70	71	72	75	76	78	79	81	82	83	85	86	89	90	91	92	94	95	96	97	98	99	100	101	104	105	106	108	109	110	111	114	116	117	118	119	120	121	122	123	124	127	128	129	132	133	134	135	136	137	139	140	141	142	145	146	148	149	150	151	152	153	154	155	156	157	158	159	162	164	165	166	167	170	171	172	173	174	175	177	178	179	182	183	184	185	186	188	189	190	191	194	195	196	197	198	199	200	201	202	205	206	208	209	210	213	214	216
11	14	15	21	23	25	26	28	29	32	33	34	35	36	41	42	43	44	46	47	48	51	52	53	54	55	58	59	60	61	65	66	67	68	69	70	71	72	74	75	78	79	80	81	82	85	86	87	88	89	93	94	95	96	97	98	99	100	101	102	103	107	108	109	110	111	113	116	117	118	119	120	121	122	124	125	126	127	129	130	131	132	133	134	138	139	140	141	142	144	145	148	149	150	151	152	153	154	155	156	157	158	159	161	164	165	167	168	169	171	172	173	174	175	177	178	179	181	182	183	184	185	188	189	191	192	193	194	196	197	198	199	200	202	203	204	205	208	210	211	212	213	216
11	12	18	21	22	23	25	26	27	28	31	36	38	40	41	42	43	44	45	46	48	50	51	52	53	54	55	57	58	61	62	64	65	67	69	71	74	75	76	77	78	79	80	81	82	84	85	88	89	90	92	93	94	95	96	97	98	99	100	102	103	104	106	107	108	110	113	114	115	116	118	120	121	122	125	126	127	128	130	131	132	133	134	135	137	138	139	141	144	145	146	147	148	149	150	151	152	153	154	155	156	158	160	161	162	163	164	165	168	169	170	173	174	175	178	180	181	182	183	184	185	186	187	188	189	192	193	194	195	196	197	198	199	200	203	204	205	206	211	212	213	214	216
11	12	15	21	22	23	25	26	27	28	29	34	35	36	41	42	43	44	45	46	47	48	51	52	53	54	55	57	58	59	60	61	65	66	69	70	71	72	74	75	78	79	80	81	82	84	85	86	87	88	89	93	94	95	96	97	98	99	100	101	102	103	106	107	108	109	110	111	113	116	117	118	119	122	124	125	126	127	129	130	131	132	133	134	137	138	139	140	141	142	144	145	148	149	150	151	152	153	154	155	156	157	158	159	160	161	164	165	167	168	169	172	173	174	177	178	179	180	181	182	183	184	185	188	189	191	192	193	194	196	197	198	199	200	202	203	204	205	210	211	212	213	216
10	17	19	20	22	23	24	30	32	33	34	37	38	39	40	42	43	44	45	46	48	49	50	51	54	58	59	62	63	64	66	67	68	69	70	71	72	75	76	77	78	79	81	82	83	84	85	86	89	90	91	92	93	94	95	96	97	100	105	106	108	109	110	111	114	115	116	117	118	119	120	121	122	123	124	125	127	128	132	133	134	135	136	137	138	139	140	141	142	145	146	147	148	149	150	151	152	153	154	156	159	162	164	165	166	167	168	170	171	172	173	174	175	176	179	182	183	184	185	186	187	188	189	190	191	192	194	195	196	197	198	199	200	202	205	206	207	208	210	213	214	215	216
10	16	17	19	22	23	24	26	30	32	33	34	35	37	38	39	42	44	45	46	48	49	50	51	52	54	58	59	60	62	63	66	67	68	69	70	71	72	75	76	77	79	81	82	83	84	85	86	87	89	90	91	92	93	94	95	96	97	100	102	105	108	109	110	111	114	115	117	118	119	120	121	122	123	124	125	127	128	130	132	133	134	135	136	137	138	139	140	141	142	145	146	147	148	149	150	151	152	153	154	156	157	159	165	166	167	168	170	171	172	173	174	175	176	177	179	182	183	184	185	186	187	188	189	190	191	192	194	195	196	197	198	199	200	202	205	207	208	210	213	214	215	216
10	14	18	20	22	23	24	28	31	32	33	36	37	38	40	41	43	44	45	46	48	49	50	53	54	57	58	61	62	64	65	66	67	68	69	71	73	74	75	76	78	79	81	82	83	84	85	88	89	90	91	92	93	94	96	98	99	100	103	104	106	107	108	110	112	113	114	116	117	118	119	120	121	122	123	126	127	128	131	132	133	134	135	136	137	138	139	141	143	144	145	146	147	148	149	150	151	152	155	156	158	160	161	162	164	165	166	169	170	171	172	173	174	175	178	180	181	182	183	184	185	186	187	188	189	190	193	194	195	196	197	198	199	201	204	205	206	208	209	212	213	214	216
10	14	17	20	22	23	24	28	30	32	33	34	37	38	39	40	43	44	45	46	48	49	50	51	54	56	58	59	62	63	64	66	67	68	69	70	71	72	75	76	78	79	81	82	83	84	85	86	89	90	91	92	93	94	95	96	97	100	101	104	105	106	108	109	110	111	114	116	117	118	119	120	121	122	123	124	127	128	129	132	133	134	135	136	137	138	139	140	141	142	145	146	147	148	149	150	151	152	153	156	157	158	159	162	164	165	166	167	170	171	172	173	174	175	177	178	179	182	183	184	185	186	187	188	189	190	191	194	195	196	197	198	199	201	202	205	206	208	209	210	213	214	216
10	13	19	20	22	23	24	27	29	30	31	33	37	39	40	42	43	44	45	46	47	48	49	50	54	55	57	58	59	60	61	62	63	64	65	68	69	72	75	76	78	79	80	81	82	83	84	85	86	87	88	89	90	91	92	93	97	100	102	103	105	106	107	108	109	110	111	112	113	114	115	116	119	120	122	124	127	128	130	131	132	133	134	135	136	137	138	139	140	141	142	143	144	145	146	147	148	151	153	156	159	160	161	162	164	165	166	167	168	169	170	172	174	175	179	180	181	182	183	184	185	186	187	188	189	190	191	192	193	194	195	197	199	202	204	205	206	207	210	212	213	214	215
10	13	16	19	22	23	24	26	27	29	30	31	33	35	37	39	42	44	45	46	47	48	49	50	52	54	55	57	58	59	60	61	62	63	64	65	68	69	70	72	75	79	80	81	82	83	84	85	86	87	88	89	90	91	92	93	95	97	100	102	103	105	106	107	108	109	110	111	112	113	114	115	116	117	119	122	124	127	130	131	132	133	134	135	136	137	138	139	140	141	142	143	144	145	146	147	148	149	151	153	156	157	159	160	161	164	165	166	167	168	169	170	172	174	177	179	180	181	182	183	184	185	186	187	188	189	190	191	192	193	194	195	197	199	202	204	205	207	210	212	213	214	215
11	14	20	21	23	25	26	28	32	33	37	40	41	42	43	44	46	48	51	52	53	54	58	64	65	66	67	68	69	74	75	76	78	79	81	82	85	89	92	93	94	95	96	97	98	99	100	106	107	108	113	114	116	117	118	119	120	121	122	126	127	128	132	133	134	137	138	139	144	145	146	148	149	150	151	152	153	154	155	156	161	162	164	165	169	170	171	172	173	174	175	181	182	183	184	185	186	188	189	193	194	195	196	197	198	199	200	204	205	206	208	212	213	214	216
11	14	19	20	23	25	26	28	32	33	37	39	40	42	43	44	46	48	51	52	53	54	58	63	64	66	67	68	69	72	75	76	78	79	81	82	85	89	91	92	94	95	96	97	98	99	100	105	106	108	111	114	116	117	118	119	120	121	122	124	127	128	132	133	134	136	137	139	142	145	146	148	149	150	151	152	153	154	155	156	159	162	164	165	167	170	171	172	173	174	175	179	182	183	184	185	186	188	189	191	194	195	196	197	198	199	200	202	205	206	208	210	213	214	216
11	14	16	21	23	25	26	28	32	33	35	37	41	42	43	44	46	48	51	52	53	54	58	60	65	66	67	68	69	70	74	75	78	79	81	82	85	87	89	93	94	95	96	97	98	99	100	102	107	108	109	113	116	117	118	119	120	121	122	124	126	127	130	132	133	134	138	139	140	144	145	148	149	150	151	152	153	154	155	156	157	161	164	165	167	169	171	172	173	174	175	177	181	182	183	184	185	188	189	191	193	194	196	197	198	199	200	202	204	205	208	210	212	213	216
11	12	20	21	22	23	25	26	27	28	37	40	41	42	43	44	45	46	48	51	52	53	54	55	57	58	64	65	69	74	75	76	78	79	80	81	82	84	85	89	92	93	94	95	96	97	98	99	100	102	103	106	107	108	113	114	116	120	122	126	127	128	130	131	132	133	134	137	138	139	144	145	146	148	149	150	151	152	153	154	155	156	160	161	162	164	165	169	170	174	175	180	181	182	183	184	185	186	188	189	193	194	195	196	197	198	199	200	204	205	206	212	213	214	216
11	12	16	21	22	23	25	26	27	28	35	37	41	42	43	44	45	46	48	51	52	53	54	55	57	58	60	65	69	70	74	75	78	79	80	81	82	84	85	87	89	93	94	95	96	97	98	99	100	102	103	106	107	108	109	113	116	117	122	124	126	127	130	131	132	133	134	137	138	139	140	144	145	148	149	150	151	152	153	154	155	156	157	160	161	164	165	167	169	172	174	177	180	181	182	183	184	185	188	189	191	193	194	196	197	198	199	200	202	204	205	210	212	213	216
11	12	16	19	22	23	25	26	27	28	33	35	37	39	42	44	45	46	48	51	52	53	54	55	57	58	60	63	68	69	70	72	75	79	80	81	82	84	85	87	89	91	94	95	96	97	98	99	100	102	103	105	106	107	108	109	111	117	119	122	124	127	130	131	132	133	134	136	137	138	139	140	142	145	149	150	151	152	153	154	155	156	157	159	160	161	164	165	167	172	174	177	179	180	181	182	183	184	185	188	189	191	194	196	197	198	199	200	202	204	205	210	212	213	216
10	14	20	21	22	23	24	28	32	33	37	40	41	42	43	44	45	46	48	49	50	54	58	64	65	66	67	68	69	74	75	76	78	79	81	82	83	84	85	89	90	91	92	93	94	99	100	106	107	108	113	114	116	117	118	119	120	121	122	126	127	128	132	133	134	135	136	137	138	139	144	145	146	147	148	149	150	151	155	156	161	162	164	165	169	170	171	172	173	174	175	181	182	183	184	185	186	187	188	189	193	194	195	196	197	198	199	204	205	206	208	212	213	214	216
10	14	19	20	22	23	24	28	32	33	37	39	40	42	43	44	45	46	48	49	50	54	58	63	64	66	67	68	69	72	75	76	78	79	81	82	83	84	85	89	90	91	92	93	94	97	100	105	106	108	111	114	116	117	118	119	120	121	122	124	127	128	132	133	134	135	136	137	138	139	142	145	146	147	148	149	150	151	153	156	159	162	164	165	167	170	171	172	173	174	175	179	182	183	184	185	186	187	188	189	191	194	195	196	197	198	199	202	205	206	208	210	213	214	216
10	14	16	19	22	23	24	26	28	32	33	35	37	39	42	44	45	46	48	49	50	52	54	58	60	63	66	67	68	69	70	72	75	79	81	82	83	84	85	87	89	90	91	92	93	94	95	97	100	102	105	108	109	111	117	118	119	120	121	122	124	127	130	132	133	134	135	136	137	138	139	140	142	145	146	147	148	149	150	151	153	156	157	159	165	167	171	172	173	174	175	177	179	182	183	184	185	186	187	188	189	191	194	195	196	197	198	199	202	205	208	210	213	214	216
10	12	19	20	22	23	24	27	28	33	37	39	40	42	43	44	45	46	48	49	50	54	55	57	58	63	64	68	69	72	75	76	78	79	80	81	82	83	84	85	89	90	91	92	93	97	100	102	103	105	106	107	108	111	114	116	119	120	122	124	127	128	130	131	132	133	134	135	136	137	138	139	142	145	146	147	148	151	153	156	159	160	161	162	164	165	167	170	172	174	175	179	180	181	182	183	184	185	186	187	188	189	191	194	195	197	199	202	204	205	206	210	212	213	214
10	12	16	21	22	23	24	26	27	28	35	37	41	42	43	44	45	46	48	49	50	52	54	55	57	58	60	65	69	70	74	75	78	79	80	81	82	83	84	85	87	89	90	91	92	93	95	99	100	102	103	106	107	108	109	113	116	117	122	124	126	127	130	131	132	133	134	135	136	137	138	139	140	144	145	146	147	148	149	153	155	156	157	160	161	164	165	167	169	172	174	177	180	181	182	183	184	185	186	187	188	189	191	193	194	195	197	199	202	204	205	210	212	213	214
10	12	16	19	22	23	24	26	27	28	33	35	37	39	42	44	45	46	48	49	50	52	54	55	57	58	60	63	68	69	70	72	75	79	80	81	82	83	84	85	87	89	90	91	92	93	95	97	100	102	103	105	106	107	108	109	111	117	119	122	124	127	130	131	132	133	134	135	136	137	138	139	140	142	145	146	147	148	149	151	153	156	157	159	160	161	164	165	167	172	174	177	179	180	181	182	183	184	185	186	187	188	189	191	194	195	197	199	202	204	205	210	212	213	214
11	14	16	19	23	25	26	28	32	33	35	37	39	42	44	46	48	51	52	53	54	58	60	63	66	67	68	69	70	72	75	79	81	82	85	87	89	91	94	95	96	97	98	99	100	102	105	108	109	111	117	118	119	120	121	122	124	127	130	132	133	134	136	139	140	142	145	149	150	151	152	153	154	155	156	157	159	165	167	171	172	173	174	175	177	179	182	183	184	185	189	191	194	196	197	198	199	200	202	205	208	210	213	216
10	12	20	21	22	23	24	27	28	37	40	41	42	43	44	45	46	48	49	50	54	55	57	58	64	65	69	74	75	76	78	79	80	81	82	83	84	85	89	90	91	92	93	99	100	102	103	106	107	108	113	114	116	120	122	126	127	128	130	131	132	133	134	135	136	137	138	139	144	145	146	147	148	155	156	160	161	162	164	165	169	170	174	175	180	181	182	183	184	185	186	187	188	189	193	194	195	199	204	205	206	212	213	214
11	12	19	20	22	23	25	26	27	28	33	37	39	40	42	43	44	45	46	48	51	52	53	54	55	57	58	63	64	68	69	72	75	76	78	79	80	81	82	84	85	89	91	92	94	95	96	97	98	99	100	102	103	105	106	107	108	111	114	116	119	120	122	124	127	128	130	131	132	133	134	136	137	138	139	142	145	146	148	149	150	151	152	153	154	155	156	159	160	161	162	164	165	167	170	172	174	175	179	180	181	182	183	184	185	186	188	189	191	194	195	196	197	198	199	200	202	204	205	206	210	212	213	214	216
10	14	16	21	22	23	24	26	28	32	33	35	37	41	42	43	44	45	46	48	49	50	52	54	58	60	65	66	67	68	69	70	74	75	78	79	81	82	83	84	85	87	89	90	91	92	93	94	95	99	100	102	107	108	109	113	116	117	118	119	120	121	122	124	126	127	130	132	133	134	135	136	137	138	139	140	144	145	146	147	148	149	150	151	153	155	156	157	161	164	165	167	169	171	172	173	174	175	177	181	182	183	184	185	186	187	188	189	191	193	194	195	196	197	198	199	202	204	205	208	210	212	213	214	216
